txn_id,customer_id,counterparty_id,account_id,product_type,channel,amount,currency,amount_base,country_origin,country_dest,mcc,is_foreign,dt,label,hour,dow,sum_amt_prev3,cnt_prev3,sum_amt_prev10,cnt_prev10,sum_amt_prev30,cnt_prev30,new_counterparty_flag
acct_345,cust_1,bank,acct_main_cust_1,ACCOUNT_EVENT,online,45.42,BND,45.42,BN,BN,,False,2025-02-15 09:00:00,0,9,5,16.97,3.0,692.31,10.0,1584.68,30.0,True
acct_420,cust_10,bank,acct_main_cust_10,ACCOUNT_EVENT,online,163.56,BND,163.56,BN,BN,,False,2025-02-18 12:00:00,0,12,1,62.28999999999978,3.0,711.9499999999999,10.0,3842.47,30.0,True
acct_355,cust_100,cash,acct_main_cust_100,ACCOUNT_EVENT,branch,28.04,BND,28.04,BN,BN,,False,2025-02-15 19:00:00,0,19,5,9.480000000000055,3.0,1047.8000000000002,10.0,3025.36,30.0,True
acct_328,cust_1000,bank,acct_main_cust_1000,ACCOUNT_EVENT,online,224.46,BND,224.46,BN,BN,,False,2025-02-14 16:00:00,0,16,4,7.82,3.0,110.13,10.0,1821.44,30.0,True
acct_265,cust_1005,bank,acct_main_cust_1005,ACCOUNT_EVENT,online,112.36,BND,112.36,BN,BN,,False,2025-02-12 01:00:00,0,1,2,112.88,3.0,2041.07,10.0,3109.35,30.0,True
acct_180,cust_1008,bank,acct_main_cust_1008,ACCOUNT_EVENT,online,115.59,BND,115.59,BN,BN,,False,2025-02-08 12:00:00,0,12,5,10.37,3.0,965.95,10.0,2767.53,30.0,True
acct_5,cust_1009,bank,acct_main_cust_1009,ACCOUNT_EVENT,online,19.67,BND,19.67,BN,BN,,False,2025-02-01 05:00:00,0,5,5,320.75,3.0,862.28,10.0,3032.4300000000003,30.0,True
acct_590,cust_1010,bank,acct_main_cust_1010,ACCOUNT_EVENT,online,101.95,BND,101.95,BN,BN,,False,2025-02-25 14:00:00,0,14,1,35.27000000000002,3.0,146.15,10.0,1486.02,30.0,True
acct_518,cust_1014,cash,acct_main_cust_1014,ACCOUNT_EVENT,branch,38.38,BND,38.38,BN,BN,,False,2025-02-22 14:00:00,0,14,5,211.22,3.0,319.4,10.0,3092.7000000000003,30.0,True
acct_215,cust_1015,cash,acct_main_cust_1015,ACCOUNT_EVENT,branch,55.15,BND,55.15,BN,BN,,False,2025-02-09 23:00:00,0,23,6,53.78000000000023,3.0,611.99,10.0,2842.84,30.0,True
acct_13,cust_1019,bank,acct_main_cust_1019,ACCOUNT_EVENT,online,26.11,BND,26.11,BN,BN,,False,2025-02-01 13:00:00,0,13,5,97.57,3.0,1371.92,10.0,3866.23,30.0,True
acct_138,cust_1020,cash,acct_main_cust_1020,ACCOUNT_EVENT,branch,34.13,BND,34.13,BN,BN,,False,2025-02-06 18:00:00,0,18,3,334.12000000000006,3.0,980.48,10.0,2783.25,30.0,True
acct_146,cust_1020,bank,acct_main_cust_1020,ACCOUNT_EVENT,online,41.19,BND,41.19,BN,BN,,False,2025-02-07 02:00:00,0,2,4,86.18000000000006,3.0,1007.12,10.0,2815.59,30.0,True
acct_100,cust_1029,bank,acct_main_cust_1029,ACCOUNT_EVENT,online,53.34,BND,53.34,BN,BN,,False,2025-02-05 04:00:00,0,4,2,303.15000000000003,3.0,686.1100000000001,10.0,2215.52,30.0,True
acct_473,cust_1035,cash,acct_main_cust_1035,ACCOUNT_EVENT,branch,117.22,BND,117.22,BN,BN,,False,2025-02-20 17:00:00,0,17,3,165.91,3.0,339.67,10.0,2798.21,30.0,True
acct_571,cust_1042,cash,acct_main_cust_1042,ACCOUNT_EVENT,branch,34.18,BND,34.18,BN,BN,,False,2025-02-24 19:00:00,0,19,0,57.7,3.0,484.05,10.0,1174.79,30.0,True
acct_195,cust_1043,bank,acct_main_cust_1043,ACCOUNT_EVENT,online,98.84,BND,98.84,BN,BN,,False,2025-02-09 03:00:00,0,3,6,104.51,3.0,1347.29,10.0,4413.24,30.0,True
acct_599,cust_1050,bank,acct_main_cust_1050,ACCOUNT_EVENT,online,22.52,BND,22.52,BN,BN,,False,2025-02-25 23:00:00,0,23,1,257.16,3.0,636.4399999999999,10.0,5045.93,30.0,True
acct_477,cust_106,cash,acct_main_cust_106,ACCOUNT_EVENT,branch,59.22,BND,59.22,BN,BN,,False,2025-02-20 21:00:00,0,21,3,150.91,3.0,459.46,10.0,1863.62,30.0,True
acct_643,cust_1060,cash,acct_main_cust_1060,ACCOUNT_EVENT,branch,181.65,BND,181.65,BN,BN,,False,2025-02-27 19:00:00,0,19,3,16.170000000000016,3.0,229.73,10.0,2457.57,30.0,True
acct_381,cust_1061,bank,acct_main_cust_1061,ACCOUNT_EVENT,online,85.96,BND,85.96,BN,BN,,False,2025-02-16 21:00:00,0,21,6,38.63999999999994,3.0,480.31000000000006,10.0,2265.5,30.0,True
acct_603,cust_1061,bank,acct_main_cust_1061,ACCOUNT_EVENT,online,42.64,BND,42.64,BN,BN,,False,2025-02-26 03:00:00,0,3,2,110.19999999999992,3.0,521.27,10.0,2349.17,30.0,False
acct_120,cust_1064,bank,acct_main_cust_1064,ACCOUNT_EVENT,online,36.56,BND,36.56,BN,BN,,False,2025-02-06 00:00:00,1,0,3,93.22,3.0,1760.58,10.0,2897.87,30.0,True
acct_202,cust_1068,cash,acct_main_cust_1068,ACCOUNT_EVENT,branch,193.36,BND,193.36,BN,BN,,False,2025-02-09 10:00:00,0,10,6,394.29,3.0,490.03,10.0,1141.09,30.0,True
acct_94,cust_1069,bank,acct_main_cust_1069,ACCOUNT_EVENT,online,104.91,BND,104.91,BN,BN,,False,2025-02-04 22:00:00,0,22,1,11.25,3.0,2453.3,10.0,3404.99,30.0,True
acct_624,cust_1069,bank,acct_main_cust_1069,ACCOUNT_EVENT,online,146.64,BND,146.64,BN,BN,,False,2025-02-27 00:00:00,0,0,3,115.17,3.0,2548.79,10.0,3400.9,30.0,False
acct_648,cust_1069,cash,acct_main_cust_1069,ACCOUNT_EVENT,branch,19.55,BND,19.55,BN,BN,,False,2025-02-28 00:00:00,1,0,4,252.44,3.0,2689.44,10.0,3427.0400000000004,30.0,True
acct_105,cust_1072,cash,acct_main_cust_1072,ACCOUNT_EVENT,branch,144.54,BND,144.54,BN,BN,,False,2025-02-05 09:00:00,0,9,2,193.05,3.0,357.32,10.0,737.0,30.0,True
acct_302,cust_1073,bank,acct_main_cust_1073,ACCOUNT_EVENT,online,86.92,BND,86.92,BN,BN,,False,2025-02-13 14:00:00,0,14,3,145.57,3.0,948.67,10.0,3822.76,30.0,True
acct_529,cust_1073,bank,acct_main_cust_1073,ACCOUNT_EVENT,online,56.92,BND,56.92,BN,BN,,False,2025-02-23 01:00:00,0,1,6,230.92,3.0,985.92,10.0,3908.79,30.0,False
acct_304,cust_1077,bank,acct_main_cust_1077,ACCOUNT_EVENT,online,72.77,BND,72.77,BN,BN,,False,2025-02-13 16:00:00,0,16,3,266.42,3.0,498.1300000000001,10.0,1757.88,30.0,True
acct_281,cust_108,cash,acct_main_cust_108,ACCOUNT_EVENT,branch,129.55,BND,129.55,BN,BN,,False,2025-02-12 17:00:00,0,17,2,77.09999999999995,3.0,256.68,10.0,1342.77,30.0,True
acct_142,cust_1080,cash,acct_main_cust_1080,ACCOUNT_EVENT,branch,30.95,BND,30.95,BN,BN,,False,2025-02-06 22:00:00,0,22,3,1057.73,3.0,1358.45,10.0,2354.13,30.0,True
acct_106,cust_1088,cash,acct_main_cust_1088,ACCOUNT_EVENT,branch,18.97,BND,18.97,BN,BN,,False,2025-02-05 10:00:00,0,10,2,44.0,3.0,488.36,10.0,1110.78,30.0,True
acct_615,cust_1088,cash,acct_main_cust_1088,ACCOUNT_EVENT,branch,57.63,BND,57.63,BN,BN,,False,2025-02-26 15:00:00,0,15,2,34.97,3.0,446.5700000000001,10.0,1107.3,30.0,False
acct_122,cust_109,bank,acct_main_cust_109,ACCOUNT_EVENT,online,66.27,BND,66.27,BN,BN,,False,2025-02-06 02:00:00,0,2,3,128.36,3.0,372.19,10.0,2054.32,30.0,True
acct_108,cust_1090,cash,acct_main_cust_1090,ACCOUNT_EVENT,branch,52.3,BND,52.3,BN,BN,,False,2025-02-05 12:00:00,0,12,2,498.1299999999999,3.0,979.86,10.0,3959.78,30.0,True
acct_359,cust_1093,cash,acct_main_cust_1093,ACCOUNT_EVENT,branch,232.37,BND,232.37,BN,BN,,False,2025-02-15 23:00:00,0,23,5,120.43,3.0,342.07,10.0,2567.08,30.0,True
acct_575,cust_1094,bank,acct_main_cust_1094,ACCOUNT_EVENT,online,132.1,BND,132.1,BN,BN,,False,2025-02-24 23:00:00,0,23,0,113.05,3.0,307.33000000000004,10.0,6622.37,30.0,True
acct_248,cust_1098,bank,acct_main_cust_1098,ACCOUNT_EVENT,online,107.36,BND,107.36,BN,BN,,False,2025-02-11 08:00:00,0,8,1,100.85,3.0,464.85,10.0,1563.2099999999998,30.0,True
acct_498,cust_1115,bank,acct_main_cust_1115,ACCOUNT_EVENT,online,96.5,BND,96.5,BN,BN,,False,2025-02-21 18:00:00,0,18,4,31.679999999999986,3.0,266.17,10.0,1190.06,30.0,True
acct_131,cust_1116,bank,acct_main_cust_1116,ACCOUNT_EVENT,online,37.76,BND,37.76,BN,BN,,False,2025-02-06 11:00:00,0,11,3,54.20999999999989,3.0,197.06,10.0,2412.18,30.0,True
acct_242,cust_1117,cash,acct_main_cust_1117,ACCOUNT_EVENT,branch,61.1,BND,61.1,BN,BN,,False,2025-02-11 02:00:00,0,2,1,75.96999999999994,3.0,439.46,10.0,1933.85,30.0,True
acct_69,cust_1127,bank,acct_main_cust_1127,ACCOUNT_EVENT,online,28.22,BND,28.22,BN,BN,,False,2025-02-03 21:00:00,0,21,0,98.9699999999998,3.0,477.31,10.0,6361.219999999999,30.0,True
acct_99,cust_113,cash,acct_main_cust_113,ACCOUNT_EVENT,branch,429.15,BND,429.15,BN,BN,,False,2025-02-05 03:00:00,0,3,2,155.97,3.0,788.14,10.0,2747.12,30.0,True
acct_147,cust_113,bank,acct_main_cust_113,ACCOUNT_EVENT,online,65.28,BND,65.28,BN,BN,,False,2025-02-07 03:00:00,0,3,4,436.12,3.0,1216.29,10.0,3121.79,30.0,True
acct_275,cust_113,bank,acct_main_cust_113,ACCOUNT_EVENT,online,94.98,BND,94.98,BN,BN,,False,2025-02-12 11:00:00,0,11,2,496.41,3.0,717.27,10.0,3182.5800000000004,30.0,False
acct_298,cust_1133,bank,acct_main_cust_1133,ACCOUNT_EVENT,online,38.66,BND,38.66,BN,BN,,False,2025-02-13 10:00:00,0,10,3,53.49,3.0,823.9599999999999,10.0,2469.1600000000003,30.0,True
acct_199,cust_1135,bank,acct_main_cust_1135,ACCOUNT_EVENT,online,39.66,BND,39.66,BN,BN,,False,2025-02-09 07:00:00,0,7,6,147.52999999999994,3.0,327.08,10.0,1338.93,30.0,True
acct_313,cust_1139,bank,acct_main_cust_1139,ACCOUNT_EVENT,online,13.14,BND,13.14,BN,BN,,False,2025-02-14 01:00:00,0,1,4,52.3200000000001,3.0,251.17,10.0,1645.62,30.0,True
acct_379,cust_114,cash,acct_main_cust_114,ACCOUNT_EVENT,branch,87.7,BND,87.7,BN,BN,,False,2025-02-16 19:00:00,0,19,6,227.83,3.0,562.21,10.0,1389.48,30.0,True
acct_296,cust_1140,cash,acct_main_cust_1140,ACCOUNT_EVENT,branch,111.96,BND,111.96,BN,BN,,False,2025-02-13 08:00:00,0,8,3,112.05000000000004,3.0,774.8999999999999,10.0,2170.18,30.0,True
acct_95,cust_1149,cash,acct_main_cust_1149,ACCOUNT_EVENT,branch,130.16,BND,130.16,BN,BN,,False,2025-02-04 23:00:00,0,23,1,246.98,3.0,1057.7600000000002,10.0,4276.2,30.0,True
acct_617,cust_1149,bank,acct_main_cust_1149,ACCOUNT_EVENT,online,156.53,BND,156.53,BN,BN,,False,2025-02-26 17:00:00,0,17,2,368.16,3.0,674.1200000000002,10.0,4346.360000000001,30.0,True
acct_60,cust_1157,cash,acct_main_cust_1157,ACCOUNT_EVENT,branch,173.04,BND,173.04,BN,BN,,False,2025-02-03 12:00:00,0,12,0,301.01,3.0,698.8700000000002,10.0,3101.9,30.0,True
acct_593,cust_1160,cash,acct_main_cust_1160,ACCOUNT_EVENT,branch,62.75,BND,62.75,BN,BN,,False,2025-02-25 17:00:00,0,17,1,33.31,3.0,947.3,10.0,2666.99,30.0,True
acct_321,cust_1164,bank,acct_main_cust_1164,ACCOUNT_EVENT,online,75.94,BND,75.94,BN,BN,,False,2025-02-14 09:00:00,0,9,4,84.61999999999995,3.0,741.22,10.0,4010.77,30.0,True
acct_329,cust_1164,bank,acct_main_cust_1164,ACCOUNT_EVENT,online,50.16,BND,50.16,BN,BN,,False,2025-02-14 17:00:00,0,17,4,151.13999999999993,3.0,801.4300000000001,10.0,4085.82,30.0,False
acct_137,cust_1167,cash,acct_main_cust_1167,ACCOUNT_EVENT,branch,49.18,BND,49.18,BN,BN,,False,2025-02-06 17:00:00,0,17,3,93.52999999999996,3.0,563.66,10.0,3235.7,30.0,True
acct_176,cust_117,cash,acct_main_cust_117,ACCOUNT_EVENT,branch,45.09,BND,45.09,BN,BN,,False,2025-02-08 08:00:00,0,8,5,24.479999999999944,3.0,291.75,10.0,2107.57,30.0,True
acct_555,cust_1170,cash,acct_main_cust_1170,ACCOUNT_EVENT,branch,519.37,BND,519.37,BN,BN,,False,2025-02-24 03:00:00,0,3,0,171.8,3.0,596.75,10.0,2204.11,30.0,True
acct_316,cust_1173,bank,acct_main_cust_1173,ACCOUNT_EVENT,online,100.08,BND,100.08,BN,BN,,False,2025-02-14 04:00:00,0,4,4,298.26,3.0,1824.68,10.0,2698.1000000000004,30.0,True
acct_634,cust_1176,cash,acct_main_cust_1176,ACCOUNT_EVENT,branch,29.03,BND,29.03,BN,BN,,False,2025-02-27 10:00:00,0,10,3,9.01,3.0,287.55,10.0,1754.23,30.0,True
acct_246,cust_1177,cash,acct_main_cust_1177,ACCOUNT_EVENT,branch,84.52,BND,84.52,BN,BN,,False,2025-02-11 06:00:00,0,6,1,137.00999999999993,3.0,719.81,10.0,2186.9,30.0,True
acct_201,cust_1178,cash,acct_main_cust_1178,ACCOUNT_EVENT,branch,25.12,BND,25.12,BN,BN,,False,2025-02-09 09:00:00,0,9,6,176.93000000000012,3.0,290.6600000000001,10.0,2479.13,30.0,True
acct_319,cust_118,cash,acct_main_cust_118,ACCOUNT_EVENT,branch,114.6,BND,114.6,BN,BN,,False,2025-02-14 07:00:00,0,7,4,86.66000000000011,3.0,531.94,10.0,1349.24,30.0,True
acct_642,cust_118,cash,acct_main_cust_118,ACCOUNT_EVENT,branch,117.36,BND,117.36,BN,BN,,False,2025-02-27 18:00:00,0,18,3,198.9800000000001,3.0,621.5500000000001,10.0,1354.82,30.0,False
acct_70,cust_1181,bank,acct_main_cust_1181,ACCOUNT_EVENT,online,96.05,BND,96.05,BN,BN,,False,2025-02-03 22:00:00,0,22,0,158.42000000000002,3.0,283.12,10.0,1403.2199999999998,30.0,True
acct_280,cust_1188,bank,acct_main_cust_1188,ACCOUNT_EVENT,online,169.34,BND,169.34,BN,BN,,False,2025-02-12 16:00:00,0,16,2,118.29999999999998,3.0,485.14,10.0,2823.8,30.0,True
acct_250,cust_1189,bank,acct_main_cust_1189,ACCOUNT_EVENT,online,166.29,BND,166.29,BN,BN,,False,2025-02-11 10:00:00,0,10,1,10.06,3.0,894.89,10.0,4805.88,30.0,True
acct_550,cust_1189,cash,acct_main_cust_1189,ACCOUNT_EVENT,branch,84.06,BND,84.06,BN,BN,,False,2025-02-23 22:00:00,0,22,6,174.37,3.0,1060.41,10.0,4910.94,30.0,True
acct_542,cust_119,bank,acct_main_cust_119,ACCOUNT_EVENT,online,50.84,BND,50.84,BN,BN,,False,2025-02-23 14:00:00,0,14,6,102.56,3.0,361.51,10.0,1604.41,30.0,True
acct_406,cust_1193,bank,acct_main_cust_1193,ACCOUNT_EVENT,online,312.2,BND,312.2,BN,BN,,False,2025-02-17 22:00:00,0,22,0,19.35,3.0,1406.4300000000003,10.0,2741.29,30.0,True
acct_318,cust_1194,bank,acct_main_cust_1194,ACCOUNT_EVENT,online,460.32,BND,460.32,BN,BN,,False,2025-02-14 06:00:00,0,6,4,164.81,3.0,350.32,10.0,1385.57,30.0,True
acct_520,cust_1194,cash,acct_main_cust_1194,ACCOUNT_EVENT,branch,35.68,BND,35.68,BN,BN,,False,2025-02-22 16:00:00,0,16,5,579.63,3.0,808.14,10.0,1805.48,30.0,True
acct_220,cust_120,cash,acct_main_cust_120,ACCOUNT_EVENT,branch,85.14,BND,85.14,BN,BN,,False,2025-02-10 04:00:00,0,4,0,37.48000000000003,3.0,607.49,10.0,2219.57,30.0,True
acct_524,cust_1201,cash,acct_main_cust_1201,ACCOUNT_EVENT,branch,278.4,BND,278.4,BN,BN,,False,2025-02-22 20:00:00,0,20,5,66.13,3.0,234.5300000000001,10.0,1145.61,30.0,True
acct_228,cust_1204,cash,acct_main_cust_1204,ACCOUNT_EVENT,branch,27.16,BND,27.16,BN,BN,,False,2025-02-10 12:00:00,0,12,0,303.54,3.0,460.55,10.0,1463.61,30.0,True
acct_629,cust_1205,bank,acct_main_cust_1205,ACCOUNT_EVENT,online,27.72,BND,27.72,BN,BN,,False,2025-02-27 05:00:00,0,5,3,137.99999999999997,3.0,1663.7099999999998,10.0,2445.01,30.0,True
acct_644,cust_1208,cash,acct_main_cust_1208,ACCOUNT_EVENT,branch,17.71,BND,17.71,BN,BN,,False,2025-02-27 20:00:00,0,20,3,210.82,3.0,593.74,10.0,3079.92,30.0,True
acct_286,cust_1212,cash,acct_main_cust_1212,ACCOUNT_EVENT,branch,80.37,BND,80.37,BN,BN,,False,2025-02-12 22:00:00,0,22,2,702.59,3.0,1623.3,10.0,2231.08,30.0,True
acct_528,cust_1212,bank,acct_main_cust_1212,ACCOUNT_EVENT,online,34.98,BND,34.98,BN,BN,,False,2025-02-23 00:00:00,0,0,6,727.9700000000001,3.0,1683.72,10.0,2279.45,30.0,True
acct_22,cust_1213,cash,acct_main_cust_1213,ACCOUNT_EVENT,branch,67.03,BND,67.03,BN,BN,,False,2025-02-01 22:00:00,0,22,5,41.499999999999886,3.0,261.2700000000002,10.0,1432.3700000000003,30.0,True
acct_206,cust_1213,bank,acct_main_cust_1213,ACCOUNT_EVENT,online,17.78,BND,17.78,BN,BN,,False,2025-02-09 14:00:00,0,14,6,103.53999999999988,3.0,327.0100000000002,10.0,832.9400000000003,30.0,True
acct_589,cust_1213,cash,acct_main_cust_1213,ACCOUNT_EVENT,branch,119.16,BND,119.16,BN,BN,,False,2025-02-25 13:00:00,0,13,1,120.32999999999988,3.0,334.80000000000024,10.0,751.7200000000003,30.0,False
acct_383,cust_1215,cash,acct_main_cust_1215,ACCOUNT_EVENT,branch,11.38,BND,11.38,BN,BN,,False,2025-02-16 23:00:00,0,23,6,237.49999999999997,3.0,403.0300000000001,10.0,1979.57,30.0,True
acct_65,cust_1218,bank,acct_main_cust_1218,ACCOUNT_EVENT,online,124.61,BND,124.61,BN,BN,,False,2025-02-03 17:00:00,0,17,0,299.6,3.0,524.64,10.0,3018.8,30.0,True
acct_294,cust_1218,cash,acct_main_cust_1218,ACCOUNT_EVENT,branch,21.18,BND,21.18,BN,BN,,False,2025-02-13 06:00:00,0,6,3,191.31,3.0,612.3,10.0,3130.42,30.0,True
acct_536,cust_1219,cash,acct_main_cust_1219,ACCOUNT_EVENT,branch,203.65,BND,203.65,BN,BN,,False,2025-02-23 08:00:00,0,8,6,6.680000000000057,3.0,267.0,10.0,2392.83,30.0,True
acct_373,cust_122,bank,acct_main_cust_122,ACCOUNT_EVENT,online,135.33,BND,135.33,BN,BN,,False,2025-02-16 13:00:00,0,13,6,49.1,3.0,899.44,10.0,3729.730000000001,30.0,True
acct_216,cust_1220,bank,acct_main_cust_1220,ACCOUNT_EVENT,online,438.95,BND,438.95,BN,BN,,False,2025-02-10 00:00:00,0,0,0,1007.8299999999998,3.0,1481.93,10.0,3425.02,30.0,True
acct_393,cust_1223,cash,acct_main_cust_1223,ACCOUNT_EVENT,branch,104.15,BND,104.15,BN,BN,,False,2025-02-17 09:00:00,0,9,0,7.83,3.0,371.7900000000002,10.0,3329.01,30.0,True
acct_14,cust_1225,bank,acct_main_cust_1225,ACCOUNT_EVENT,online,446.01,BND,446.01,BN,BN,,False,2025-02-01 14:00:00,0,14,5,97.77,3.0,189.12,10.0,1542.2800000000002,30.0,True
acct_132,cust_123,cash,acct_main_cust_123,ACCOUNT_EVENT,branch,43.6,BND,43.6,BN,BN,,False,2025-02-06 12:00:00,0,12,3,11.79,3.0,778.38,10.0,2719.85,30.0,True
acct_382,cust_1232,bank,acct_main_cust_1232,ACCOUNT_EVENT,online,55.56,BND,55.56,BN,BN,,False,2025-02-16 22:00:00,1,22,6,182.83,3.0,890.5799999999999,10.0,2333.98,30.0,True
acct_566,cust_1234,bank,acct_main_cust_1234,ACCOUNT_EVENT,online,25.97,BND,25.97,BN,BN,,False,2025-02-24 14:00:00,0,14,0,9.28,3.0,159.41,10.0,1033.68,30.0,True
acct_580,cust_1237,bank,acct_main_cust_1237,ACCOUNT_EVENT,online,44.2,BND,44.2,BN,BN,,False,2025-02-25 04:00:00,0,4,1,574.5699999999999,3.0,1152.83,10.0,4039.29,30.0,True
acct_203,cust_1238,cash,acct_main_cust_1238,ACCOUNT_EVENT,branch,466.82,BND,466.82,BN,BN,,False,2025-02-09 11:00:00,0,11,6,141.17000000000002,3.0,881.5500000000001,10.0,7281.719999999999,30.0,True
acct_348,cust_1239,bank,acct_main_cust_1239,ACCOUNT_EVENT,online,78.31,BND,78.31,BN,BN,,False,2025-02-15 12:00:00,0,12,5,21.05,3.0,183.79,10.0,1563.18,30.0,True
acct_283,cust_1246,bank,acct_main_cust_1246,ACCOUNT_EVENT,online,193.82,BND,193.82,BN,BN,,False,2025-02-12 19:00:00,0,19,2,16.53,3.0,370.31,10.0,3019.05,30.0,True
acct_271,cust_1247,cash,acct_main_cust_1247,ACCOUNT_EVENT,branch,246.67,BND,246.67,BN,BN,,False,2025-02-12 07:00:00,0,7,2,42.86000000000023,3.0,360.0800000000002,10.0,3266.3700000000003,30.0,True
acct_395,cust_1247,bank,acct_main_cust_1247,ACCOUNT_EVENT,online,69.3,BND,69.3,BN,BN,,False,2025-02-17 11:00:00,0,11,0,285.9600000000002,3.0,593.7600000000002,10.0,3510.76,30.0,True
acct_1,cust_1250,bank,acct_main_cust_1250,ACCOUNT_EVENT,online,62.57,BND,62.57,BN,BN,,False,2025-02-01 01:00:00,1,1,5,72.48,3.0,297.94999999999993,10.0,1887.81,30.0,True
acct_609,cust_1253,cash,acct_main_cust_1253,ACCOUNT_EVENT,branch,206.76,BND,206.76,BN,BN,,False,2025-02-26 09:00:00,0,9,2,39.00999999999998,3.0,685.73,10.0,1729.2900000000002,30.0,True
acct_346,cust_1255,bank,acct_main_cust_1255,ACCOUNT_EVENT,online,184.46,BND,184.46,BN,BN,,False,2025-02-15 10:00:00,0,10,5,15.27,3.0,1590.85,10.0,4404.66,30.0,True
acct_9,cust_1258,cash,acct_main_cust_1258,ACCOUNT_EVENT,branch,101.23,BND,101.23,BN,BN,,False,2025-02-01 09:00:00,0,9,5,25.62,3.0,853.49,10.0,2385.9100000000003,30.0,True
acct_45,cust_1259,cash,acct_main_cust_1259,ACCOUNT_EVENT,branch,29.88,BND,29.88,BN,BN,,False,2025-02-02 21:00:00,0,21,6,96.97000000000024,3.0,2444.12,10.0,6860.54,30.0,True
acct_124,cust_1259,bank,acct_main_cust_1259,ACCOUNT_EVENT,online,62.35,BND,62.35,BN,BN,,False,2025-02-06 04:00:00,0,4,3,118.95000000000022,3.0,2469.09,10.0,6887.92,30.0,True
acct_633,cust_126,bank,acct_main_cust_126,ACCOUNT_EVENT,online,400.1,BND,400.1,BN,BN,,False,2025-02-27 09:00:00,0,9,3,110.5,3.0,489.42,10.0,1869.47,30.0,True
acct_573,cust_1268,bank,acct_main_cust_1268,ACCOUNT_EVENT,online,93.25,BND,93.25,BN,BN,,False,2025-02-24 21:00:00,0,21,0,1133.75,3.0,1181.6799999999998,10.0,3811.02,30.0,True
acct_514,cust_128,cash,acct_main_cust_128,ACCOUNT_EVENT,branch,66.43,BND,66.43,BN,BN,,False,2025-02-22 10:00:00,0,10,5,42.41,3.0,182.81,10.0,1510.62,30.0,True
acct_149,cust_1286,bank,acct_main_cust_1286,ACCOUNT_EVENT,online,36.69,BND,36.69,BN,BN,,False,2025-02-07 05:00:00,0,5,4,264.88,3.0,358.35000000000014,10.0,1857.1500000000003,30.0,True
acct_587,cust_1291,bank,acct_main_cust_1291,ACCOUNT_EVENT,online,90.1,BND,90.1,BN,BN,,False,2025-02-25 11:00:00,0,11,1,67.25,3.0,808.5899999999998,10.0,2378.42,30.0,True
acct_522,cust_1297,cash,acct_main_cust_1297,ACCOUNT_EVENT,branch,154.82,BND,154.82,BN,BN,,False,2025-02-22 18:00:00,0,18,5,91.23,3.0,336.57,10.0,1710.98,30.0,True
acct_369,cust_1300,bank,acct_main_cust_1300,ACCOUNT_EVENT,online,54.21,BND,54.21,BN,BN,,False,2025-02-16 09:00:00,0,9,6,82.53999999999989,3.0,536.89,10.0,4073.64,30.0,True
acct_561,cust_1302,cash,acct_main_cust_1302,ACCOUNT_EVENT,branch,68.09,BND,68.09,BN,BN,,False,2025-02-24 09:00:00,0,9,0,758.64,3.0,1173.25,10.0,4227.19,30.0,True
acct_628,cust_1305,cash,acct_main_cust_1305,ACCOUNT_EVENT,branch,66.32,BND,66.32,BN,BN,,False,2025-02-27 04:00:00,0,4,3,150.52,3.0,521.17,10.0,3608.03,30.0,True
acct_335,cust_131,bank,acct_main_cust_131,ACCOUNT_EVENT,online,85.7,BND,85.7,BN,BN,,False,2025-02-14 23:00:00,0,23,4,177.14,3.0,401.86,10.0,2040.65,30.0,True
acct_601,cust_131,bank,acct_main_cust_131,ACCOUNT_EVENT,online,30.77,BND,30.77,BN,BN,,False,2025-02-26 01:00:00,0,1,2,212.84,3.0,465.56000000000006,10.0,2061.36,30.0,False
acct_277,cust_1313,cash,acct_main_cust_1313,ACCOUNT_EVENT,branch,235.44,BND,235.44,BN,BN,,False,2025-02-12 13:00:00,0,13,2,33.390000000000114,3.0,1710.7,10.0,2927.31,30.0,True
acct_486,cust_1316,bank,acct_main_cust_1316,ACCOUNT_EVENT,online,231.5,BND,231.5,BN,BN,,False,2025-02-21 06:00:00,0,6,4,288.17,3.0,821.8399999999999,10.0,2989.44,30.0,True
acct_344,cust_1319,bank,acct_main_cust_1319,ACCOUNT_EVENT,online,84.29,BND,84.29,BN,BN,,False,2025-02-15 08:00:00,0,8,5,49.35999999999999,3.0,287.99,10.0,1108.81,30.0,True
acct_479,cust_1323,cash,acct_main_cust_1323,ACCOUNT_EVENT,branch,104.75,BND,104.75,BN,BN,,False,2025-02-20 23:00:00,0,23,3,386.65,3.0,604.81,10.0,3015.15,30.0,True
acct_375,cust_1325,bank,acct_main_cust_1325,ACCOUNT_EVENT,online,27.43,BND,27.43,BN,BN,,False,2025-02-16 15:00:00,0,15,6,81.64,3.0,2991.19,10.0,3899.86,30.0,True
acct_165,cust_1326,bank,acct_main_cust_1326,ACCOUNT_EVENT,online,201.89,BND,201.89,BN,BN,,False,2025-02-07 21:00:00,0,21,4,87.77,3.0,738.78,10.0,2674.28,30.0,True
acct_586,cust_1326,cash,acct_main_cust_1326,ACCOUNT_EVENT,branch,244.17,BND,244.17,BN,BN,,False,2025-02-25 10:00:00,0,10,1,229.88,3.0,892.67,10.0,2832.98,30.0,True
acct_268,cust_1328,bank,acct_main_cust_1328,ACCOUNT_EVENT,online,62.45,BND,62.45,BN,BN,,False,2025-02-12 04:00:00,0,4,2,7.050000000000029,3.0,123.36,10.0,1008.44,30.0,True
acct_494,cust_1333,bank,acct_main_cust_1333,ACCOUNT_EVENT,online,17.64,BND,17.64,BN,BN,,False,2025-02-21 14:00:00,0,14,4,249.07,3.0,920.1,10.0,3275.7,30.0,True
acct_463,cust_1338,cash,acct_main_cust_1338,ACCOUNT_EVENT,branch,95.58,BND,95.58,BN,BN,,False,2025-02-20 07:00:00,0,7,3,86.56000000000002,3.0,281.39,10.0,1912.59,30.0,True
acct_227,cust_134,bank,acct_main_cust_134,ACCOUNT_EVENT,online,138.61,BND,138.61,BN,BN,,False,2025-02-10 11:00:00,0,11,0,32.20999999999989,3.0,1124.41,10.0,2838.0400000000004,30.0,True
acct_21,cust_1343,bank,acct_main_cust_1343,ACCOUNT_EVENT,online,83.28,BND,83.28,BN,BN,,False,2025-02-01 21:00:00,0,21,5,43.710000000000015,3.0,286.81,10.0,1152.33,30.0,True
acct_295,cust_1345,cash,acct_main_cust_1345,ACCOUNT_EVENT,branch,121.2,BND,121.2,BN,BN,,False,2025-02-13 07:00:00,0,7,3,58.44,3.0,249.2,10.0,1359.15,30.0,True
acct_626,cust_1347,cash,acct_main_cust_1347,ACCOUNT_EVENT,branch,377.85,BND,377.85,BN,BN,,False,2025-02-27 02:00:00,0,2,3,49.37,3.0,192.51000000000047,10.0,1130.93,30.0,True
acct_97,cust_135,bank,acct_main_cust_135,ACCOUNT_EVENT,online,37.13,BND,37.13,BN,BN,,False,2025-02-05 01:00:00,0,1,2,109.77,3.0,306.21,10.0,6547.299999999999,30.0,True
acct_144,cust_1353,bank,acct_main_cust_1353,ACCOUNT_EVENT,online,9.43,BND,9.43,BN,BN,,False,2025-02-07 00:00:00,0,0,4,137.86999999999998,3.0,268.53,10.0,2118.09,30.0,True
acct_398,cust_1354,cash,acct_main_cust_1354,ACCOUNT_EVENT,branch,53.81,BND,53.81,BN,BN,,False,2025-02-17 14:00:00,0,14,0,22.52,3.0,431.18,10.0,1097.03,30.0,True
acct_50,cust_1355,bank,acct_main_cust_1355,ACCOUNT_EVENT,online,80.29,BND,80.29,BN,BN,,False,2025-02-03 02:00:00,0,2,0,431.8,3.0,1153.61,10.0,2989.31,30.0,True
acct_169,cust_1356,bank,acct_main_cust_1356,ACCOUNT_EVENT,online,322.22,BND,322.22,BN,BN,,False,2025-02-08 01:00:00,1,1,5,45.33,3.0,897.81,10.0,2953.39,30.0,True
acct_175,cust_1360,cash,acct_main_cust_1360,ACCOUNT_EVENT,branch,115.21,BND,115.21,BN,BN,,False,2025-02-08 07:00:00,0,7,5,1373.65,3.0,1576.39,10.0,3323.03,30.0,True
acct_30,cust_1364,bank,acct_main_cust_1364,ACCOUNT_EVENT,online,54.64,BND,54.64,BN,BN,,False,2025-02-02 06:00:00,0,6,6,158.95999999999992,3.0,479.09,10.0,1930.35,30.0,True
acct_437,cust_1375,bank,acct_main_cust_1375,ACCOUNT_EVENT,online,170.29,BND,170.29,BN,BN,,False,2025-02-19 05:00:00,0,5,2,3113.45,3.0,3478.35,10.0,4732.26,30.0,True
acct_435,cust_138,cash,acct_main_cust_138,ACCOUNT_EVENT,branch,163.2,BND,163.2,BN,BN,,False,2025-02-19 03:00:00,0,3,2,13.86,3.0,551.9499999999999,10.0,2051.89,30.0,True
acct_312,cust_1384,cash,acct_main_cust_1384,ACCOUNT_EVENT,branch,82.45,BND,82.45,BN,BN,,False,2025-02-14 00:00:00,0,0,4,15.87,3.0,999.39,10.0,1494.13,30.0,True
acct_239,cust_1394,cash,acct_main_cust_1394,ACCOUNT_EVENT,branch,53.9,BND,53.9,BN,BN,,False,2025-02-10 23:00:00,0,23,0,165.95,3.0,266.07,10.0,1259.93,30.0,True
acct_403,cust_1394,cash,acct_main_cust_1394,ACCOUNT_EVENT,branch,101.46,BND,101.46,BN,BN,,False,2025-02-17 19:00:00,0,19,0,95.9,3.0,291.82,10.0,1293.84,30.0,False
acct_185,cust_1396,cash,acct_main_cust_1396,ACCOUNT_EVENT,branch,207.72,BND,207.72,BN,BN,,False,2025-02-08 17:00:00,0,17,5,61.57,3.0,267.2,10.0,1906.04,30.0,True
acct_264,cust_1396,bank,acct_main_cust_1396,ACCOUNT_EVENT,online,277.78,BND,277.78,BN,BN,,False,2025-02-12 00:00:00,0,0,2,264.3,3.0,473.63,10.0,1910.19,30.0,True
acct_198,cust_140,bank,acct_main_cust_140,ACCOUNT_EVENT,online,134.15,BND,134.15,BN,BN,,False,2025-02-09 06:00:00,0,6,6,85.88000000000001,3.0,405.49,10.0,2290.8700000000003,30.0,True
acct_249,cust_140,bank,acct_main_cust_140,ACCOUNT_EVENT,online,190.67,BND,190.67,BN,BN,,False,2025-02-11 09:00:00,1,9,1,210.04,3.0,538.87,10.0,2347.09,30.0,False
acct_372,cust_1405,bank,acct_main_cust_1405,ACCOUNT_EVENT,online,117.09,BND,117.09,BN,BN,,False,2025-02-16 12:00:00,0,12,6,735.17,3.0,2348.72,10.0,3561.54,30.0,True
acct_481,cust_1405,cash,acct_main_cust_1405,ACCOUNT_EVENT,branch,81.32,BND,81.32,BN,BN,,False,2025-02-21 01:00:00,0,1,4,843.99,3.0,1110.6099999999997,10.0,3366.83,30.0,True
acct_623,cust_1407,cash,acct_main_cust_1407,ACCOUNT_EVENT,branch,86.41,BND,86.41,BN,BN,,False,2025-02-26 23:00:00,0,23,2,94.87000000000006,3.0,371.7,10.0,1486.12,30.0,True
acct_182,cust_1411,bank,acct_main_cust_1411,ACCOUNT_EVENT,online,79.25,BND,79.25,BN,BN,,False,2025-02-08 14:00:00,0,14,5,97.17,3.0,587.36,10.0,2784.53,30.0,True
acct_331,cust_1412,cash,acct_main_cust_1412,ACCOUNT_EVENT,branch,373.5,BND,373.5,BN,BN,,False,2025-02-14 19:00:00,0,19,4,15.71,3.0,1633.0800000000002,10.0,3866.72,30.0,True
acct_54,cust_1413,bank,acct_main_cust_1413,ACCOUNT_EVENT,online,155.15,BND,155.15,BN,BN,,False,2025-02-03 06:00:00,0,6,0,14.75,3.0,500.71,10.0,1925.82,30.0,True
acct_639,cust_1415,bank,acct_main_cust_1415,ACCOUNT_EVENT,online,702.96,BND,702.96,BN,BN,,False,2025-02-27 15:00:00,0,15,3,878.58,3.0,1058.71,10.0,2258.82,30.0,True
acct_521,cust_1421,cash,acct_main_cust_1421,ACCOUNT_EVENT,branch,14.32,BND,14.32,BN,BN,,False,2025-02-22 17:00:00,0,17,5,84.19,3.0,402.17000000000047,10.0,6485.49,30.0,True
acct_223,cust_1424,cash,acct_main_cust_1424,ACCOUNT_EVENT,branch,52.34,BND,52.34,BN,BN,,False,2025-02-10 07:00:00,0,7,0,108.61,3.0,993.07,10.0,2935.42,30.0,True
acct_368,cust_1424,cash,acct_main_cust_1424,ACCOUNT_EVENT,branch,43.02,BND,43.02,BN,BN,,False,2025-02-16 08:00:00,0,8,6,153.79000000000002,3.0,1026.3,10.0,2808.0600000000004,30.0,False
acct_389,cust_1426,bank,acct_main_cust_1426,ACCOUNT_EVENT,online,112.51,BND,112.51,BN,BN,,False,2025-02-17 05:00:00,0,5,0,393.0100000000002,3.0,2636.15,10.0,4410.42,30.0,True
acct_523,cust_1439,cash,acct_main_cust_1439,ACCOUNT_EVENT,branch,393.73,BND,393.73,BN,BN,,False,2025-02-22 19:00:00,0,19,5,199.25,3.0,911.02,10.0,2062.47,30.0,True
acct_123,cust_1440,bank,acct_main_cust_1440,ACCOUNT_EVENT,online,212.25,BND,212.25,BN,BN,,False,2025-02-06 03:00:00,0,3,3,17.980000000000008,3.0,628.37,10.0,2993.71,30.0,True
acct_471,cust_1443,cash,acct_main_cust_1443,ACCOUNT_EVENT,branch,115.28,BND,115.28,BN,BN,,False,2025-02-20 15:00:00,0,15,3,35.77,3.0,434.9500000000001,10.0,890.48,30.0,True
acct_67,cust_1444,bank,acct_main_cust_1444,ACCOUNT_EVENT,online,119.68,BND,119.68,BN,BN,,False,2025-02-03 19:00:00,0,19,0,540.36,3.0,688.02,10.0,2351.1800000000003,30.0,True
acct_174,cust_1445,cash,acct_main_cust_1445,ACCOUNT_EVENT,branch,24.25,BND,24.25,BN,BN,,False,2025-02-08 06:00:00,1,6,5,128.84,3.0,1446.59,10.0,3131.9500000000003,30.0,True
acct_171,cust_1448,cash,acct_main_cust_1448,ACCOUNT_EVENT,branch,98.32,BND,98.32,BN,BN,,False,2025-02-08 03:00:00,0,3,5,96.41,3.0,378.53,10.0,2051.21,30.0,True
acct_98,cust_1457,bank,acct_main_cust_1457,ACCOUNT_EVENT,online,304.75,BND,304.75,BN,BN,,False,2025-02-05 02:00:00,0,2,2,123.8,3.0,1028.9,10.0,5213.02,30.0,True
acct_288,cust_1459,cash,acct_main_cust_1459,ACCOUNT_EVENT,branch,74.07,BND,74.07,BN,BN,,False,2025-02-13 00:00:00,0,0,3,112.51,3.0,414.97,10.0,1925.13,30.0,True
acct_451,cust_1459,bank,acct_main_cust_1459,ACCOUNT_EVENT,online,89.58,BND,89.58,BN,BN,,False,2025-02-19 19:00:00,0,19,2,86.83999999999999,3.0,479.46,10.0,1881.7,30.0,True
acct_614,cust_1461,cash,acct_main_cust_1461,ACCOUNT_EVENT,branch,199.08,BND,199.08,BN,BN,,False,2025-02-26 14:00:00,0,14,2,18.889999999999887,3.0,706.97,10.0,2274.12,30.0,True
acct_303,cust_1462,cash,acct_main_cust_1462,ACCOUNT_EVENT,branch,71.0,BND,71.0,BN,BN,,False,2025-02-13 15:00:00,0,15,3,249.79,3.0,647.9300000000001,10.0,1888.88,30.0,True
acct_76,cust_1463,bank,acct_main_cust_1463,ACCOUNT_EVENT,online,39.08,BND,39.08,BN,BN,,False,2025-02-04 04:00:00,0,4,1,199.42,3.0,504.21,10.0,1932.96,30.0,True
acct_342,cust_1469,cash,acct_main_cust_1469,ACCOUNT_EVENT,branch,15.63,BND,15.63,BN,BN,,False,2025-02-15 06:00:00,0,6,5,146.87,3.0,577.21,10.0,2919.36,30.0,True
acct_385,cust_147,bank,acct_main_cust_147,ACCOUNT_EVENT,online,282.85,BND,282.85,BN,BN,,False,2025-02-17 01:00:00,0,1,0,519.95,3.0,1309.78,10.0,2646.92,30.0,True
acct_585,cust_1470,cash,acct_main_cust_1470,ACCOUNT_EVENT,branch,38.99,BND,38.99,BN,BN,,False,2025-02-25 09:00:00,0,9,1,80.34,3.0,453.1499999999999,10.0,1924.36,30.0,True
acct_113,cust_1471,bank,acct_main_cust_1471,ACCOUNT_EVENT,online,65.95,BND,65.95,BN,BN,,False,2025-02-05 17:00:00,0,17,2,35.14,3.0,359.6399999999999,10.0,1855.6,30.0,True
acct_221,cust_1471,bank,acct_main_cust_1471,ACCOUNT_EVENT,online,158.62,BND,158.62,BN,BN,,False,2025-02-10 05:00:00,0,5,0,91.09,3.0,422.61999999999983,10.0,1890.55,30.0,False
acct_326,cust_1480,bank,acct_main_cust_1480,ACCOUNT_EVENT,online,263.11,BND,263.11,BN,BN,,False,2025-02-14 14:00:00,0,14,4,496.81,3.0,1140.32,10.0,1529.19,30.0,True
acct_278,cust_1481,cash,acct_main_cust_1481,ACCOUNT_EVENT,branch,171.87,BND,171.87,BN,BN,,False,2025-02-12 14:00:00,0,14,2,16.75,3.0,206.3,10.0,2417.44,30.0,True
acct_52,cust_1482,bank,acct_main_cust_1482,ACCOUNT_EVENT,online,63.25,BND,63.25,BN,BN,,False,2025-02-03 04:00:00,0,4,0,451.38999999999993,3.0,1172.07,10.0,2477.62,30.0,True
acct_41,cust_1485,bank,acct_main_cust_1485,ACCOUNT_EVENT,online,47.72,BND,47.72,BN,BN,,False,2025-02-02 17:00:00,0,17,6,34.76,3.0,371.19,10.0,2425.55,30.0,True
acct_543,cust_1485,bank,acct_main_cust_1485,ACCOUNT_EVENT,online,106.21,BND,106.21,BN,BN,,False,2025-02-23 15:00:00,0,15,6,50.38,3.0,304.91,10.0,2338.28,30.0,False
acct_377,cust_1490,bank,acct_main_cust_1490,ACCOUNT_EVENT,online,355.03,BND,355.03,BN,BN,,False,2025-02-16 17:00:00,0,17,6,58.29000000000017,3.0,517.97,10.0,1473.41,30.0,True
acct_399,cust_1490,bank,acct_main_cust_1490,ACCOUNT_EVENT,online,21.62,BND,21.62,BN,BN,,False,2025-02-17 15:00:00,0,15,0,363.4200000000001,3.0,872.0,10.0,1826.46,30.0,False
acct_554,cust_1493,cash,acct_main_cust_1493,ACCOUNT_EVENT,branch,260.67,BND,260.67,BN,BN,,False,2025-02-24 02:00:00,0,2,0,50.89,3.0,371.61,10.0,2167.81,30.0,True
acct_83,cust_1496,bank,acct_main_cust_1496,ACCOUNT_EVENT,online,57.73,BND,57.73,BN,BN,,False,2025-02-04 11:00:00,0,11,1,31.99,3.0,843.6,10.0,2350.16,30.0,True
acct_410,cust_1498,cash,acct_main_cust_1498,ACCOUNT_EVENT,branch,48.24,BND,48.24,BN,BN,,False,2025-02-18 02:00:00,0,2,1,36.05,3.0,669.97,10.0,1947.85,30.0,True
acct_492,cust_1498,bank,acct_main_cust_1498,ACCOUNT_EVENT,online,89.16,BND,89.16,BN,BN,,False,2025-02-21 12:00:00,0,12,4,74.31,3.0,717.21,10.0,1767.9499999999998,30.0,True
acct_20,cust_15,bank,acct_main_cust_15,ACCOUNT_EVENT,online,151.04,BND,151.04,BN,BN,,False,2025-02-01 20:00:00,0,20,5,64.99000000000005,3.0,113.03,10.0,2561.8,30.0,True
acct_547,cust_1503,cash,acct_main_cust_1503,ACCOUNT_EVENT,branch,138.68,BND,138.68,BN,BN,,False,2025-02-23 19:00:00,0,19,6,215.21,3.0,473.66,10.0,3535.83,30.0,True
acct_235,cust_1507,cash,acct_main_cust_1507,ACCOUNT_EVENT,branch,124.95,BND,124.95,BN,BN,,False,2025-02-10 19:00:00,0,19,0,88.80000000000001,3.0,628.63,10.0,3807.71,30.0,True
acct_360,cust_1509,bank,acct_main_cust_1509,ACCOUNT_EVENT,online,81.06,BND,81.06,BN,BN,,False,2025-02-16 00:00:00,0,0,6,361.73,3.0,1278.74,10.0,5056.72,30.0,True
acct_577,cust_151,cash,acct_main_cust_151,ACCOUNT_EVENT,branch,101.58,BND,101.58,BN,BN,,False,2025-02-25 01:00:00,1,1,1,172.21,3.0,759.19,10.0,2478.51,30.0,True
acct_233,cust_1513,cash,acct_main_cust_1513,ACCOUNT_EVENT,branch,119.76,BND,119.76,BN,BN,,False,2025-02-10 17:00:00,0,17,0,82.71000000000001,3.0,268.0,10.0,1747.87,30.0,True
acct_500,cust_1514,bank,acct_main_cust_1514,ACCOUNT_EVENT,online,112.4,BND,112.4,BN,BN,,False,2025-02-21 20:00:00,1,20,4,1215.8,3.0,2056.75,10.0,2849.65,30.0,True
acct_409,cust_1515,cash,acct_main_cust_1515,ACCOUNT_EVENT,branch,421.82,BND,421.82,BN,BN,,False,2025-02-18 01:00:00,0,1,1,8.060000000000056,3.0,516.48,10.0,2247.44,30.0,True
acct_394,cust_1516,cash,acct_main_cust_1516,ACCOUNT_EVENT,branch,52.26,BND,52.26,BN,BN,,False,2025-02-17 10:00:00,0,10,0,194.08000000000004,3.0,773.54,10.0,1963.92,30.0,True
acct_446,cust_1516,cash,acct_main_cust_1516,ACCOUNT_EVENT,branch,121.85,BND,121.85,BN,BN,,False,2025-02-19 14:00:00,0,14,2,206.34000000000003,3.0,814.3,10.0,1836.18,30.0,False
acct_510,cust_1516,cash,acct_main_cust_1516,ACCOUNT_EVENT,branch,557.61,BND,557.61,BN,BN,,False,2025-02-22 06:00:00,0,6,5,254.19000000000003,3.0,870.9300000000001,10.0,1950.85,30.0,False
acct_87,cust_1518,cash,acct_main_cust_1518,ACCOUNT_EVENT,branch,85.9,BND,85.9,BN,BN,,False,2025-02-04 15:00:00,0,15,1,24.48999999999989,3.0,736.35,10.0,2108.0,30.0,True
acct_538,cust_1518,bank,acct_main_cust_1518,ACCOUNT_EVENT,online,134.67,BND,134.67,BN,BN,,False,2025-02-23 10:00:00,0,10,6,108.8899999999999,3.0,634.26,10.0,2192.9100000000003,30.0,True
acct_576,cust_1525,cash,acct_main_cust_1525,ACCOUNT_EVENT,branch,83.82,BND,83.82,BN,BN,,False,2025-02-25 00:00:00,0,0,1,303.56,3.0,531.7900000000001,10.0,2964.42,30.0,True
acct_200,cust_1528,bank,acct_main_cust_1528,ACCOUNT_EVENT,online,67.9,BND,67.9,BN,BN,,False,2025-02-09 08:00:00,0,8,6,180.72,3.0,408.0400000000001,10.0,2529.96,30.0,True
acct_631,cust_1528,bank,acct_main_cust_1528,ACCOUNT_EVENT,online,58.24,BND,58.24,BN,BN,,False,2025-02-27 07:00:00,0,7,3,70.88000000000001,3.0,460.9500000000001,10.0,2535.86,30.0,False
acct_154,cust_1534,bank,acct_main_cust_1534,ACCOUNT_EVENT,online,74.45,BND,74.45,BN,BN,,False,2025-02-07 10:00:00,0,10,4,126.09999999999994,3.0,584.3699999999999,10.0,2278.28,30.0,True
acct_40,cust_1535,cash,acct_main_cust_1535,ACCOUNT_EVENT,branch,216.78,BND,216.78,BN,BN,,False,2025-02-02 16:00:00,0,16,6,16.34,3.0,331.09,10.0,1758.81,30.0,True
acct_310,cust_1536,cash,acct_main_cust_1536,ACCOUNT_EVENT,branch,401.28,BND,401.28,BN,BN,,False,2025-02-13 22:00:00,0,22,3,379.98,3.0,1298.28,10.0,1693.98,30.0,True
acct_121,cust_1538,cash,acct_main_cust_1538,ACCOUNT_EVENT,branch,320.55,BND,320.55,BN,BN,,False,2025-02-06 01:00:00,0,1,3,58.58,3.0,620.33,10.0,2458.22,30.0,True
acct_204,cust_1539,bank,acct_main_cust_1539,ACCOUNT_EVENT,online,133.67,BND,133.67,BN,BN,,False,2025-02-09 12:00:00,0,12,6,61.96,3.0,1319.14,10.0,2997.65,30.0,True
acct_153,cust_1543,bank,acct_main_cust_1543,ACCOUNT_EVENT,online,109.95,BND,109.95,BN,BN,,False,2025-02-07 09:00:00,0,9,4,66.67999999999977,3.0,280.1699999999998,10.0,3276.040000000001,30.0,True
acct_218,cust_1544,bank,acct_main_cust_1544,ACCOUNT_EVENT,online,71.31,BND,71.31,BN,BN,,False,2025-02-10 02:00:00,0,2,0,75.76999999999997,3.0,361.61,10.0,4470.03,30.0,True
acct_414,cust_1549,cash,acct_main_cust_1549,ACCOUNT_EVENT,branch,595.83,BND,595.83,BN,BN,,False,2025-02-18 06:00:00,0,6,1,76.82999999999994,3.0,595.53,10.0,1805.47,30.0,True
acct_75,cust_155,cash,acct_main_cust_155,ACCOUNT_EVENT,branch,92.83,BND,92.83,BN,BN,,False,2025-02-04 03:00:00,0,3,1,24.46,3.0,1020.09,10.0,1739.5,30.0,True
acct_516,cust_1553,cash,acct_main_cust_1553,ACCOUNT_EVENT,branch,124.66,BND,124.66,BN,BN,,False,2025-02-22 12:00:00,0,12,5,7.56,3.0,557.9699999999999,10.0,2280.44,30.0,True
acct_408,cust_1557,bank,acct_main_cust_1557,ACCOUNT_EVENT,online,40.73,BND,40.73,BN,BN,,False,2025-02-18 00:00:00,0,0,1,65.06000000000024,3.0,232.50000000000023,10.0,4410.52,30.0,True
acct_527,cust_1564,bank,acct_main_cust_1564,ACCOUNT_EVENT,online,541.12,BND,541.12,BN,BN,,False,2025-02-22 23:00:00,0,23,5,267.32000000000005,3.0,370.39,10.0,1137.16,30.0,True
acct_453,cust_158,cash,acct_main_cust_158,ACCOUNT_EVENT,branch,99.02,BND,99.02,BN,BN,,False,2025-02-19 21:00:00,0,21,2,20.30000000000001,3.0,489.23,10.0,1502.67,30.0,True
acct_168,cust_1582,bank,acct_main_cust_1582,ACCOUNT_EVENT,online,66.91,BND,66.91,BN,BN,,False,2025-02-08 00:00:00,0,0,5,46.48000000000012,3.0,257.87,10.0,2186.31,30.0,True
acct_608,cust_1586,cash,acct_main_cust_1586,ACCOUNT_EVENT,branch,144.71,BND,144.71,BN,BN,,False,2025-02-26 08:00:00,0,8,2,130.67,3.0,726.84,10.0,1918.44,30.0,True
acct_461,cust_1590,bank,acct_main_cust_1590,ACCOUNT_EVENT,online,91.56,BND,91.56,BN,BN,,False,2025-02-20 05:00:00,0,5,3,155.99999999999997,3.0,288.77,10.0,2346.26,30.0,True
acct_63,cust_1594,bank,acct_main_cust_1594,ACCOUNT_EVENT,online,45.22,BND,45.22,BN,BN,,False,2025-02-03 15:00:00,0,15,0,260.54,3.0,779.81,10.0,2089.97,30.0,True
acct_397,cust_1595,cash,acct_main_cust_1595,ACCOUNT_EVENT,branch,30.04,BND,30.04,BN,BN,,False,2025-02-17 13:00:00,0,13,0,2002.87,3.0,2453.88,10.0,4523.83,30.0,True
acct_177,cust_1598,cash,acct_main_cust_1598,ACCOUNT_EVENT,branch,184.54,BND,184.54,BN,BN,,False,2025-02-08 09:00:00,0,9,5,138.22000000000003,3.0,276.78,10.0,1406.5,30.0,True
acct_637,cust_16,cash,acct_main_cust_16,ACCOUNT_EVENT,branch,47.23,BND,47.23,BN,BN,,False,2025-02-27 13:00:00,0,13,3,60.88,3.0,265.59,10.0,3094.83,30.0,True
acct_557,cust_1601,cash,acct_main_cust_1601,ACCOUNT_EVENT,branch,482.73,BND,482.73,BN,BN,,False,2025-02-24 05:00:00,0,5,0,44.75,3.0,2490.3400000000006,10.0,4004.3,30.0,True
acct_431,cust_1606,bank,acct_main_cust_1606,ACCOUNT_EVENT,online,112.83,BND,112.83,BN,BN,,False,2025-02-18 23:00:00,0,23,1,305.16,3.0,447.74,10.0,1971.95,30.0,True
acct_28,cust_1607,bank,acct_main_cust_1607,ACCOUNT_EVENT,online,23.32,BND,23.32,BN,BN,,False,2025-02-02 04:00:00,0,4,6,236.52,3.0,395.82,10.0,3907.96,30.0,True
acct_117,cust_1607,bank,acct_main_cust_1607,ACCOUNT_EVENT,online,106.52,BND,106.52,BN,BN,,False,2025-02-05 21:00:00,0,21,2,200.28,3.0,413.95,10.0,3906.3,30.0,False
acct_560,cust_1607,bank,acct_main_cust_1607,ACCOUNT_EVENT,online,29.49,BND,29.49,BN,BN,,False,2025-02-24 08:00:00,0,8,0,304.82,3.0,395.61,10.0,3816.84,30.0,False
acct_439,cust_161,cash,acct_main_cust_161,ACCOUNT_EVENT,branch,350.15,BND,350.15,BN,BN,,False,2025-02-19 07:00:00,0,7,2,347.57,3.0,526.9,10.0,1972.11,30.0,True
acct_129,cust_1614,bank,acct_main_cust_1614,ACCOUNT_EVENT,online,122.63,BND,122.63,BN,BN,,False,2025-02-06 09:00:00,0,9,3,265.56,3.0,381.35,10.0,1055.94,30.0,True
acct_284,cust_1616,cash,acct_main_cust_1616,ACCOUNT_EVENT,branch,43.42,BND,43.42,BN,BN,,False,2025-02-12 20:00:00,0,20,2,79.04000000000023,3.0,1276.7600000000002,10.0,3666.83,30.0,True
acct_35,cust_1630,bank,acct_main_cust_1630,ACCOUNT_EVENT,online,81.87,BND,81.87,BN,BN,,False,2025-02-02 11:00:00,0,11,6,17.33,3.0,1994.36,10.0,3758.59,30.0,True
acct_17,cust_1632,bank,acct_main_cust_1632,ACCOUNT_EVENT,online,52.43,BND,52.43,BN,BN,,False,2025-02-01 17:00:00,0,17,5,188.68,3.0,441.09,10.0,2109.95,30.0,True
acct_3,cust_1642,cash,acct_main_cust_1642,ACCOUNT_EVENT,branch,119.76,BND,119.76,BN,BN,,False,2025-02-01 03:00:00,0,3,5,2171.37,3.0,2566.71,10.0,3255.09,30.0,True
acct_533,cust_1644,bank,acct_main_cust_1644,ACCOUNT_EVENT,online,53.51,BND,53.51,BN,BN,,False,2025-02-23 05:00:00,0,5,6,9.880000000000058,3.0,522.25,10.0,2134.57,30.0,True
acct_162,cust_1645,cash,acct_main_cust_1645,ACCOUNT_EVENT,branch,112.92,BND,112.92,BN,BN,,False,2025-02-07 18:00:00,0,18,4,645.95,3.0,992.9300000000002,10.0,2082.5800000000004,30.0,True
acct_584,cust_1645,cash,acct_main_cust_1645,ACCOUNT_EVENT,branch,217.2,BND,217.2,BN,BN,,False,2025-02-25 08:00:00,0,8,1,124.89,3.0,1095.85,10.0,2194.2100000000005,30.0,False
acct_8,cust_1646,cash,acct_main_cust_1646,ACCOUNT_EVENT,branch,98.56,BND,98.56,BN,BN,,False,2025-02-01 08:00:00,0,8,5,54.84,3.0,433.66,10.0,1403.04,30.0,True
acct_192,cust_1647,cash,acct_main_cust_1647,ACCOUNT_EVENT,branch,54.27,BND,54.27,BN,BN,,False,2025-02-09 00:00:00,0,0,6,93.39,3.0,804.6999999999999,10.0,1792.4499999999998,30.0,True
acct_595,cust_1649,cash,acct_main_cust_1649,ACCOUNT_EVENT,branch,88.62,BND,88.62,BN,BN,,False,2025-02-25 19:00:00,0,19,1,11.72,3.0,428.16,10.0,3973.17,30.0,True
acct_93,cust_1650,cash,acct_main_cust_1650,ACCOUNT_EVENT,branch,304.77,BND,304.77,BN,BN,,False,2025-02-04 21:00:00,0,21,1,164.89000000000004,3.0,763.1299999999998,10.0,2893.56,30.0,True
acct_333,cust_1660,cash,acct_main_cust_1660,ACCOUNT_EVENT,branch,100.64,BND,100.64,BN,BN,,False,2025-02-14 21:00:00,0,21,4,53.97,3.0,276.75,10.0,767.6999999999999,30.0,True
acct_565,cust_1662,bank,acct_main_cust_1662,ACCOUNT_EVENT,online,97.46,BND,97.46,BN,BN,,False,2025-02-24 13:00:00,0,13,0,132.04,3.0,256.58,10.0,3974.45,30.0,True
acct_234,cust_1664,bank,acct_main_cust_1664,ACCOUNT_EVENT,online,242.01,BND,242.01,BN,BN,,False,2025-02-10 18:00:00,0,18,0,37.15999999999999,3.0,245.05,10.0,5068.9400000000005,30.0,True
acct_188,cust_1666,cash,acct_main_cust_1666,ACCOUNT_EVENT,branch,74.29,BND,74.29,BN,BN,,False,2025-02-08 20:00:00,0,20,5,9.02,3.0,392.05,10.0,2395.24,30.0,True
acct_404,cust_1669,cash,acct_main_cust_1669,ACCOUNT_EVENT,branch,11.96,BND,11.96,BN,BN,,False,2025-02-17 20:00:00,0,20,0,60.37999999999988,3.0,258.12,10.0,2101.92,30.0,True
acct_506,cust_1669,bank,acct_main_cust_1669,ACCOUNT_EVENT,online,233.31,BND,233.31,BN,BN,,False,2025-02-22 02:00:00,0,2,5,70.35999999999989,3.0,268.79,10.0,2036.96,30.0,True
acct_513,cust_1669,cash,acct_main_cust_1669,ACCOUNT_EVENT,branch,48.48,BND,48.48,BN,BN,,False,2025-02-22 09:00:00,0,9,5,260.20999999999987,3.0,475.11,10.0,2080.75,30.0,False
acct_66,cust_167,bank,acct_main_cust_167,ACCOUNT_EVENT,online,44.29,BND,44.29,BN,BN,,False,2025-02-03 18:00:00,0,18,0,44.37,3.0,702.85,10.0,1771.43,30.0,True
acct_343,cust_167,bank,acct_main_cust_167,ACCOUNT_EVENT,online,66.72,BND,66.72,BN,BN,,False,2025-02-15 07:00:00,0,7,5,65.91,3.0,745.16,10.0,1807.43,30.0,False
acct_252,cust_1676,cash,acct_main_cust_1676,ACCOUNT_EVENT,branch,71.97,BND,71.97,BN,BN,,False,2025-02-11 12:00:00,0,12,1,212.9,3.0,720.29,10.0,1891.76,30.0,True
acct_467,cust_1676,cash,acct_main_cust_1676,ACCOUNT_EVENT,branch,263.31,BND,263.31,BN,BN,,False,2025-02-20 11:00:00,0,11,3,117.87,3.0,760.3100000000001,10.0,1934.64,30.0,False
acct_181,cust_168,bank,acct_main_cust_168,ACCOUNT_EVENT,online,58.47,BND,58.47,BN,BN,,False,2025-02-08 13:00:00,0,13,5,501.0,3.0,1018.56,10.0,2849.47,30.0,True
acct_447,cust_1684,bank,acct_main_cust_1684,ACCOUNT_EVENT,online,34.09,BND,34.09,BN,BN,,False,2025-02-19 15:00:00,0,15,2,19.270000000000127,3.0,230.88,10.0,1971.17,30.0,True
acct_606,cust_1686,bank,acct_main_cust_1686,ACCOUNT_EVENT,online,50.19,BND,50.19,BN,BN,,False,2025-02-26 06:00:00,0,6,2,99.89,3.0,378.73,10.0,1559.58,30.0,True
acct_89,cust_1688,cash,acct_main_cust_1688,ACCOUNT_EVENT,branch,37.07,BND,37.07,BN,BN,,False,2025-02-04 17:00:00,0,17,1,14.679999999999886,3.0,801.5499999999998,10.0,1926.96,30.0,True
acct_6,cust_1690,cash,acct_main_cust_1690,ACCOUNT_EVENT,branch,32.66,BND,32.66,BN,BN,,False,2025-02-01 06:00:00,0,6,5,5.659999999998181,3.0,579.72,10.0,9477.94,30.0,True
acct_34,cust_1694,bank,acct_main_cust_1694,ACCOUNT_EVENT,online,105.02,BND,105.02,BN,BN,,False,2025-02-02 10:00:00,0,10,6,27.68,3.0,349.52000000000004,10.0,2097.13,30.0,True
acct_482,cust_1694,cash,acct_main_cust_1694,ACCOUNT_EVENT,branch,182.09,BND,182.09,BN,BN,,False,2025-02-21 02:00:00,0,2,4,130.01,3.0,452.56,10.0,2191.37,30.0,True
acct_160,cust_1695,cash,acct_main_cust_1695,ACCOUNT_EVENT,branch,100.94,BND,100.94,BN,BN,,False,2025-02-07 16:00:00,0,16,4,37.28,3.0,232.04,10.0,1137.07,30.0,True
acct_367,cust_1695,bank,acct_main_cust_1695,ACCOUNT_EVENT,online,126.54,BND,126.54,BN,BN,,False,2025-02-16 07:00:00,0,7,6,123.32,3.0,317.98,10.0,1208.02,30.0,True
acct_353,cust_17,cash,acct_main_cust_17,ACCOUNT_EVENT,branch,73.84,BND,73.84,BN,BN,,False,2025-02-15 17:00:00,0,17,5,31.77999999999989,3.0,254.82999999999996,10.0,1447.99,30.0,True
acct_512,cust_17,bank,acct_main_cust_17,ACCOUNT_EVENT,online,121.12,BND,121.12,BN,BN,,False,2025-02-22 08:00:00,0,8,5,104.6299999999999,3.0,278.67,10.0,1373.83,30.0,True
acct_645,cust_1700,bank,acct_main_cust_1700,ACCOUNT_EVENT,online,197.28,BND,197.28,BN,BN,,False,2025-02-27 21:00:00,0,21,3,111.87999999999994,3.0,227.68999999999997,10.0,1568.4299999999998,30.0,True
acct_456,cust_1701,cash,acct_main_cust_1701,ACCOUNT_EVENT,branch,440.85,BND,440.85,BN,BN,,False,2025-02-20 00:00:00,0,0,3,176.48999999999998,3.0,872.55,10.0,2866.22,30.0,True
acct_549,cust_1703,bank,acct_main_cust_1703,ACCOUNT_EVENT,online,59.34,BND,59.34,BN,BN,,False,2025-02-23 21:00:00,0,21,6,339.34,3.0,536.15,10.0,1893.57,30.0,True
acct_455,cust_1709,bank,acct_main_cust_1709,ACCOUNT_EVENT,online,90.08,BND,90.08,BN,BN,,False,2025-02-19 23:00:00,0,23,2,95.06000000000004,3.0,276.24,10.0,1492.3,30.0,True
acct_110,cust_1710,bank,acct_main_cust_1710,ACCOUNT_EVENT,online,78.14,BND,78.14,BN,BN,,False,2025-02-05 14:00:00,0,14,2,815.11,3.0,1199.59,10.0,1945.87,30.0,True
acct_276,cust_1712,bank,acct_main_cust_1712,ACCOUNT_EVENT,online,219.35,BND,219.35,BN,BN,,False,2025-02-12 12:00:00,0,12,2,103.64000000000006,3.0,607.05,10.0,1587.4599999999998,30.0,True
acct_183,cust_1724,cash,acct_main_cust_1724,ACCOUNT_EVENT,branch,263.63,BND,263.63,BN,BN,,False,2025-02-08 15:00:00,0,15,5,113.94999999999996,3.0,993.41,10.0,2915.11,30.0,True
acct_78,cust_1733,cash,acct_main_cust_1733,ACCOUNT_EVENT,branch,31.2,BND,31.2,BN,BN,,False,2025-02-04 06:00:00,0,6,1,268.06,3.0,806.31,10.0,2057.01,30.0,True
acct_594,cust_1734,cash,acct_main_cust_1734,ACCOUNT_EVENT,branch,137.42,BND,137.42,BN,BN,,False,2025-02-25 18:00:00,0,18,1,98.26,3.0,1146.9799999999998,10.0,1974.33,30.0,True
acct_226,cust_1739,cash,acct_main_cust_1739,ACCOUNT_EVENT,branch,164.08,BND,164.08,BN,BN,,False,2025-02-10 10:00:00,0,10,0,220.39999999999984,3.0,669.4200000000001,10.0,2508.44,30.0,True
acct_327,cust_174,cash,acct_main_cust_174,ACCOUNT_EVENT,branch,60.87,BND,60.87,BN,BN,,False,2025-02-14 15:00:00,0,15,4,111.31,3.0,2293.71,10.0,3631.9,30.0,True
acct_371,cust_1740,bank,acct_main_cust_1740,ACCOUNT_EVENT,online,81.34,BND,81.34,BN,BN,,False,2025-02-16 11:00:00,0,11,6,247.54000000000005,3.0,278.68,10.0,1282.66,30.0,True
acct_15,cust_1742,cash,acct_main_cust_1742,ACCOUNT_EVENT,branch,95.55,BND,95.55,BN,BN,,False,2025-02-01 15:00:00,0,15,5,122.75,3.0,288.07,10.0,2372.87,30.0,True
acct_604,cust_1742,cash,acct_main_cust_1742,ACCOUNT_EVENT,branch,445.84,BND,445.84,BN,BN,,False,2025-02-26 04:00:00,0,4,2,210.6,3.0,381.72,10.0,2042.0,30.0,False
acct_86,cust_1748,bank,acct_main_cust_1748,ACCOUNT_EVENT,online,94.01,BND,94.01,BN,BN,,False,2025-02-04 14:00:00,0,14,1,683.48,3.0,1116.07,10.0,3195.97,30.0,True
acct_400,cust_175,bank,acct_main_cust_175,ACCOUNT_EVENT,online,16.26,BND,16.26,BN,BN,,False,2025-02-17 16:00:00,0,16,0,15.56,3.0,428.37,10.0,3294.5,30.0,True
acct_27,cust_1752,cash,acct_main_cust_1752,ACCOUNT_EVENT,branch,89.63,BND,89.63,BN,BN,,False,2025-02-02 03:00:00,0,3,6,189.84,3.0,644.89,10.0,3003.61,30.0,True
acct_548,cust_1754,bank,acct_main_cust_1754,ACCOUNT_EVENT,online,111.36,BND,111.36,BN,BN,,False,2025-02-23 20:00:00,0,20,6,83.23000000000002,3.0,137.69,10.0,1433.02,30.0,True
acct_53,cust_1755,cash,acct_main_cust_1755,ACCOUNT_EVENT,branch,70.7,BND,70.7,BN,BN,,False,2025-02-03 05:00:00,0,5,0,390.08,3.0,653.21,10.0,1025.25,30.0,True
acct_578,cust_1758,bank,acct_main_cust_1758,ACCOUNT_EVENT,online,52.58,BND,52.58,BN,BN,,False,2025-02-25 02:00:00,0,2,1,208.01000000000005,3.0,617.14,10.0,1487.1799999999998,30.0,True
acct_56,cust_176,bank,acct_main_cust_176,ACCOUNT_EVENT,online,138.87,BND,138.87,BN,BN,,False,2025-02-03 08:00:00,0,8,0,906.8,3.0,1610.93,10.0,5025.36,30.0,True
acct_454,cust_176,bank,acct_main_cust_176,ACCOUNT_EVENT,online,85.24,BND,85.24,BN,BN,,False,2025-02-19 22:00:00,0,22,2,990.68,3.0,1300.1600000000003,10.0,5123.95,30.0,False
acct_551,cust_1760,cash,acct_main_cust_1760,ACCOUNT_EVENT,branch,99.39,BND,99.39,BN,BN,,False,2025-02-23 23:00:00,0,23,6,323.83000000000004,3.0,753.5999999999999,10.0,2372.4500000000003,30.0,True
acct_111,cust_1761,bank,acct_main_cust_1761,ACCOUNT_EVENT,online,35.85,BND,35.85,BN,BN,,False,2025-02-05 15:00:00,0,15,2,257.33000000000004,3.0,536.11,10.0,1071.32,30.0,True
acct_10,cust_1763,cash,acct_main_cust_1763,ACCOUNT_EVENT,branch,47.18,BND,47.18,BN,BN,,False,2025-02-01 10:00:00,0,10,5,263.04,3.0,463.93,10.0,1510.12,30.0,True
acct_25,cust_1768,cash,acct_main_cust_1768,ACCOUNT_EVENT,branch,63.13,BND,63.13,BN,BN,,False,2025-02-02 01:00:00,0,1,6,104.76000000000006,3.0,619.13,10.0,1087.2,30.0,True
acct_600,cust_1769,bank,acct_main_cust_1769,ACCOUNT_EVENT,online,40.1,BND,40.1,BN,BN,,False,2025-02-26 00:00:00,0,0,2,84.67999999999999,3.0,267.21,10.0,2051.65,30.0,True
acct_442,cust_1770,cash,acct_main_cust_1770,ACCOUNT_EVENT,branch,130.38,BND,130.38,BN,BN,,False,2025-02-19 10:00:00,0,10,2,1273.78,3.0,1458.51,10.0,2429.91,30.0,True
acct_445,cust_1775,bank,acct_main_cust_1775,ACCOUNT_EVENT,online,165.24,BND,165.24,BN,BN,,False,2025-02-19 13:00:00,0,13,2,180.09999999999977,3.0,2843.34,10.0,5398.47,30.0,True
acct_190,cust_1781,bank,acct_main_cust_1781,ACCOUNT_EVENT,online,110.84,BND,110.84,BN,BN,,False,2025-02-08 22:00:00,0,22,5,133.23000000000002,3.0,234.95,10.0,1264.79,30.0,True
acct_387,cust_1783,cash,acct_main_cust_1783,ACCOUNT_EVENT,branch,159.76,BND,159.76,BN,BN,,False,2025-02-17 03:00:00,0,3,0,79.79,3.0,1392.0900000000004,10.0,3896.73,30.0,True
acct_270,cust_1785,bank,acct_main_cust_1785,ACCOUNT_EVENT,online,233.57,BND,233.57,BN,BN,,False,2025-02-12 06:00:00,0,6,2,109.99,3.0,481.61,10.0,3743.11,30.0,True
acct_525,cust_1788,cash,acct_main_cust_1788,ACCOUNT_EVENT,branch,49.72,BND,49.72,BN,BN,,False,2025-02-22 21:00:00,0,21,5,548.8100000000001,3.0,1058.47,10.0,2521.28,30.0,True
acct_134,cust_1793,bank,acct_main_cust_1793,ACCOUNT_EVENT,online,96.31,BND,96.31,BN,BN,,False,2025-02-06 14:00:00,0,14,3,40.58,3.0,671.1099999999999,10.0,2755.21,30.0,True
acct_357,cust_1794,cash,acct_main_cust_1794,ACCOUNT_EVENT,branch,67.5,BND,67.5,BN,BN,,False,2025-02-15 21:00:00,0,21,5,74.53999999999999,3.0,209.27,10.0,2044.53,30.0,True
acct_553,cust_1795,bank,acct_main_cust_1795,ACCOUNT_EVENT,online,57.24,BND,57.24,BN,BN,,False,2025-02-24 01:00:00,0,1,0,230.75,3.0,432.8,10.0,1540.66,30.0,True
acct_625,cust_1802,cash,acct_main_cust_1802,ACCOUNT_EVENT,branch,303.28,BND,303.28,BN,BN,,False,2025-02-27 01:00:00,0,1,3,44.47,3.0,490.54,10.0,1686.74,30.0,True
acct_156,cust_1803,cash,acct_main_cust_1803,ACCOUNT_EVENT,branch,54.97,BND,54.97,BN,BN,,False,2025-02-07 12:00:00,0,12,4,143.32,3.0,415.14,10.0,1309.02,30.0,True
acct_23,cust_1807,bank,acct_main_cust_1807,ACCOUNT_EVENT,online,63.92,BND,63.92,BN,BN,,False,2025-02-01 23:00:00,0,23,5,16.169999999999998,3.0,1249.89,10.0,2005.26,30.0,True
acct_545,cust_1810,bank,acct_main_cust_1810,ACCOUNT_EVENT,online,145.88,BND,145.88,BN,BN,,False,2025-02-23 17:00:00,0,17,6,2073.11,3.0,2232.2900000000004,10.0,2833.06,30.0,True
acct_92,cust_1824,cash,acct_main_cust_1824,ACCOUNT_EVENT,branch,48.6,BND,48.6,BN,BN,,False,2025-02-04 20:00:00,0,20,1,23.76999999999988,3.0,656.44,10.0,1851.92,30.0,True
acct_416,cust_1827,bank,acct_main_cust_1827,ACCOUNT_EVENT,online,112.59,BND,112.59,BN,BN,,False,2025-02-18 08:00:00,0,8,1,324.43,3.0,582.6099999999999,10.0,2094.05,30.0,True
acct_109,cust_1829,cash,acct_main_cust_1829,ACCOUNT_EVENT,branch,107.08,BND,107.08,BN,BN,,False,2025-02-05 13:00:00,0,13,2,242.6,3.0,482.67,10.0,2163.48,30.0,True
acct_47,cust_1830,bank,acct_main_cust_1830,ACCOUNT_EVENT,online,277.5,BND,277.5,BN,BN,,False,2025-02-02 23:00:00,0,23,6,35.09,3.0,1071.5,10.0,5339.36,30.0,True
acct_91,cust_1838,cash,acct_main_cust_1838,ACCOUNT_EVENT,branch,25.17,BND,25.17,BN,BN,,False,2025-02-04 19:00:00,0,19,1,83.69999999999999,3.0,191.41,10.0,3510.24,30.0,True
acct_509,cust_1838,bank,acct_main_cust_1838,ACCOUNT_EVENT,online,29.75,BND,29.75,BN,BN,,False,2025-02-22 05:00:00,0,5,5,63.15,3.0,206.68,10.0,3490.4100000000003,30.0,True
acct_504,cust_1843,bank,acct_main_cust_1843,ACCOUNT_EVENT,online,42.92,BND,42.92,BN,BN,,False,2025-02-22 00:00:00,0,0,5,177.44,3.0,1825.37,10.0,2894.6,30.0,True
acct_191,cust_1845,cash,acct_main_cust_1845,ACCOUNT_EVENT,branch,67.96,BND,67.96,BN,BN,,False,2025-02-08 23:00:00,0,23,5,35.21,3.0,303.25,10.0,1369.61,30.0,True
acct_155,cust_1846,cash,acct_main_cust_1846,ACCOUNT_EVENT,branch,89.7,BND,89.7,BN,BN,,False,2025-02-07 11:00:00,0,11,4,63.31,3.0,229.2,10.0,1938.63,30.0,True
acct_478,cust_1852,bank,acct_main_cust_1852,ACCOUNT_EVENT,online,57.37,BND,57.37,BN,BN,,False,2025-02-20 22:00:00,0,22,3,75.76000000000005,3.0,435.4599999999999,10.0,1189.5,30.0,True
acct_532,cust_1862,bank,acct_main_cust_1862,ACCOUNT_EVENT,online,33.7,BND,33.7,BN,BN,,False,2025-02-23 04:00:00,0,4,6,45.08,3.0,204.1700000000002,10.0,1497.5800000000004,30.0,True
acct_480,cust_1868,cash,acct_main_cust_1868,ACCOUNT_EVENT,branch,112.32,BND,112.32,BN,BN,,False,2025-02-21 00:00:00,0,0,4,28.249999999999996,3.0,168.39999999999998,10.0,2752.71,30.0,True
acct_240,cust_1872,bank,acct_main_cust_1872,ACCOUNT_EVENT,online,196.97,BND,196.97,BN,BN,,False,2025-02-11 00:00:00,0,0,1,13.29,3.0,329.02,10.0,2552.58,30.0,True
acct_306,cust_1872,cash,acct_main_cust_1872,ACCOUNT_EVENT,branch,65.12,BND,65.12,BN,BN,,False,2025-02-13 18:00:00,0,18,3,198.76,3.0,520.0,10.0,2736.69,30.0,True
acct_396,cust_1874,bank,acct_main_cust_1874,ACCOUNT_EVENT,online,31.39,BND,31.39,BN,BN,,False,2025-02-17 12:00:00,0,12,0,12.06,3.0,97.51000000000022,10.0,3693.170000000001,30.0,True
acct_364,cust_188,cash,acct_main_cust_188,ACCOUNT_EVENT,branch,62.47,BND,62.47,BN,BN,,False,2025-02-16 04:00:00,0,4,6,93.87,3.0,884.33,10.0,1532.0,30.0,True
acct_490,cust_1883,cash,acct_main_cust_1883,ACCOUNT_EVENT,branch,133.79,BND,133.79,BN,BN,,False,2025-02-21 10:00:00,0,10,4,172.80000000000015,3.0,516.99,10.0,1130.9599999999998,30.0,True
acct_102,cust_1884,cash,acct_main_cust_1884,ACCOUNT_EVENT,branch,113.73,BND,113.73,BN,BN,,False,2025-02-05 06:00:00,0,6,2,821.37,3.0,1195.81,10.0,4287.03,30.0,True
acct_0,cust_1889,bank,acct_main_cust_1889,ACCOUNT_EVENT,online,114.32,BND,114.32,BN,BN,,False,2025-02-01 00:00:00,0,0,5,356.7200000000001,3.0,741.9,10.0,1760.08,30.0,True
acct_401,cust_1890,bank,acct_main_cust_1890,ACCOUNT_EVENT,online,318.72,BND,318.72,BN,BN,,False,2025-02-17 17:00:00,0,17,0,233.96,3.0,1928.87,10.0,3028.69,30.0,True
acct_434,cust_1897,bank,acct_main_cust_1897,ACCOUNT_EVENT,online,40.34,BND,40.34,BN,BN,,False,2025-02-19 02:00:00,0,2,2,54.98,3.0,392.1500000000003,10.0,3063.42,30.0,True
acct_292,cust_1900,cash,acct_main_cust_1900,ACCOUNT_EVENT,branch,193.89,BND,193.89,BN,BN,,False,2025-02-13 04:00:00,0,4,3,417.37,3.0,616.18,10.0,1770.95,30.0,True
acct_18,cust_1913,cash,acct_main_cust_1913,ACCOUNT_EVENT,branch,34.82,BND,34.82,BN,BN,,False,2025-02-01 18:00:00,0,18,5,111.0,3.0,398.94,10.0,5272.27,30.0,True
acct_541,cust_1924,cash,acct_main_cust_1924,ACCOUNT_EVENT,branch,73.9,BND,73.9,BN,BN,,False,2025-02-23 13:00:00,0,13,6,203.28,3.0,297.42,10.0,1783.5500000000002,30.0,True
acct_267,cust_193,bank,acct_main_cust_193,ACCOUNT_EVENT,online,157.48,BND,157.48,BN,BN,,False,2025-02-12 03:00:00,0,3,2,120.2,3.0,284.83,10.0,1989.19,30.0,True
acct_347,cust_1935,cash,acct_main_cust_1935,ACCOUNT_EVENT,branch,230.21,BND,230.21,BN,BN,,False,2025-02-15 11:00:00,0,11,5,118.17,3.0,477.14,10.0,1009.39,30.0,True
acct_26,cust_1938,bank,acct_main_cust_1938,ACCOUNT_EVENT,online,153.65,BND,153.65,BN,BN,,False,2025-02-02 02:00:00,0,2,6,193.38,3.0,297.39000000000004,10.0,1161.28,30.0,True
acct_243,cust_1939,cash,acct_main_cust_1939,ACCOUNT_EVENT,branch,41.85,BND,41.85,BN,BN,,False,2025-02-11 03:00:00,0,3,1,56.16000000000005,3.0,469.85,10.0,1386.59,30.0,True
acct_152,cust_1941,cash,acct_main_cust_1941,ACCOUNT_EVENT,branch,39.07,BND,39.07,BN,BN,,False,2025-02-07 08:00:00,0,8,4,15.38,3.0,79.86000000000011,10.0,1314.26,30.0,True
acct_114,cust_1942,cash,acct_main_cust_1942,ACCOUNT_EVENT,branch,169.94,BND,169.94,BN,BN,,False,2025-02-05 18:00:00,0,18,2,39.42,3.0,1187.0400000000004,10.0,2026.98,30.0,True
acct_361,cust_1945,bank,acct_main_cust_1945,ACCOUNT_EVENT,online,186.61,BND,186.61,BN,BN,,False,2025-02-16 01:00:00,0,1,6,1944.77,3.0,2660.22,10.0,3216.97,30.0,True
acct_112,cust_1946,cash,acct_main_cust_1946,ACCOUNT_EVENT,branch,61.61,BND,61.61,BN,BN,,False,2025-02-05 16:00:00,0,16,2,16.89,3.0,452.28,10.0,2071.92,30.0,True
acct_196,cust_1957,cash,acct_main_cust_1957,ACCOUNT_EVENT,branch,28.52,BND,28.52,BN,BN,,False,2025-02-09 04:00:00,0,4,6,992.35,3.0,1924.09,10.0,3850.66,30.0,True
acct_616,cust_1958,cash,acct_main_cust_1958,ACCOUNT_EVENT,branch,101.75,BND,101.75,BN,BN,,False,2025-02-26 16:00:00,0,16,2,163.0,3.0,508.09,10.0,2482.03,30.0,True
acct_107,cust_1959,bank,acct_main_cust_1959,ACCOUNT_EVENT,online,158.38,BND,158.38,BN,BN,,False,2025-02-05 11:00:00,0,11,2,117.40999999999988,3.0,788.6600000000001,10.0,1849.87,30.0,True
acct_582,cust_1959,cash,acct_main_cust_1959,ACCOUNT_EVENT,branch,24.68,BND,24.68,BN,BN,,False,2025-02-25 06:00:00,0,6,1,171.3699999999999,3.0,789.0400000000001,10.0,2006.96,30.0,True
acct_224,cust_1960,cash,acct_main_cust_1960,ACCOUNT_EVENT,branch,18.89,BND,18.89,BN,BN,,False,2025-02-10 08:00:00,0,8,0,321.64000000000004,3.0,889.5,10.0,2124.6800000000003,30.0,True
acct_502,cust_1962,bank,acct_main_cust_1962,ACCOUNT_EVENT,online,154.02,BND,154.02,BN,BN,,False,2025-02-21 22:00:00,0,22,4,70.99,3.0,159.76,10.0,2620.4,30.0,True
acct_262,cust_1965,bank,acct_main_cust_1965,ACCOUNT_EVENT,online,162.74,BND,162.74,BN,BN,,False,2025-02-11 22:00:00,1,22,1,126.27,3.0,1357.1199999999994,10.0,8901.779999999999,30.0,True
acct_468,cust_1966,bank,acct_main_cust_1966,ACCOUNT_EVENT,online,65.64,BND,65.64,BN,BN,,False,2025-02-20 12:00:00,0,12,3,89.77000000000001,3.0,627.78,10.0,2639.0,30.0,True
acct_407,cust_1968,bank,acct_main_cust_1968,ACCOUNT_EVENT,online,78.11,BND,78.11,BN,BN,,False,2025-02-17 23:00:00,0,23,0,32.67,3.0,484.91,10.0,1257.37,30.0,True
acct_363,cust_1979,cash,acct_main_cust_1979,ACCOUNT_EVENT,branch,210.61,BND,210.61,BN,BN,,False,2025-02-16 03:00:00,0,3,6,33.80999999999988,3.0,909.3,10.0,3269.38,30.0,True
acct_272,cust_1980,bank,acct_main_cust_1980,ACCOUNT_EVENT,online,189.59,BND,189.59,BN,BN,,False,2025-02-12 08:00:00,0,8,2,1509.82,3.0,1987.01,10.0,3614.26,30.0,True
acct_245,cust_1981,bank,acct_main_cust_1981,ACCOUNT_EVENT,online,21.78,BND,21.78,BN,BN,,False,2025-02-11 05:00:00,0,5,1,86.6,3.0,790.67,10.0,2411.86,30.0,True
acct_426,cust_1982,bank,acct_main_cust_1982,ACCOUNT_EVENT,online,589.56,BND,589.56,BN,BN,,False,2025-02-18 18:00:00,0,18,1,106.84999999999997,3.0,860.4000000000001,10.0,2308.2,30.0,True
acct_238,cust_1983,cash,acct_main_cust_1983,ACCOUNT_EVENT,branch,83.79,BND,83.79,BN,BN,,False,2025-02-10 22:00:00,0,22,0,373.67,3.0,816.04,10.0,3892.4,30.0,True
acct_483,cust_1985,cash,acct_main_cust_1985,ACCOUNT_EVENT,branch,73.4,BND,73.4,BN,BN,,False,2025-02-21 03:00:00,0,3,4,124.26,3.0,623.23,10.0,2699.72,30.0,True
acct_85,cust_1993,bank,acct_main_cust_1993,ACCOUNT_EVENT,online,98.31,BND,98.31,BN,BN,,False,2025-02-04 13:00:00,0,13,1,185.05999999999975,3.0,812.5899999999997,10.0,3967.4,30.0,True
acct_579,cust_1993,cash,acct_main_cust_1993,ACCOUNT_EVENT,branch,44.98,BND,44.98,BN,BN,,False,2025-02-25 03:00:00,0,3,1,275.3999999999997,3.0,903.5099999999998,10.0,4016.48,30.0,True
acct_484,cust_1994,cash,acct_main_cust_1994,ACCOUNT_EVENT,branch,42.74,BND,42.74,BN,BN,,False,2025-02-21 04:00:00,0,4,4,237.94,3.0,559.9699999999999,10.0,2058.94,30.0,True
acct_610,cust_1996,cash,acct_main_cust_1996,ACCOUNT_EVENT,branch,92.11,BND,92.11,BN,BN,,False,2025-02-26 10:00:00,0,10,2,38.3,3.0,564.1700000000001,10.0,2491.05,30.0,True
acct_32,cust_1998,cash,acct_main_cust_1998,ACCOUNT_EVENT,branch,39.37,BND,39.37,BN,BN,,False,2025-02-02 08:00:00,0,8,6,43.31,3.0,486.78,10.0,2108.28,30.0,True
acct_351,cust_1998,bank,acct_main_cust_1998,ACCOUNT_EVENT,online,88.55,BND,88.55,BN,BN,,False,2025-02-15 15:00:00,0,15,5,77.78,3.0,525.15,10.0,2131.75,30.0,True
acct_257,cust_200,bank,acct_main_cust_200,ACCOUNT_EVENT,online,63.44,BND,63.44,BN,BN,,False,2025-02-11 17:00:00,0,17,1,85.74999999999999,3.0,1287.6,10.0,3604.75,30.0,True
acct_130,cust_201,bank,acct_main_cust_201,ACCOUNT_EVENT,online,79.52,BND,79.52,BN,BN,,False,2025-02-06 10:00:00,0,10,3,65.20999999999998,3.0,293.7,10.0,2431.61,30.0,True
acct_207,cust_202,cash,acct_main_cust_202,ACCOUNT_EVENT,branch,127.37,BND,127.37,BN,BN,,False,2025-02-09 15:00:00,0,15,6,1011.9,3.0,1210.98,10.0,2177.4700000000003,30.0,True
acct_308,cust_203,bank,acct_main_cust_203,ACCOUNT_EVENT,online,36.81,BND,36.81,BN,BN,,False,2025-02-13 20:00:00,0,20,3,453.5500000000001,3.0,2165.34,10.0,3466.26,30.0,True
acct_423,cust_204,bank,acct_main_cust_204,ACCOUNT_EVENT,online,318.12,BND,318.12,BN,BN,,False,2025-02-18 15:00:00,0,15,1,40.18,3.0,554.99,10.0,2223.07,30.0,True
acct_607,cust_205,cash,acct_main_cust_205,ACCOUNT_EVENT,branch,80.52,BND,80.52,BN,BN,,False,2025-02-26 07:00:00,0,7,2,552.3299999999999,3.0,1101.41,10.0,2543.9,30.0,True
acct_225,cust_206,bank,acct_main_cust_206,ACCOUNT_EVENT,online,153.06,BND,153.06,BN,BN,,False,2025-02-10 09:00:00,0,9,0,38.1,3.0,434.85,10.0,2443.65,30.0,True
acct_415,cust_207,cash,acct_main_cust_207,ACCOUNT_EVENT,branch,158.21,BND,158.21,BN,BN,,False,2025-02-18 07:00:00,0,7,1,138.34,3.0,344.92999999999995,10.0,903.13,30.0,True
acct_622,cust_210,bank,acct_main_cust_210,ACCOUNT_EVENT,online,42.48,BND,42.48,BN,BN,,False,2025-02-26 22:00:00,0,22,2,87.0700000000001,3.0,831.64,10.0,2655.63,30.0,True
acct_591,cust_211,cash,acct_main_cust_211,ACCOUNT_EVENT,branch,100.6,BND,100.6,BN,BN,,False,2025-02-25 15:00:00,0,15,1,151.94,3.0,859.83,10.0,1845.28,30.0,True
acct_299,cust_217,bank,acct_main_cust_217,ACCOUNT_EVENT,online,114.35,BND,114.35,BN,BN,,False,2025-02-13 11:00:00,0,11,3,110.99,3.0,298.1099999999999,10.0,1774.23,30.0,True
acct_126,cust_22,cash,acct_main_cust_22,ACCOUNT_EVENT,branch,86.61,BND,86.61,BN,BN,,False,2025-02-06 06:00:00,0,6,3,575.4,3.0,1296.73,10.0,3606.19,30.0,True
acct_376,cust_228,cash,acct_main_cust_228,ACCOUNT_EVENT,branch,45.7,BND,45.7,BN,BN,,False,2025-02-16 16:00:00,0,16,6,20.57,3.0,798.73,10.0,1255.45,30.0,True
acct_556,cust_228,bank,acct_main_cust_228,ACCOUNT_EVENT,online,114.98,BND,114.98,BN,BN,,False,2025-02-24 04:00:00,0,4,0,65.27000000000001,3.0,740.8900000000001,10.0,1271.59,30.0,True
acct_290,cust_229,bank,acct_main_cust_229,ACCOUNT_EVENT,online,46.51,BND,46.51,BN,BN,,False,2025-02-13 02:00:00,0,2,3,174.20000000000002,3.0,885.26,10.0,3010.59,30.0,True
acct_508,cust_231,cash,acct_main_cust_231,ACCOUNT_EVENT,branch,227.06,BND,227.06,BN,BN,,False,2025-02-22 04:00:00,0,4,5,109.85,3.0,448.38,10.0,2466.28,30.0,True
acct_266,cust_235,bank,acct_main_cust_235,ACCOUNT_EVENT,online,59.3,BND,59.3,BN,BN,,False,2025-02-12 02:00:00,0,2,2,62.59,3.0,551.27,10.0,2569.78,30.0,True
acct_496,cust_240,cash,acct_main_cust_240,ACCOUNT_EVENT,branch,208.97,BND,208.97,BN,BN,,False,2025-02-21 16:00:00,0,16,4,175.0799999999998,3.0,607.77,10.0,2387.47,30.0,True
acct_569,cust_244,bank,acct_main_cust_244,ACCOUNT_EVENT,online,49.86,BND,49.86,BN,BN,,False,2025-02-24 17:00:00,0,17,0,117.49000000000004,3.0,625.15,10.0,2867.26,30.0,True
acct_458,cust_245,cash,acct_main_cust_245,ACCOUNT_EVENT,branch,80.42,BND,80.42,BN,BN,,False,2025-02-20 02:00:00,0,2,3,19.76,3.0,1525.71,10.0,4533.089999999999,30.0,True
acct_530,cust_245,cash,acct_main_cust_245,ACCOUNT_EVENT,branch,41.18,BND,41.18,BN,BN,,False,2025-02-23 02:00:00,0,2,6,95.19,3.0,1596.13,10.0,4513.53,30.0,False
acct_101,cust_249,bank,acct_main_cust_249,ACCOUNT_EVENT,online,193.96,BND,193.96,BN,BN,,False,2025-02-05 05:00:00,0,5,2,387.66,3.0,486.87,10.0,3980.9,30.0,True
acct_337,cust_249,bank,acct_main_cust_249,ACCOUNT_EVENT,online,78.93,BND,78.93,BN,BN,,False,2025-02-15 01:00:00,0,1,5,499.71,3.0,653.5400000000001,10.0,4160.86,30.0,False
acct_531,cust_251,bank,acct_main_cust_251,ACCOUNT_EVENT,online,63.67,BND,63.67,BN,BN,,False,2025-02-23 03:00:00,0,3,6,703.1800000000001,3.0,1687.6699999999998,10.0,2987.1400000000003,30.0,True
acct_466,cust_252,cash,acct_main_cust_252,ACCOUNT_EVENT,branch,151.44,BND,151.44,BN,BN,,False,2025-02-20 10:00:00,0,10,3,58.87,3.0,168.97,10.0,1230.8,30.0,True
acct_179,cust_259,bank,acct_main_cust_259,ACCOUNT_EVENT,online,139.01,BND,139.01,BN,BN,,False,2025-02-08 11:00:00,0,11,5,64.7,3.0,482.65,10.0,2472.9100000000003,30.0,True
acct_173,cust_264,cash,acct_main_cust_264,ACCOUNT_EVENT,branch,123.67,BND,123.67,BN,BN,,False,2025-02-08 05:00:00,0,5,5,69.39000000000003,3.0,254.93,10.0,1622.35,30.0,True
acct_44,cust_269,cash,acct_main_cust_269,ACCOUNT_EVENT,branch,288.8,BND,288.8,BN,BN,,False,2025-02-02 20:00:00,0,20,6,44.69999999999996,3.0,240.01999999999995,10.0,1224.79,30.0,True
acct_349,cust_273,bank,acct_main_cust_273,ACCOUNT_EVENT,online,106.44,BND,106.44,BN,BN,,False,2025-02-15 13:00:00,0,13,5,78.55000000000005,3.0,724.6,10.0,1672.26,30.0,True
acct_38,cust_275,cash,acct_main_cust_275,ACCOUNT_EVENT,branch,26.33,BND,26.33,BN,BN,,False,2025-02-02 14:00:00,0,14,6,71.69,3.0,1178.9899999999998,10.0,5431.58,30.0,True
acct_413,cust_277,cash,acct_main_cust_277,ACCOUNT_EVENT,branch,43.91,BND,43.91,BN,BN,,False,2025-02-18 05:00:00,0,5,1,42.19999999999997,3.0,445.11,10.0,2029.0,30.0,True
acct_444,cust_279,bank,acct_main_cust_279,ACCOUNT_EVENT,online,141.02,BND,141.02,BN,BN,,False,2025-02-19 12:00:00,0,12,2,320.41,3.0,887.87,10.0,1988.02,30.0,True
acct_449,cust_282,bank,acct_main_cust_282,ACCOUNT_EVENT,online,320.97,BND,320.97,BN,BN,,False,2025-02-19 17:00:00,0,17,2,70.89,3.0,213.90000000000032,10.0,1670.04,30.0,True
acct_564,cust_282,cash,acct_main_cust_282,ACCOUNT_EVENT,branch,80.07,BND,80.07,BN,BN,,False,2025-02-24 12:00:00,0,12,0,362.86,3.0,533.9800000000004,10.0,1759.01,30.0,True
acct_289,cust_283,bank,acct_main_cust_283,ACCOUNT_EVENT,online,43.8,BND,43.8,BN,BN,,False,2025-02-13 01:00:00,0,1,3,44.77,3.0,1107.04,10.0,2525.84,30.0,True
acct_460,cust_289,cash,acct_main_cust_289,ACCOUNT_EVENT,branch,122.53,BND,122.53,BN,BN,,False,2025-02-20 04:00:00,0,4,3,110.5,3.0,223.99,10.0,2500.98,30.0,True
acct_96,cust_292,cash,acct_main_cust_292,ACCOUNT_EVENT,branch,39.02,BND,39.02,BN,BN,,False,2025-02-05 00:00:00,0,0,2,26.64,3.0,1324.5400000000002,10.0,1970.12,30.0,True
acct_161,cust_30,bank,acct_main_cust_30,ACCOUNT_EVENT,online,140.03,BND,140.03,BN,BN,,False,2025-02-07 17:00:00,0,17,4,222.92999999999984,3.0,537.15,10.0,2424.2200000000003,30.0,True
acct_259,cust_30,bank,acct_main_cust_30,ACCOUNT_EVENT,online,181.58,BND,181.58,BN,BN,,False,2025-02-11 19:00:00,0,19,1,342.9799999999999,3.0,627.1899999999999,10.0,2399.07,30.0,False
acct_297,cust_30,bank,acct_main_cust_30,ACCOUNT_EVENT,online,38.37,BND,38.37,BN,BN,,False,2025-02-13 09:00:00,0,9,3,504.6099999999999,3.0,754.77,10.0,2529.27,30.0,False
acct_19,cust_301,bank,acct_main_cust_301,ACCOUNT_EVENT,online,184.75,BND,184.75,BN,BN,,False,2025-02-01 19:00:00,0,19,5,101.75999999999988,3.0,896.69,10.0,2640.16,30.0,True
acct_33,cust_302,cash,acct_main_cust_302,ACCOUNT_EVENT,branch,38.72,BND,38.72,BN,BN,,False,2025-02-02 09:00:00,0,9,6,164.4800000000001,3.0,451.31,10.0,1691.26,30.0,True
acct_405,cust_310,bank,acct_main_cust_310,ACCOUNT_EVENT,online,385.47,BND,385.47,BN,BN,,False,2025-02-17 21:00:00,0,21,0,252.76999999999987,3.0,412.97,10.0,1394.29,30.0,True
acct_229,cust_313,bank,acct_main_cust_313,ACCOUNT_EVENT,online,115.54,BND,115.54,BN,BN,,False,2025-02-10 13:00:00,0,13,0,105.33,3.0,334.72999999999985,10.0,1944.17,30.0,True
acct_417,cust_318,cash,acct_main_cust_318,ACCOUNT_EVENT,branch,65.14,BND,65.14,BN,BN,,False,2025-02-18 09:00:00,0,9,1,162.47,3.0,846.7299999999998,10.0,2884.06,30.0,True
acct_7,cust_320,cash,acct_main_cust_320,ACCOUNT_EVENT,branch,77.51,BND,77.51,BN,BN,,False,2025-02-01 07:00:00,0,7,5,149.82,3.0,1011.97,10.0,1750.84,30.0,True
acct_339,cust_322,bank,acct_main_cust_322,ACCOUNT_EVENT,online,138.26,BND,138.26,BN,BN,,False,2025-02-15 03:00:00,0,3,5,137.20999999999998,3.0,534.6,10.0,5143.59,30.0,True
acct_457,cust_322,cash,acct_main_cust_322,ACCOUNT_EVENT,branch,35.5,BND,35.5,BN,BN,,False,2025-02-20 01:00:00,0,1,3,255.48,3.0,598.61,10.0,5218.4800000000005,30.0,True
acct_68,cust_328,cash,acct_main_cust_328,ACCOUNT_EVENT,branch,183.15,BND,183.15,BN,BN,,False,2025-02-03 20:00:00,0,20,0,249.58,3.0,384.9600000000001,10.0,3106.81,30.0,True
acct_74,cust_328,cash,acct_main_cust_328,ACCOUNT_EVENT,branch,102.12,BND,102.12,BN,BN,,False,2025-02-04 02:00:00,0,2,1,285.23,3.0,528.1600000000001,10.0,3262.9700000000003,30.0,False
acct_150,cust_328,cash,acct_main_cust_328,ACCOUNT_EVENT,branch,400.77,BND,400.77,BN,BN,,False,2025-02-07 06:00:00,0,6,4,288.35,3.0,626.2800000000002,10.0,3316.09,30.0,False
acct_562,cust_330,bank,acct_main_cust_330,ACCOUNT_EVENT,online,137.44,BND,137.44,BN,BN,,False,2025-02-24 10:00:00,0,10,0,131.68000000000012,3.0,804.7800000000001,10.0,2976.1,30.0,True
acct_330,cust_333,bank,acct_main_cust_333,ACCOUNT_EVENT,online,151.14,BND,151.14,BN,BN,,False,2025-02-14 18:00:00,0,18,4,7.34,3.0,640.4800000000005,10.0,1809.25,30.0,True
acct_184,cust_335,cash,acct_main_cust_335,ACCOUNT_EVENT,branch,77.57,BND,77.57,BN,BN,,False,2025-02-08 16:00:00,0,16,5,119.62,3.0,957.51,10.0,4946.150000000001,30.0,True
acct_340,cust_338,bank,acct_main_cust_338,ACCOUNT_EVENT,online,92.31,BND,92.31,BN,BN,,False,2025-02-15 04:00:00,0,4,5,454.7099999999999,3.0,774.52,10.0,1684.5499999999995,30.0,True
acct_159,cust_347,cash,acct_main_cust_347,ACCOUNT_EVENT,branch,57.85,BND,57.85,BN,BN,,False,2025-02-07 15:00:00,0,15,4,27.77,3.0,256.7,10.0,2397.71,30.0,True
acct_596,cust_350,bank,acct_main_cust_350,ACCOUNT_EVENT,online,29.88,BND,29.88,BN,BN,,False,2025-02-25 20:00:00,0,20,1,366.62,3.0,512.03,10.0,1719.67,30.0,True
acct_305,cust_351,cash,acct_main_cust_351,ACCOUNT_EVENT,branch,634.2,BND,634.2,BN,BN,,False,2025-02-13 17:00:00,0,17,3,33.32,3.0,1374.61,10.0,2728.24,30.0,True
acct_285,cust_355,bank,acct_main_cust_355,ACCOUNT_EVENT,online,88.11,BND,88.11,BN,BN,,False,2025-02-12 21:00:00,0,21,2,25.57,3.0,138.24,10.0,2504.5400000000004,30.0,True
acct_488,cust_360,cash,acct_main_cust_360,ACCOUNT_EVENT,branch,22.53,BND,22.53,BN,BN,,False,2025-02-21 08:00:00,0,8,4,244.89000000000004,3.0,955.96,10.0,1649.1,30.0,True
acct_646,cust_366,bank,acct_main_cust_366,ACCOUNT_EVENT,online,47.01,BND,47.01,BN,BN,,False,2025-02-27 22:00:00,0,22,3,90.36999999999996,3.0,334.68,10.0,2121.07,30.0,True
acct_103,cust_367,bank,acct_main_cust_367,ACCOUNT_EVENT,online,114.14,BND,114.14,BN,BN,,False,2025-02-05 07:00:00,0,7,2,62.60000000000006,3.0,587.92,10.0,1809.53,30.0,True
acct_311,cust_370,bank,acct_main_cust_370,ACCOUNT_EVENT,online,180.44,BND,180.44,BN,BN,,False,2025-02-13 23:00:00,0,23,3,560.23,3.0,860.68,10.0,3617.87,30.0,True
acct_356,cust_370,bank,acct_main_cust_370,ACCOUNT_EVENT,online,26.68,BND,26.68,BN,BN,,False,2025-02-15 20:00:00,0,20,5,248.67,3.0,961.31,10.0,3752.31,30.0,False
acct_12,cust_372,bank,acct_main_cust_372,ACCOUNT_EVENT,online,33.78,BND,33.78,BN,BN,,False,2025-02-01 12:00:00,0,12,5,163.75,3.0,804.13,10.0,1439.22,30.0,True
acct_59,cust_382,bank,acct_main_cust_382,ACCOUNT_EVENT,online,404.72,BND,404.72,BN,BN,,False,2025-02-03 11:00:00,0,11,0,60.66999999999997,3.0,491.1599999999995,10.0,4753.219999999999,30.0,True
acct_36,cust_385,cash,acct_main_cust_385,ACCOUNT_EVENT,branch,16.4,BND,16.4,BN,BN,,False,2025-02-02 12:00:00,0,12,6,34.77,3.0,1569.57,10.0,4131.56,30.0,True
acct_273,cust_388,cash,acct_main_cust_388,ACCOUNT_EVENT,branch,124.59,BND,124.59,BN,BN,,False,2025-02-12 09:00:00,0,9,2,13.450000000000228,3.0,203.0,10.0,1743.9,30.0,True
acct_411,cust_389,cash,acct_main_cust_389,ACCOUNT_EVENT,branch,33.34,BND,33.34,BN,BN,,False,2025-02-18 03:00:00,0,3,1,132.47000000000003,3.0,246.33,10.0,1236.1999999999998,30.0,True
acct_588,cust_39,bank,acct_main_cust_39,ACCOUNT_EVENT,online,259.31,BND,259.31,BN,BN,,False,2025-02-25 12:00:00,0,12,1,85.03000000000014,3.0,280.14,10.0,1191.78,30.0,True
acct_127,cust_391,bank,acct_main_cust_391,ACCOUNT_EVENT,online,90.27,BND,90.27,BN,BN,,False,2025-02-06 07:00:00,0,7,3,101.89,3.0,246.66000000000025,10.0,4303.17,30.0,True
acct_485,cust_392,bank,acct_main_cust_392,ACCOUNT_EVENT,online,66.6,BND,66.6,BN,BN,,False,2025-02-21 05:00:00,0,5,4,258.5,3.0,511.88,10.0,4215.7,30.0,True
acct_37,cust_397,bank,acct_main_cust_397,ACCOUNT_EVENT,online,164.91,BND,164.91,BN,BN,,False,2025-02-02 13:00:00,0,13,6,125.2,3.0,659.8100000000001,10.0,2154.57,30.0,True
acct_287,cust_400,bank,acct_main_cust_400,ACCOUNT_EVENT,online,83.54,BND,83.54,BN,BN,,False,2025-02-12 23:00:00,0,23,2,131.70000000000007,3.0,655.9300000000001,10.0,2818.34,30.0,True
acct_11,cust_401,cash,acct_main_cust_401,ACCOUNT_EVENT,branch,56.44,BND,56.44,BN,BN,,False,2025-02-01 11:00:00,0,11,5,164.85,3.0,283.93,10.0,1181.89,30.0,True
acct_151,cust_406,cash,acct_main_cust_406,ACCOUNT_EVENT,branch,85.46,BND,85.46,BN,BN,,False,2025-02-07 07:00:00,0,7,4,71.55,3.0,654.43,10.0,1480.86,30.0,True
acct_258,cust_410,cash,acct_main_cust_410,ACCOUNT_EVENT,branch,80.99,BND,80.99,BN,BN,,False,2025-02-11 18:00:00,0,18,1,35.73,3.0,186.94,10.0,1525.43,30.0,True
acct_392,cust_413,bank,acct_main_cust_413,ACCOUNT_EVENT,online,20.45,BND,20.45,BN,BN,,False,2025-02-17 08:00:00,0,8,0,179.35999999999993,3.0,691.64,10.0,1822.17,30.0,True
acct_430,cust_413,bank,acct_main_cust_413,ACCOUNT_EVENT,online,151.7,BND,151.7,BN,BN,,False,2025-02-18 22:00:00,0,22,1,198.51999999999992,3.0,700.79,10.0,1834.64,30.0,False
acct_422,cust_414,cash,acct_main_cust_414,ACCOUNT_EVENT,branch,53.25,BND,53.25,BN,BN,,False,2025-02-18 14:00:00,0,14,1,171.81,3.0,455.85,10.0,2433.07,30.0,True
acct_57,cust_42,bank,acct_main_cust_42,ACCOUNT_EVENT,online,188.13,BND,188.13,BN,BN,,False,2025-02-03 09:00:00,0,9,0,60.969999999999885,3.0,821.66,10.0,3116.6800000000003,30.0,True
acct_82,cust_422,cash,acct_main_cust_422,ACCOUNT_EVENT,branch,117.63,BND,117.63,BN,BN,,False,2025-02-04 10:00:00,0,10,1,184.91,3.0,615.43,10.0,2257.18,30.0,True
acct_450,cust_429,cash,acct_main_cust_429,ACCOUNT_EVENT,branch,156.03,BND,156.03,BN,BN,,False,2025-02-19 18:00:00,0,18,2,73.85,3.0,1050.22,10.0,3115.48,30.0,True
acct_73,cust_430,bank,acct_main_cust_430,ACCOUNT_EVENT,online,93.48,BND,93.48,BN,BN,,False,2025-02-04 01:00:00,0,1,1,103.30999999999996,3.0,410.17,10.0,1649.9,30.0,True
acct_230,cust_432,bank,acct_main_cust_432,ACCOUNT_EVENT,online,49.16,BND,49.16,BN,BN,,False,2025-02-10 14:00:00,0,14,0,1616.76,3.0,2479.74,10.0,3755.06,30.0,True
acct_232,cust_434,cash,acct_main_cust_434,ACCOUNT_EVENT,branch,18.51,BND,18.51,BN,BN,,False,2025-02-10 16:00:00,0,16,0,43.28,3.0,535.15,10.0,1225.84,30.0,True
acct_253,cust_438,cash,acct_main_cust_438,ACCOUNT_EVENT,branch,258.1,BND,258.1,BN,BN,,False,2025-02-11 13:00:00,0,13,1,1996.05,3.0,2484.05,10.0,3959.49,30.0,True
acct_189,cust_439,cash,acct_main_cust_439,ACCOUNT_EVENT,branch,45.45,BND,45.45,BN,BN,,False,2025-02-08 21:00:00,0,21,5,9.42,3.0,293.4999999999997,10.0,1458.0199999999998,30.0,True
acct_452,cust_449,cash,acct_main_cust_449,ACCOUNT_EVENT,branch,35.91,BND,35.91,BN,BN,,False,2025-02-19 20:00:00,0,20,2,38.66,3.0,320.71,10.0,5995.16,30.0,True
acct_597,cust_45,bank,acct_main_cust_45,ACCOUNT_EVENT,online,287.44,BND,287.44,BN,BN,,False,2025-02-25 21:00:00,0,21,1,17.779999999999916,3.0,156.29,10.0,1445.5,30.0,True
acct_118,cust_452,bank,acct_main_cust_452,ACCOUNT_EVENT,online,130.46,BND,130.46,BN,BN,,False,2025-02-05 22:00:00,0,22,2,229.59,3.0,489.74,10.0,1546.25,30.0,True
acct_630,cust_457,cash,acct_main_cust_457,ACCOUNT_EVENT,branch,51.03,BND,51.03,BN,BN,,False,2025-02-27 06:00:00,0,6,3,58.93,3.0,4326.74,10.0,5418.9400000000005,30.0,True
acct_647,cust_46,cash,acct_main_cust_46,ACCOUNT_EVENT,branch,56.27,BND,56.27,BN,BN,,False,2025-02-27 23:00:00,0,23,3,1122.7800000000009,3.0,2057.05,10.0,4480.1900000000005,30.0,True
acct_58,cust_473,cash,acct_main_cust_473,ACCOUNT_EVENT,branch,179.36,BND,179.36,BN,BN,,False,2025-02-03 10:00:00,0,10,0,105.14000000000011,3.0,571.4699999999999,10.0,3199.94,30.0,True
acct_424,cust_476,cash,acct_main_cust_476,ACCOUNT_EVENT,branch,97.69,BND,97.69,BN,BN,,False,2025-02-18 16:00:00,0,16,1,382.59000000000026,3.0,700.4999999999999,10.0,4860.62,30.0,True
acct_338,cust_479,cash,acct_main_cust_479,ACCOUNT_EVENT,branch,46.66,BND,46.66,BN,BN,,False,2025-02-15 02:00:00,0,2,5,18.5,3.0,419.3,10.0,4575.27,30.0,True
acct_515,cust_481,cash,acct_main_cust_481,ACCOUNT_EVENT,branch,98.27,BND,98.27,BN,BN,,False,2025-02-22 11:00:00,0,11,5,400.58,3.0,512.61,10.0,1208.73,30.0,True
acct_214,cust_488,cash,acct_main_cust_488,ACCOUNT_EVENT,branch,70.04,BND,70.04,BN,BN,,False,2025-02-09 22:00:00,0,22,6,8.100000000000028,3.0,483.77,10.0,2145.34,30.0,True
acct_256,cust_49,bank,acct_main_cust_49,ACCOUNT_EVENT,online,82.36,BND,82.36,BN,BN,,False,2025-02-11 16:00:00,0,16,1,208.59999999999997,3.0,1100.09,10.0,3493.41,30.0,True
acct_251,cust_490,cash,acct_main_cust_490,ACCOUNT_EVENT,branch,116.86,BND,116.86,BN,BN,,False,2025-02-11 11:00:00,0,11,1,36.150000000000006,3.0,139.54,10.0,1472.7500000000002,30.0,True
acct_293,cust_492,bank,acct_main_cust_492,ACCOUNT_EVENT,online,127.6,BND,127.6,BN,BN,,False,2025-02-13 05:00:00,0,5,3,71.69999999999996,3.0,207.5,10.0,2580.8,30.0,True
acct_42,cust_496,bank,acct_main_cust_496,ACCOUNT_EVENT,online,79.58,BND,79.58,BN,BN,,False,2025-02-02 18:00:00,0,18,6,384.9599999999999,3.0,600.4200000000001,10.0,2647.32,30.0,True
acct_491,cust_496,cash,acct_main_cust_496,ACCOUNT_EVENT,branch,64.7,BND,64.7,BN,BN,,False,2025-02-21 11:00:00,0,11,4,454.5499999999999,3.0,585.3,10.0,2719.2200000000003,30.0,True
acct_55,cust_497,cash,acct_main_cust_497,ACCOUNT_EVENT,branch,29.8,BND,29.8,BN,BN,,False,2025-02-03 07:00:00,0,7,0,92.05000000000008,3.0,185.73,10.0,1580.34,30.0,True
acct_605,cust_50,bank,acct_main_cust_50,ACCOUNT_EVENT,online,33.09,BND,33.09,BN,BN,,False,2025-02-26 05:00:00,0,5,2,119.28999999999998,3.0,639.9,10.0,3142.72,30.0,True
acct_136,cust_500,cash,acct_main_cust_500,ACCOUNT_EVENT,branch,47.19,BND,47.19,BN,BN,,False,2025-02-06 16:00:00,0,16,3,333.5599999999999,3.0,642.74,10.0,3013.77,30.0,True
acct_90,cust_504,cash,acct_main_cust_504,ACCOUNT_EVENT,branch,75.05,BND,75.05,BN,BN,,False,2025-02-04 18:00:00,0,18,1,14.309999999999889,3.0,257.54,10.0,2384.69,30.0,True
acct_448,cust_505,cash,acct_main_cust_505,ACCOUNT_EVENT,branch,63.85,BND,63.85,BN,BN,,False,2025-02-19 16:00:00,0,16,2,148.99,3.0,503.27,10.0,1203.2999999999995,30.0,True
acct_592,cust_505,cash,acct_main_cust_505,ACCOUNT_EVENT,branch,48.94,BND,48.94,BN,BN,,False,2025-02-25 16:00:00,0,16,1,142.85,3.0,563.34,10.0,1254.9799999999998,30.0,False
acct_241,cust_506,bank,acct_main_cust_506,ACCOUNT_EVENT,online,62.08,BND,62.08,BN,BN,,False,2025-02-11 01:00:00,0,1,1,129.48,3.0,1459.18,10.0,2456.32,30.0,True
acct_552,cust_506,bank,acct_main_cust_506,ACCOUNT_EVENT,online,44.0,BND,44.0,BN,BN,,False,2025-02-24 00:00:00,0,0,0,65.06,3.0,1149.01,10.0,2462.6600000000003,30.0,False
acct_352,cust_509,bank,acct_main_cust_509,ACCOUNT_EVENT,online,77.37,BND,77.37,BN,BN,,False,2025-02-15 16:00:00,0,16,5,24.16000000000003,3.0,678.35,10.0,4053.32,30.0,True
acct_487,cust_509,bank,acct_main_cust_509,ACCOUNT_EVENT,online,176.83,BND,176.83,BN,BN,,False,2025-02-21 07:00:00,0,7,4,98.86000000000004,3.0,736.99,10.0,4121.86,30.0,False
acct_219,cust_511,bank,acct_main_cust_511,ACCOUNT_EVENT,online,84.18,BND,84.18,BN,BN,,False,2025-02-10 03:00:00,0,3,0,18.54,3.0,632.4699999999998,10.0,3471.25,30.0,True
acct_611,cust_519,bank,acct_main_cust_519,ACCOUNT_EVENT,online,43.26,BND,43.26,BN,BN,,False,2025-02-26 11:00:00,0,11,2,76.0400000000001,3.0,177.78,10.0,1298.0199999999998,30.0,True
acct_386,cust_520,cash,acct_main_cust_520,ACCOUNT_EVENT,branch,24.65,BND,24.65,BN,BN,,False,2025-02-17 02:00:00,0,2,0,271.32,3.0,575.8100000000001,10.0,2300.88,30.0,True
acct_212,cust_522,cash,acct_main_cust_522,ACCOUNT_EVENT,branch,60.25,BND,60.25,BN,BN,,False,2025-02-09 20:00:00,0,20,6,919.46,3.0,1198.44,10.0,2457.3,30.0,True
acct_320,cust_524,bank,acct_main_cust_524,ACCOUNT_EVENT,online,107.43,BND,107.43,BN,BN,,False,2025-02-14 08:00:00,0,8,4,12.680000000000009,3.0,259.8,10.0,725.07,30.0,True
acct_64,cust_526,bank,acct_main_cust_526,ACCOUNT_EVENT,online,24.17,BND,24.17,BN,BN,,False,2025-02-03 16:00:00,0,16,0,100.79,3.0,585.7299999999999,10.0,2374.87,30.0,True
acct_260,cust_528,cash,acct_main_cust_528,ACCOUNT_EVENT,branch,38.25,BND,38.25,BN,BN,,False,2025-02-11 20:00:00,0,20,1,117.65,3.0,885.76,10.0,1373.77,30.0,True
acct_164,cust_53,bank,acct_main_cust_53,ACCOUNT_EVENT,online,26.8,BND,26.8,BN,BN,,False,2025-02-07 20:00:00,0,20,4,911.0,3.0,1859.89,10.0,2691.94,30.0,True
acct_323,cust_531,cash,acct_main_cust_531,ACCOUNT_EVENT,branch,44.02,BND,44.02,BN,BN,,False,2025-02-14 11:00:00,0,11,4,132.76,3.0,1033.64,10.0,2490.9,30.0,True
acct_141,cust_533,bank,acct_main_cust_533,ACCOUNT_EVENT,online,25.89,BND,25.89,BN,BN,,False,2025-02-06 21:00:00,0,21,3,227.46,3.0,729.6800000000001,10.0,2440.14,30.0,True
acct_384,cust_533,bank,acct_main_cust_533,ACCOUNT_EVENT,online,113.27,BND,113.27,BN,BN,,False,2025-02-17 00:00:00,0,0,0,102.35,3.0,558.85,10.0,2396.68,30.0,False
acct_443,cust_534,cash,acct_main_cust_534,ACCOUNT_EVENT,branch,232.02,BND,232.02,BN,BN,,False,2025-02-19 11:00:00,0,11,2,63.060000000000045,3.0,283.18,10.0,1358.92,30.0,True
acct_438,cust_536,cash,acct_main_cust_536,ACCOUNT_EVENT,branch,784.0,BND,784.0,BN,BN,,False,2025-02-19 06:00:00,0,6,2,69.78999999999999,3.0,248.82,10.0,1188.6,30.0,True
acct_462,cust_537,cash,acct_main_cust_537,ACCOUNT_EVENT,branch,164.38,BND,164.38,BN,BN,,False,2025-02-20 06:00:00,0,6,3,8.870000000000001,3.0,828.05,10.0,1896.99,30.0,True
acct_540,cust_537,bank,acct_main_cust_537,ACCOUNT_EVENT,online,82.68,BND,82.68,BN,BN,,False,2025-02-23 12:00:00,0,12,6,166.26,3.0,805.0799999999999,10.0,1932.89,30.0,True
acct_77,cust_538,cash,acct_main_cust_538,ACCOUNT_EVENT,branch,215.96,BND,215.96,BN,BN,,False,2025-02-04 05:00:00,0,5,1,76.67999999999996,3.0,299.75,10.0,1537.9799999999998,30.0,True
acct_602,cust_541,cash,acct_main_cust_541,ACCOUNT_EVENT,branch,35.67,BND,35.67,BN,BN,,False,2025-02-26 02:00:00,0,2,2,4.41,3.0,342.0399999999998,10.0,3370.1,30.0,True
acct_39,cust_543,bank,acct_main_cust_543,ACCOUNT_EVENT,online,85.4,BND,85.4,BN,BN,,False,2025-02-02 15:00:00,0,15,6,85.49000000000005,3.0,336.02,10.0,2019.64,30.0,True
acct_472,cust_544,cash,acct_main_cust_544,ACCOUNT_EVENT,branch,49.48,BND,49.48,BN,BN,,False,2025-02-20 16:00:00,0,16,3,43.750000000000014,3.0,695.5799999999999,10.0,2443.88,30.0,True
acct_641,cust_549,bank,acct_main_cust_549,ACCOUNT_EVENT,online,51.8,BND,51.8,BN,BN,,False,2025-02-27 17:00:00,0,17,3,733.45,3.0,1323.82,10.0,2932.8500000000004,30.0,True
acct_374,cust_551,bank,acct_main_cust_551,ACCOUNT_EVENT,online,210.22,BND,210.22,BN,BN,,False,2025-02-16 14:00:00,0,14,6,224.58,3.0,354.72,10.0,892.9599999999999,30.0,True
acct_166,cust_553,bank,acct_main_cust_553,ACCOUNT_EVENT,online,80.01,BND,80.01,BN,BN,,False,2025-02-07 22:00:00,0,22,4,307.45000000000005,3.0,1395.91,10.0,2250.5,30.0,True
acct_427,cust_553,cash,acct_main_cust_553,ACCOUNT_EVENT,branch,19.43,BND,19.43,BN,BN,,False,2025-02-18 19:00:00,0,19,1,110.47000000000006,3.0,843.0,10.0,2323.02,30.0,True
acct_432,cust_555,cash,acct_main_cust_555,ACCOUNT_EVENT,branch,176.68,BND,176.68,BN,BN,,False,2025-02-19 00:00:00,0,0,2,1485.17,3.0,1838.1,10.0,3139.68,30.0,True
acct_187,cust_557,cash,acct_main_cust_557,ACCOUNT_EVENT,branch,133.64,BND,133.64,BN,BN,,False,2025-02-08 19:00:00,0,19,5,30.77,3.0,523.74,10.0,2225.75,30.0,True
acct_497,cust_557,bank,acct_main_cust_557,ACCOUNT_EVENT,online,243.75,BND,243.75,BN,BN,,False,2025-02-21 17:00:00,0,17,4,159.42,3.0,617.27,10.0,2281.39,30.0,True
acct_627,cust_559,cash,acct_main_cust_559,ACCOUNT_EVENT,branch,73.05,BND,73.05,BN,BN,,False,2025-02-27 03:00:00,0,3,3,241.85,3.0,330.91,10.0,2606.26,30.0,True
acct_332,cust_563,bank,acct_main_cust_563,ACCOUNT_EVENT,online,209.53,BND,209.53,BN,BN,,False,2025-02-14 20:00:00,0,20,4,86.36,3.0,214.24,10.0,2018.47,30.0,True
acct_618,cust_566,cash,acct_main_cust_566,ACCOUNT_EVENT,branch,211.31,BND,211.31,BN,BN,,False,2025-02-26 18:00:00,0,18,2,105.06,3.0,353.91,10.0,1293.9399999999998,30.0,True
acct_390,cust_567,bank,acct_main_cust_567,ACCOUNT_EVENT,online,48.95,BND,48.95,BN,BN,,False,2025-02-17 06:00:00,0,6,0,158.46,3.0,685.65,10.0,1645.82,30.0,True
acct_563,cust_568,bank,acct_main_cust_568,ACCOUNT_EVENT,online,82.04,BND,82.04,BN,BN,,False,2025-02-24 11:00:00,0,11,0,84.65,3.0,751.61,10.0,1281.12,30.0,True
acct_307,cust_569,bank,acct_main_cust_569,ACCOUNT_EVENT,online,51.82,BND,51.82,BN,BN,,False,2025-02-13 19:00:00,0,19,3,434.56,3.0,674.89,10.0,1750.7,30.0,True
acct_459,cust_574,cash,acct_main_cust_574,ACCOUNT_EVENT,branch,22.72,BND,22.72,BN,BN,,False,2025-02-20 03:00:00,0,3,3,42.06000000000012,3.0,415.62,10.0,2239.0600000000004,30.0,True
acct_391,cust_576,bank,acct_main_cust_576,ACCOUNT_EVENT,online,51.0,BND,51.0,BN,BN,,False,2025-02-17 07:00:00,0,7,0,102.75000000000006,3.0,761.6000000000001,10.0,2358.39,30.0,True
acct_279,cust_579,bank,acct_main_cust_579,ACCOUNT_EVENT,online,350.85,BND,350.85,BN,BN,,False,2025-02-12 15:00:00,0,15,2,46.31000000000012,3.0,583.5400000000004,10.0,2442.23,30.0,True
acct_315,cust_587,cash,acct_main_cust_587,ACCOUNT_EVENT,branch,223.52,BND,223.52,BN,BN,,False,2025-02-14 03:00:00,0,3,4,27.46000000000013,3.0,200.18,10.0,1705.9300000000003,30.0,True
acct_322,cust_587,bank,acct_main_cust_587,ACCOUNT_EVENT,online,63.25,BND,63.25,BN,BN,,False,2025-02-14 10:00:00,0,10,4,237.98000000000013,3.0,406.19,10.0,1928.5600000000004,30.0,True
acct_418,cust_589,bank,acct_main_cust_589,ACCOUNT_EVENT,online,80.18,BND,80.18,BN,BN,,False,2025-02-18 10:00:00,0,10,1,923.11,3.0,1518.68,10.0,2487.87,30.0,True
acct_72,cust_591,cash,acct_main_cust_591,ACCOUNT_EVENT,branch,6.68,BND,6.68,BN,BN,,False,2025-02-04 00:00:00,0,0,1,87.11,3.0,768.94,10.0,1443.91,30.0,True
acct_314,cust_594,cash,acct_main_cust_594,ACCOUNT_EVENT,branch,102.81,BND,102.81,BN,BN,,False,2025-02-14 02:00:00,0,2,4,21.85,3.0,2993.17,10.0,4092.7,30.0,True
acct_519,cust_595,bank,acct_main_cust_595,ACCOUNT_EVENT,online,50.43,BND,50.43,BN,BN,,False,2025-02-22 15:00:00,0,15,5,65.94,3.0,497.24,10.0,2238.73,30.0,True
acct_567,cust_597,cash,acct_main_cust_597,ACCOUNT_EVENT,branch,79.58,BND,79.58,BN,BN,,False,2025-02-24 15:00:00,0,15,0,785.4300000000001,3.0,907.92,10.0,4097.53,30.0,True
acct_46,cust_599,cash,acct_main_cust_599,ACCOUNT_EVENT,branch,38.73,BND,38.73,BN,BN,,False,2025-02-02 22:00:00,0,22,6,728.98,3.0,1410.72,10.0,2425.78,30.0,True
acct_29,cust_60,bank,acct_main_cust_60,ACCOUNT_EVENT,online,43.82,BND,43.82,BN,BN,,False,2025-02-02 05:00:00,0,5,6,84.36,3.0,462.57,10.0,3507.14,30.0,True
acct_309,cust_60,cash,acct_main_cust_60,ACCOUNT_EVENT,branch,15.11,BND,15.11,BN,BN,,False,2025-02-13 21:00:00,0,21,3,122.08,3.0,504.41,10.0,3475.32,30.0,True
acct_334,cust_604,bank,acct_main_cust_604,ACCOUNT_EVENT,online,38.59,BND,38.59,BN,BN,,False,2025-02-14 22:00:00,0,22,4,320.35,3.0,957.22,10.0,2091.09,30.0,True
acct_237,cust_607,cash,acct_main_cust_607,ACCOUNT_EVENT,branch,97.86,BND,97.86,BN,BN,,False,2025-02-10 21:00:00,0,21,0,31.14999999999994,3.0,255.32000000000005,10.0,1416.14,30.0,True
acct_436,cust_608,cash,acct_main_cust_608,ACCOUNT_EVENT,branch,335.51,BND,335.51,BN,BN,,False,2025-02-19 04:00:00,0,4,2,126.46,3.0,463.01,10.0,1191.23,30.0,True
acct_49,cust_613,cash,acct_main_cust_613,ACCOUNT_EVENT,branch,95.31,BND,95.31,BN,BN,,False,2025-02-03 01:00:00,0,1,0,313.86,3.0,674.9200000000002,10.0,3701.92,30.0,True
acct_429,cust_617,cash,acct_main_cust_617,ACCOUNT_EVENT,branch,68.13,BND,68.13,BN,BN,,False,2025-02-18 21:00:00,0,21,1,130.81,3.0,874.98,10.0,1483.48,30.0,True
acct_213,cust_621,cash,acct_main_cust_621,ACCOUNT_EVENT,branch,118.39,BND,118.39,BN,BN,,False,2025-02-09 21:00:00,0,21,6,373.65,3.0,553.35,10.0,1442.79,30.0,True
acct_167,cust_630,bank,acct_main_cust_630,ACCOUNT_EVENT,online,27.28,BND,27.28,BN,BN,,False,2025-02-07 23:00:00,0,23,4,25.26,3.0,792.77,10.0,2776.57,30.0,True
acct_425,cust_631,bank,acct_main_cust_631,ACCOUNT_EVENT,online,130.89,BND,130.89,BN,BN,,False,2025-02-18 17:00:00,0,17,1,187.24999999999997,3.0,562.99,10.0,1388.63,30.0,True
acct_534,cust_641,cash,acct_main_cust_641,ACCOUNT_EVENT,branch,41.63,BND,41.63,BN,BN,,False,2025-02-23 06:00:00,0,6,6,28.65,3.0,546.52,10.0,2646.56,30.0,True
acct_620,cust_642,cash,acct_main_cust_642,ACCOUNT_EVENT,branch,252.08,BND,252.08,BN,BN,,False,2025-02-26 20:00:00,0,20,2,737.5,3.0,1274.54,10.0,2837.99,30.0,True
acct_300,cust_643,cash,acct_main_cust_643,ACCOUNT_EVENT,branch,366.86,BND,366.86,BN,BN,,False,2025-02-13 12:00:00,0,12,3,186.2,3.0,990.3300000000004,10.0,3961.52,30.0,True
acct_636,cust_643,bank,acct_main_cust_643,ACCOUNT_EVENT,online,276.26,BND,276.26,BN,BN,,False,2025-02-27 12:00:00,0,12,3,369.49,3.0,1347.1900000000005,10.0,4215.17,30.0,True
acct_583,cust_646,cash,acct_main_cust_646,ACCOUNT_EVENT,branch,66.57,BND,66.57,BN,BN,,False,2025-02-25 07:00:00,0,7,1,50.74000000000001,3.0,253.05,10.0,1818.33,30.0,True
acct_544,cust_649,bank,acct_main_cust_649,ACCOUNT_EVENT,online,154.04,BND,154.04,BN,BN,,False,2025-02-23 16:00:00,0,16,6,10.74,3.0,713.5100000000001,10.0,1545.5,30.0,True
acct_380,cust_652,bank,acct_main_cust_652,ACCOUNT_EVENT,online,43.57,BND,43.57,BN,BN,,False,2025-02-16 20:00:00,0,20,6,659.75,3.0,1244.4699999999998,10.0,4569.35,30.0,True
acct_505,cust_652,bank,acct_main_cust_652,ACCOUNT_EVENT,online,46.34,BND,46.34,BN,BN,,False,2025-02-22 01:00:00,0,1,5,683.3199999999999,3.0,1281.2,10.0,4597.93,30.0,False
acct_247,cust_655,cash,acct_main_cust_655,ACCOUNT_EVENT,branch,56.65,BND,56.65,BN,BN,,False,2025-02-11 07:00:00,0,7,1,123.12,3.0,1271.62,10.0,2315.4700000000003,30.0,True
acct_115,cust_658,bank,acct_main_cust_658,ACCOUNT_EVENT,online,200.61,BND,200.61,BN,BN,,False,2025-02-05 19:00:00,0,19,2,151.95,3.0,348.9000000000001,10.0,1096.34,30.0,True
acct_274,cust_661,cash,acct_main_cust_661,ACCOUNT_EVENT,branch,87.75,BND,87.75,BN,BN,,False,2025-02-12 10:00:00,0,10,2,308.0,3.0,942.43,10.0,2741.73,30.0,True
acct_428,cust_662,bank,acct_main_cust_662,ACCOUNT_EVENT,online,137.63,BND,137.63,BN,BN,,False,2025-02-18 20:00:00,0,20,1,35.849999999999994,3.0,199.46,10.0,2093.74,30.0,True
acct_80,cust_666,bank,acct_main_cust_666,ACCOUNT_EVENT,online,109.98,BND,109.98,BN,BN,,False,2025-02-04 08:00:00,0,8,1,1820.59,3.0,2096.85,10.0,3123.49,30.0,True
acct_140,cust_670,cash,acct_main_cust_670,ACCOUNT_EVENT,branch,93.67,BND,93.67,BN,BN,,False,2025-02-06 20:00:00,0,20,3,124.89,3.0,310.25,10.0,1913.35,30.0,True
acct_255,cust_670,bank,acct_main_cust_670,ACCOUNT_EVENT,online,110.26,BND,110.26,BN,BN,,False,2025-02-11 15:00:00,0,15,1,142.56,3.0,395.0,10.0,1991.02,30.0,True
acct_440,cust_675,cash,acct_main_cust_675,ACCOUNT_EVENT,branch,52.66,BND,52.66,BN,BN,,False,2025-02-19 08:00:00,0,8,2,206.63,3.0,992.9,10.0,1764.48,30.0,True
acct_133,cust_676,cash,acct_main_cust_676,ACCOUNT_EVENT,branch,151.59,BND,151.59,BN,BN,,False,2025-02-06 13:00:00,0,13,3,224.8900000000001,3.0,1746.46,10.0,2688.4700000000003,30.0,True
acct_61,cust_677,cash,acct_main_cust_677,ACCOUNT_EVENT,branch,176.23,BND,176.23,BN,BN,,False,2025-02-03 13:00:00,0,13,0,73.56,3.0,330.27000000000004,10.0,2867.45,30.0,True
acct_613,cust_678,bank,acct_main_cust_678,ACCOUNT_EVENT,online,75.1,BND,75.1,BN,BN,,False,2025-02-26 13:00:00,0,13,2,46.78,3.0,1164.72,10.0,3378.02,30.0,True
acct_135,cust_68,bank,acct_main_cust_68,ACCOUNT_EVENT,online,37.7,BND,37.7,BN,BN,,False,2025-02-06 15:00:00,0,15,3,68.96,3.0,211.88,10.0,1692.05,30.0,True
acct_433,cust_681,bank,acct_main_cust_681,ACCOUNT_EVENT,online,45.36,BND,45.36,BN,BN,,False,2025-02-19 01:00:00,0,1,2,74.49,3.0,2218.79,10.0,3416.73,30.0,True
acct_88,cust_684,cash,acct_main_cust_684,ACCOUNT_EVENT,branch,135.01,BND,135.01,BN,BN,,False,2025-02-04 16:00:00,0,16,1,35.9,3.0,141.23000000000002,10.0,1304.79,30.0,True
acct_469,cust_687,bank,acct_main_cust_687,ACCOUNT_EVENT,online,213.31,BND,213.31,BN,BN,,False,2025-02-20 13:00:00,0,13,3,148.99,3.0,272.74,10.0,1435.21,30.0,True
acct_31,cust_688,bank,acct_main_cust_688,ACCOUNT_EVENT,online,78.17,BND,78.17,BN,BN,,False,2025-02-02 07:00:00,0,7,6,42.39000000000003,3.0,245.48,10.0,1469.5100000000004,30.0,True
acct_507,cust_694,bank,acct_main_cust_694,ACCOUNT_EVENT,online,22.63,BND,22.63,BN,BN,,False,2025-02-22 03:00:00,0,3,5,518.9100000000004,3.0,2410.73,10.0,6003.650000000001,30.0,True
acct_139,cust_705,bank,acct_main_cust_705,ACCOUNT_EVENT,online,69.67,BND,69.67,BN,BN,,False,2025-02-06 19:00:00,0,19,3,80.38,3.0,512.3299999999999,10.0,3481.16,30.0,True
acct_388,cust_707,cash,acct_main_cust_707,ACCOUNT_EVENT,branch,262.26,BND,262.26,BN,BN,,False,2025-02-17 04:00:00,0,4,0,210.28,3.0,1232.88,10.0,2808.55,30.0,True
acct_158,cust_718,bank,acct_main_cust_718,ACCOUNT_EVENT,online,66.76,BND,66.76,BN,BN,,False,2025-02-07 14:00:00,0,14,4,406.3999999999995,3.0,1618.49,10.0,4734.28,30.0,True
acct_325,cust_724,bank,acct_main_cust_724,ACCOUNT_EVENT,online,81.3,BND,81.3,BN,BN,,False,2025-02-14 13:00:00,0,13,4,153.20000000000002,3.0,1841.93,10.0,3532.7,30.0,True
acct_148,cust_725,bank,acct_main_cust_725,ACCOUNT_EVENT,online,87.82,BND,87.82,BN,BN,,False,2025-02-07 04:00:00,0,4,4,481.8400000000001,3.0,982.55,10.0,2824.91,30.0,True
acct_441,cust_725,bank,acct_main_cust_725,ACCOUNT_EVENT,online,51.78,BND,51.78,BN,BN,,False,2025-02-19 09:00:00,0,9,2,469.2800000000001,3.0,1052.03,10.0,2873.78,30.0,False
acct_621,cust_729,cash,acct_main_cust_729,ACCOUNT_EVENT,branch,42.73,BND,42.73,BN,BN,,False,2025-02-26 21:00:00,0,21,2,274.97,3.0,837.3299999999999,10.0,1980.58,30.0,True
acct_558,cust_730,cash,acct_main_cust_730,ACCOUNT_EVENT,branch,385.17,BND,385.17,BN,BN,,False,2025-02-24 06:00:00,0,6,0,81.08000000000006,3.0,185.18,10.0,2122.4500000000003,30.0,True
acct_612,cust_736,cash,acct_main_cust_736,ACCOUNT_EVENT,branch,193.16,BND,193.16,BN,BN,,False,2025-02-26 12:00:00,0,12,2,199.58,3.0,667.0699999999999,10.0,1292.1,30.0,True
acct_81,cust_741,cash,acct_main_cust_741,ACCOUNT_EVENT,branch,38.03,BND,38.03,BN,BN,,False,2025-02-04 09:00:00,0,9,1,176.47000000000006,3.0,626.6199999999999,10.0,1985.43,30.0,True
acct_205,cust_744,bank,acct_main_cust_744,ACCOUNT_EVENT,online,419.63,BND,419.63,BN,BN,,False,2025-02-09 13:00:00,0,13,6,118.36999999999992,3.0,407.08,10.0,1501.09,30.0,True
acct_493,cust_746,cash,acct_main_cust_746,ACCOUNT_EVENT,branch,40.63,BND,40.63,BN,BN,,False,2025-02-21 13:00:00,0,13,4,215.89,3.0,956.6800000000004,10.0,3187.29,30.0,True
acct_79,cust_750,bank,acct_main_cust_750,ACCOUNT_EVENT,online,62.12,BND,62.12,BN,BN,,False,2025-02-04 07:00:00,0,7,1,26.900000000000052,3.0,186.18,10.0,1792.1699999999998,30.0,True
acct_48,cust_751,cash,acct_main_cust_751,ACCOUNT_EVENT,branch,22.0,BND,22.0,BN,BN,,False,2025-02-03 00:00:00,0,0,0,102.47,3.0,215.37,10.0,1760.16,30.0,True
acct_350,cust_751,cash,acct_main_cust_751,ACCOUNT_EVENT,branch,56.69,BND,56.69,BN,BN,,False,2025-02-15 14:00:00,0,14,5,44.48,3.0,212.37,10.0,1458.26,30.0,False
acct_370,cust_753,bank,acct_main_cust_753,ACCOUNT_EVENT,online,51.07,BND,51.07,BN,BN,,False,2025-02-16 10:00:00,0,10,6,25.09,3.0,145.53000000000023,10.0,1844.26,30.0,True
acct_24,cust_754,bank,acct_main_cust_754,ACCOUNT_EVENT,online,76.87,BND,76.87,BN,BN,,False,2025-02-02 00:00:00,0,0,6,90.88,3.0,774.47,10.0,1381.56,30.0,True
acct_354,cust_757,bank,acct_main_cust_757,ACCOUNT_EVENT,online,87.72,BND,87.72,BN,BN,,False,2025-02-15 18:00:00,0,18,5,292.5,3.0,863.02,10.0,2375.52,30.0,True
acct_71,cust_761,cash,acct_main_cust_761,ACCOUNT_EVENT,branch,88.48,BND,88.48,BN,BN,,False,2025-02-03 23:00:00,0,23,0,34.03,3.0,823.2800000000001,10.0,2285.47,30.0,True
acct_16,cust_763,bank,acct_main_cust_763,ACCOUNT_EVENT,online,85.35,BND,85.35,BN,BN,,False,2025-02-01 16:00:00,0,16,5,704.86,3.0,1180.34,10.0,2986.2000000000003,30.0,True
acct_470,cust_773,bank,acct_main_cust_773,ACCOUNT_EVENT,online,36.91,BND,36.91,BN,BN,,False,2025-02-20 14:00:00,0,14,3,154.74999999999997,3.0,495.75999999999954,10.0,4724.030000000001,30.0,True
acct_581,cust_78,cash,acct_main_cust_78,ACCOUNT_EVENT,branch,60.37,BND,60.37,BN,BN,,False,2025-02-25 05:00:00,0,5,1,291.86,3.0,891.88,10.0,2496.0,30.0,True
acct_358,cust_784,bank,acct_main_cust_784,ACCOUNT_EVENT,online,150.2,BND,150.2,BN,BN,,False,2025-02-15 22:00:00,0,22,5,236.53,3.0,1223.3,10.0,2221.78,30.0,True
acct_412,cust_785,bank,acct_main_cust_785,ACCOUNT_EVENT,online,332.29,BND,332.29,BN,BN,,False,2025-02-18 04:00:00,0,4,1,260.54,3.0,594.7,10.0,4467.8,30.0,True
acct_499,cust_788,cash,acct_main_cust_788,ACCOUNT_EVENT,branch,167.68,BND,167.68,BN,BN,,False,2025-02-21 19:00:00,0,19,4,515.14,3.0,589.74,10.0,1698.85,30.0,True
acct_632,cust_789,bank,acct_main_cust_789,ACCOUNT_EVENT,online,72.77,BND,72.77,BN,BN,,False,2025-02-27 08:00:00,0,8,3,272.75,3.0,2471.8700000000003,10.0,4389.34,30.0,True
acct_125,cust_79,bank,acct_main_cust_79,ACCOUNT_EVENT,online,46.44,BND,46.44,BN,BN,,False,2025-02-06 05:00:00,0,5,3,94.19000000000008,3.0,554.27,10.0,1347.54,30.0,True
acct_464,cust_790,bank,acct_main_cust_790,ACCOUNT_EVENT,online,71.32,BND,71.32,BN,BN,,False,2025-02-20 08:00:00,0,8,3,74.02000000000001,3.0,235.03,10.0,2154.79,30.0,True
acct_170,cust_791,cash,acct_main_cust_791,ACCOUNT_EVENT,branch,51.65,BND,51.65,BN,BN,,False,2025-02-08 02:00:00,0,2,5,62.800000000000026,3.0,504.84,10.0,2517.92,30.0,True
acct_465,cust_793,cash,acct_main_cust_793,ACCOUNT_EVENT,branch,67.24,BND,67.24,BN,BN,,False,2025-02-20 09:00:00,0,9,3,51.55,3.0,1000.06,10.0,2751.17,30.0,True
acct_341,cust_797,cash,acct_main_cust_797,ACCOUNT_EVENT,branch,73.67,BND,73.67,BN,BN,,False,2025-02-15 05:00:00,0,5,5,573.48,3.0,867.25,10.0,2613.54,30.0,True
acct_263,cust_805,cash,acct_main_cust_805,ACCOUNT_EVENT,branch,310.51,BND,310.51,BN,BN,,False,2025-02-11 23:00:00,0,23,1,171.27,3.0,1267.6899999999998,10.0,3826.96,30.0,True
acct_84,cust_810,bank,acct_main_cust_810,ACCOUNT_EVENT,online,194.7,BND,194.7,BN,BN,,False,2025-02-04 12:00:00,0,12,1,496.05,3.0,655.9100000000001,10.0,1843.8,30.0,True
acct_474,cust_817,cash,acct_main_cust_817,ACCOUNT_EVENT,branch,42.51,BND,42.51,BN,BN,,False,2025-02-20 18:00:00,0,18,3,18.29,3.0,694.08,10.0,2911.68,30.0,True
acct_535,cust_820,cash,acct_main_cust_820,ACCOUNT_EVENT,branch,205.64,BND,205.64,BN,BN,,False,2025-02-23 07:00:00,0,7,6,143.6500000000001,3.0,496.1,10.0,1571.54,30.0,True
acct_638,cust_821,cash,acct_main_cust_821,ACCOUNT_EVENT,branch,29.66,BND,29.66,BN,BN,,False,2025-02-27 14:00:00,0,14,3,140.88999999999996,3.0,559.1999999999999,10.0,1780.11,30.0,True
acct_362,cust_822,cash,acct_main_cust_822,ACCOUNT_EVENT,branch,153.36,BND,153.36,BN,BN,,False,2025-02-16 02:00:00,0,2,6,872.63,3.0,1194.61,10.0,3285.79,30.0,True
acct_51,cust_823,bank,acct_main_cust_823,ACCOUNT_EVENT,online,262.02,BND,262.02,BN,BN,,False,2025-02-03 03:00:00,0,3,0,133.74000000000012,3.0,1783.86,10.0,3184.97,30.0,True
acct_119,cust_830,cash,acct_main_cust_830,ACCOUNT_EVENT,branch,145.24,BND,145.24,BN,BN,,False,2025-02-05 23:00:00,0,23,2,172.69,3.0,478.93,10.0,1397.05,30.0,True
acct_495,cust_831,bank,acct_main_cust_831,ACCOUNT_EVENT,online,48.1,BND,48.1,BN,BN,,False,2025-02-21 15:00:00,0,15,4,331.65,3.0,493.09,10.0,1401.73,30.0,True
acct_163,cust_835,bank,acct_main_cust_835,ACCOUNT_EVENT,online,73.14,BND,73.14,BN,BN,,False,2025-02-07 19:00:00,0,19,4,75.02999999999999,3.0,456.44999999999993,10.0,1198.06,30.0,True
acct_172,cust_836,cash,acct_main_cust_836,ACCOUNT_EVENT,branch,161.58,BND,161.58,BN,BN,,False,2025-02-08 04:00:00,0,4,5,80.28,3.0,393.64,10.0,4074.4,30.0,True
acct_222,cust_836,cash,acct_main_cust_836,ACCOUNT_EVENT,branch,111.71,BND,111.71,BN,BN,,False,2025-02-10 06:00:00,0,6,0,240.97000000000003,3.0,475.8,10.0,4220.98,30.0,False
acct_282,cust_844,bank,acct_main_cust_844,ACCOUNT_EVENT,online,14.77,BND,14.77,BN,BN,,False,2025-02-12 18:00:00,0,18,2,161.74,3.0,1289.07,10.0,2601.82,30.0,True
acct_539,cust_845,bank,acct_main_cust_845,ACCOUNT_EVENT,online,107.85,BND,107.85,BN,BN,,False,2025-02-23 11:00:00,0,11,6,31.73,3.0,438.11,10.0,5254.749999999999,30.0,True
acct_178,cust_846,cash,acct_main_cust_846,ACCOUNT_EVENT,branch,164.92,BND,164.92,BN,BN,,False,2025-02-08 10:00:00,0,10,5,93.38,3.0,151.36,10.0,2275.32,30.0,True
acct_128,cust_849,bank,acct_main_cust_849,ACCOUNT_EVENT,online,59.47,BND,59.47,BN,BN,,False,2025-02-06 08:00:00,0,8,3,249.37,3.0,741.43,10.0,1525.45,30.0,True
acct_537,cust_853,cash,acct_main_cust_853,ACCOUNT_EVENT,branch,90.82,BND,90.82,BN,BN,,False,2025-02-23 09:00:00,0,9,6,613.23,3.0,1201.47,10.0,2990.54,30.0,True
acct_574,cust_853,bank,acct_main_cust_853,ACCOUNT_EVENT,online,37.24,BND,37.24,BN,BN,,False,2025-02-24 22:00:00,0,22,0,614.7,3.0,1262.3,10.0,3072.42,30.0,True
acct_254,cust_856,cash,acct_main_cust_856,ACCOUNT_EVENT,branch,180.25,BND,180.25,BN,BN,,False,2025-02-11 14:00:00,0,14,1,2376.39,3.0,2682.68,10.0,4455.82,30.0,True
acct_301,cust_856,bank,acct_main_cust_856,ACCOUNT_EVENT,online,41.32,BND,41.32,BN,BN,,False,2025-02-13 13:00:00,0,13,3,2526.6400000000003,3.0,2833.58,10.0,4572.12,30.0,True
acct_291,cust_858,cash,acct_main_cust_858,ACCOUNT_EVENT,branch,64.29,BND,64.29,BN,BN,,False,2025-02-13 03:00:00,0,3,3,622.65,3.0,1318.53,10.0,1786.77,30.0,True
acct_598,cust_858,cash,acct_main_cust_858,ACCOUNT_EVENT,branch,49.86,BND,49.86,BN,BN,,False,2025-02-25 22:00:00,0,22,1,165.06,3.0,1344.84,10.0,1823.1,30.0,False
acct_43,cust_859,bank,acct_main_cust_859,ACCOUNT_EVENT,online,51.65,BND,51.65,BN,BN,,False,2025-02-02 19:00:00,0,19,6,100.79,3.0,548.9100000000001,10.0,1833.89,30.0,True
acct_236,cust_866,cash,acct_main_cust_866,ACCOUNT_EVENT,branch,106.28,BND,106.28,BN,BN,,False,2025-02-10 20:00:00,0,20,0,15.75,3.0,643.6600000000001,10.0,1619.61,30.0,True
acct_269,cust_870,cash,acct_main_cust_870,ACCOUNT_EVENT,branch,115.18,BND,115.18,BN,BN,,False,2025-02-12 05:00:00,0,5,2,484.4,3.0,1190.85,10.0,2797.79,30.0,True
acct_62,cust_871,bank,acct_main_cust_871,ACCOUNT_EVENT,online,93.27,BND,93.27,BN,BN,,False,2025-02-03 14:00:00,0,14,0,69.29999999999987,3.0,295.01,10.0,2061.78,30.0,True
acct_366,cust_871,bank,acct_main_cust_871,ACCOUNT_EVENT,online,62.73,BND,62.73,BN,BN,,False,2025-02-16 06:00:00,0,6,6,133.26999999999987,3.0,386.3,10.0,2124.6,30.0,False
acct_157,cust_875,cash,acct_main_cust_875,ACCOUNT_EVENT,branch,96.85,BND,96.85,BN,BN,,False,2025-02-07 13:00:00,0,13,4,562.9999999999999,3.0,918.5,10.0,2028.08,30.0,True
acct_211,cust_875,cash,acct_main_cust_875,ACCOUNT_EVENT,branch,91.66,BND,91.66,BN,BN,,False,2025-02-09 19:00:00,0,19,6,617.0399999999998,3.0,1006.36,10.0,2077.73,30.0,False
acct_116,cust_877,bank,acct_main_cust_877,ACCOUNT_EVENT,online,123.18,BND,123.18,BN,BN,,False,2025-02-05 20:00:00,0,20,2,27.07,3.0,412.64,10.0,1585.97,30.0,True
acct_640,cust_877,bank,acct_main_cust_877,ACCOUNT_EVENT,online,37.28,BND,37.28,BN,BN,,False,2025-02-27 16:00:00,0,16,3,148.46,3.0,491.62000000000006,10.0,1417.15,30.0,False
acct_526,cust_879,bank,acct_main_cust_879,ACCOUNT_EVENT,online,410.25,BND,410.25,BN,BN,,False,2025-02-22 22:00:00,0,22,5,43.04,3.0,538.42,10.0,2257.82,30.0,True
acct_476,cust_880,bank,acct_main_cust_880,ACCOUNT_EVENT,online,104.97,BND,104.97,BN,BN,,False,2025-02-20 20:00:00,0,20,3,86.0,3.0,1094.7299999999996,10.0,1853.64,30.0,True
acct_568,cust_889,cash,acct_main_cust_889,ACCOUNT_EVENT,branch,48.19,BND,48.19,BN,BN,,False,2025-02-24 16:00:00,0,16,0,79.30000000000004,3.0,285.11,10.0,1194.96,30.0,True
acct_324,cust_897,bank,acct_main_cust_897,ACCOUNT_EVENT,online,134.8,BND,134.8,BN,BN,,False,2025-02-14 12:00:00,0,12,4,24.03000000000005,3.0,415.95,10.0,2159.3500000000004,30.0,True
acct_317,cust_898,bank,acct_main_cust_898,ACCOUNT_EVENT,online,53.91,BND,53.91,BN,BN,,False,2025-02-14 05:00:00,0,5,4,51.79000000000004,3.0,334.02,10.0,1640.1699999999998,30.0,True
acct_378,cust_9,cash,acct_main_cust_9,ACCOUNT_EVENT,branch,96.36,BND,96.36,BN,BN,,False,2025-02-16 18:00:00,0,18,6,12.47,3.0,686.87,10.0,1500.1799999999998,30.0,True
acct_501,cust_903,cash,acct_main_cust_903,ACCOUNT_EVENT,branch,151.2,BND,151.2,BN,BN,,False,2025-02-21 21:00:00,1,21,4,90.64,3.0,982.44,10.0,2735.53,30.0,True
acct_261,cust_904,cash,acct_main_cust_904,ACCOUNT_EVENT,branch,223.12,BND,223.12,BN,BN,,False,2025-02-11 21:00:00,0,21,1,190.82,3.0,505.36000000000007,10.0,1521.42,30.0,True
acct_475,cust_904,bank,acct_main_cust_904,ACCOUNT_EVENT,online,46.05,BND,46.05,BN,BN,,False,2025-02-20 19:00:00,0,19,3,278.54,3.0,716.98,10.0,1710.12,30.0,True
acct_231,cust_905,cash,acct_main_cust_905,ACCOUNT_EVENT,branch,127.52,BND,127.52,BN,BN,,False,2025-02-10 15:00:00,0,15,0,16.299999999999944,3.0,817.3699999999999,10.0,1783.74,30.0,True
acct_197,cust_906,cash,acct_main_cust_906,ACCOUNT_EVENT,branch,80.39,BND,80.39,BN,BN,,False,2025-02-09 05:00:00,0,5,6,146.59,3.0,587.0500000000001,10.0,1269.27,30.0,True
acct_421,cust_914,cash,acct_main_cust_914,ACCOUNT_EVENT,branch,68.07,BND,68.07,BN,BN,,False,2025-02-18 13:00:00,0,13,1,95.52,3.0,1483.11,10.0,2936.95,30.0,True
acct_145,cust_916,bank,acct_main_cust_916,ACCOUNT_EVENT,online,206.91,BND,206.91,BN,BN,,False,2025-02-07 01:00:00,0,1,4,34.480000000000004,3.0,293.09,10.0,2750.74,30.0,True
acct_511,cust_916,cash,acct_main_cust_916,ACCOUNT_EVENT,branch,170.43,BND,170.43,BN,BN,,False,2025-02-22 07:00:00,0,7,5,235.19,3.0,499.11,10.0,2938.92,30.0,True
acct_244,cust_92,cash,acct_main_cust_92,ACCOUNT_EVENT,branch,64.69,BND,64.69,BN,BN,,False,2025-02-11 04:00:00,0,4,1,462.7000000000001,3.0,615.8100000000002,10.0,1720.4,30.0,True
acct_402,cust_922,cash,acct_main_cust_922,ACCOUNT_EVENT,branch,193.56,BND,193.56,BN,BN,,False,2025-02-17 18:00:00,0,18,0,150.96000000000006,3.0,1052.14,10.0,2049.53,30.0,True
acct_419,cust_922,cash,acct_main_cust_922,ACCOUNT_EVENT,branch,129.36,BND,129.36,BN,BN,,False,2025-02-18 11:00:00,0,11,1,280.01000000000005,3.0,996.7,10.0,2213.14,30.0,False
acct_572,cust_923,cash,acct_main_cust_923,ACCOUNT_EVENT,branch,148.9,BND,148.9,BN,BN,,False,2025-02-24 20:00:00,0,20,0,12.699999999999973,3.0,159.89,10.0,1709.23,30.0,True
acct_217,cust_929,cash,acct_main_cust_929,ACCOUNT_EVENT,branch,52.4,BND,52.4,BN,BN,,False,2025-02-10 01:00:00,0,1,0,56.71000000000014,3.0,354.03,10.0,2204.38,30.0,True
acct_209,cust_939,bank,acct_main_cust_939,ACCOUNT_EVENT,online,55.5,BND,55.5,BN,BN,,False,2025-02-09 17:00:00,0,17,6,221.03,3.0,1665.4899999999998,10.0,4474.72,30.0,True
acct_336,cust_942,cash,acct_main_cust_942,ACCOUNT_EVENT,branch,27.61,BND,27.61,BN,BN,,False,2025-02-15 00:00:00,0,0,5,118.55999999999987,3.0,741.6300000000001,10.0,2341.77,30.0,True
acct_193,cust_948,bank,acct_main_cust_948,ACCOUNT_EVENT,online,539.63,BND,539.63,BN,BN,,False,2025-02-09 01:00:00,1,1,6,49.940000000000005,3.0,753.8399999999999,10.0,2643.36,30.0,True
acct_210,cust_954,cash,acct_main_cust_954,ACCOUNT_EVENT,branch,110.24,BND,110.24,BN,BN,,False,2025-02-09 18:00:00,0,18,6,14.43,3.0,148.59,10.0,3132.7000000000003,30.0,True
acct_4,cust_956,bank,acct_main_cust_956,ACCOUNT_EVENT,online,157.0,BND,157.0,BN,BN,,False,2025-02-01 04:00:00,0,4,5,39.93,3.0,192.84,10.0,928.37,30.0,True
acct_104,cust_961,bank,acct_main_cust_961,ACCOUNT_EVENT,online,84.17,BND,84.17,BN,BN,,False,2025-02-05 08:00:00,0,8,2,51.16,3.0,898.26,10.0,3365.48,30.0,True
acct_635,cust_964,cash,acct_main_cust_964,ACCOUNT_EVENT,branch,48.81,BND,48.81,BN,BN,,False,2025-02-27 11:00:00,0,11,3,755.03,3.0,1050.47,10.0,2858.01,30.0,True
acct_546,cust_966,cash,acct_main_cust_966,ACCOUNT_EVENT,branch,72.91,BND,72.91,BN,BN,,False,2025-02-23 18:00:00,0,18,6,86.30000000000001,3.0,831.28,10.0,1602.65,30.0,True
acct_619,cust_971,bank,acct_main_cust_971,ACCOUNT_EVENT,online,95.55,BND,95.55,BN,BN,,False,2025-02-26 19:00:00,0,19,2,665.06,3.0,2379.52,10.0,4043.7,30.0,True
acct_186,cust_977,bank,acct_main_cust_977,ACCOUNT_EVENT,online,53.15,BND,53.15,BN,BN,,False,2025-02-08 18:00:00,0,18,5,100.17,3.0,407.16,10.0,2111.06,30.0,True
acct_194,cust_977,bank,acct_main_cust_977,ACCOUNT_EVENT,online,306.98,BND,306.98,BN,BN,,False,2025-02-09 02:00:00,0,2,6,136.36999999999998,3.0,440.36,10.0,1914.21,30.0,False
acct_517,cust_980,bank,acct_main_cust_980,ACCOUNT_EVENT,online,205.21,BND,205.21,BN,BN,,False,2025-02-22 13:00:00,0,13,5,13.080000000000227,3.0,1050.96,10.0,2499.44,30.0,True
acct_208,cust_984,cash,acct_main_cust_984,ACCOUNT_EVENT,branch,120.82,BND,120.82,BN,BN,,False,2025-02-09 16:00:00,0,16,6,224.58,3.0,535.74,10.0,4228.51,30.0,True
acct_365,cust_986,cash,acct_main_cust_986,ACCOUNT_EVENT,branch,233.64,BND,233.64,BN,BN,,False,2025-02-16 05:00:00,0,5,6,23.72,3.0,728.11,10.0,1618.49,30.0,True
acct_143,cust_989,cash,acct_main_cust_989,ACCOUNT_EVENT,branch,41.72,BND,41.72,BN,BN,,False,2025-02-06 23:00:00,0,23,3,264.72,3.0,923.95,10.0,2553.73,30.0,True
acct_559,cust_991,cash,acct_main_cust_991,ACCOUNT_EVENT,branch,188.55,BND,188.55,BN,BN,,False,2025-02-24 07:00:00,0,7,0,607.98,3.0,1016.87,10.0,1558.37,30.0,True
acct_489,cust_994,cash,acct_main_cust_994,ACCOUNT_EVENT,branch,69.39,BND,69.39,BN,BN,,False,2025-02-21 09:00:00,0,9,4,84.89999999999999,3.0,625.26,10.0,1380.89,30.0,True
acct_570,cust_994,bank,acct_main_cust_994,ACCOUNT_EVENT,online,25.35,BND,25.35,BN,BN,,False,2025-02-24 18:00:00,0,18,0,153.52999999999997,3.0,602.7399999999999,10.0,1437.97,30.0,True
acct_503,cust_998,bank,acct_main_cust_998,ACCOUNT_EVENT,online,20.61,BND,20.61,BN,BN,,False,2025-02-21 23:00:00,0,23,4,18.15,3.0,518.5,10.0,2231.23,30.0,True
acct_2,cust_999,cash,acct_main_cust_999,ACCOUNT_EVENT,branch,60.72,BND,60.72,BN,BN,,False,2025-02-01 02:00:00,0,2,5,21.49,3.0,321.14,10.0,3598.13,30.0,True
loan_0_5,cust_loan_0,customer,loan_cust_loan_0,LOAN_AUTO,bank_transfer,388.13,BND,388.13,BN,BN,,False,2025-02-01 00:00:00,0,0,5,1164.39,3.0,1940.65,5.0,1940.65,5.0,False
loan_1_5,cust_loan_1,customer,loan_cust_loan_1,LOAN_AUTO,bank_transfer,418.33,BND,418.33,BN,BN,,False,2025-02-01 01:00:00,0,1,5,1254.99,3.0,2091.65,5.0,2091.65,5.0,False
loan_10_5,cust_loan_10,customer,loan_cust_loan_10,LOAN_AUTO,bank_transfer,601.12,BND,601.12,BN,BN,,False,2025-02-01 10:00:00,0,10,5,1803.36,3.0,9186.75,5.0,9186.75,5.0,False
loan_100_5,cust_loan_100,customer,loan_cust_loan_100,LOAN_AUTO,bank_transfer,279.01,BND,279.01,BN,BN,,False,2025-02-05 04:00:00,0,4,2,837.03,3.0,1395.05,5.0,1395.05,5.0,False
loan_101_5,cust_loan_101,customer,loan_cust_loan_101,LOAN_AUTO,bank_transfer,502.96,BND,502.96,BN,BN,,False,2025-02-05 05:00:00,0,5,2,1508.88,3.0,2514.8,5.0,2514.8,5.0,False
loan_102_5,cust_loan_102,customer,loan_cust_loan_102,LOAN_AUTO,bank_transfer,323.76,BND,323.76,BN,BN,,False,2025-02-05 06:00:00,0,6,2,971.28,3.0,1618.8,5.0,1618.8,5.0,False
loan_103_5,cust_loan_103,customer,loan_cust_loan_103,LOAN_AUTO,bank_transfer,774.23,BND,774.23,BN,BN,,False,2025-02-05 07:00:00,0,7,2,10532.45,3.0,12080.91,5.0,12080.91,5.0,False
loan_104_5,cust_loan_104,customer,loan_cust_loan_104,LOAN_AUTO,bank_transfer,173.64,BND,173.64,BN,BN,,False,2025-02-05 08:00:00,0,8,2,520.92,3.0,868.1999999999999,5.0,868.1999999999999,5.0,False
loan_105_5,cust_loan_105,customer,loan_cust_loan_105,LOAN_AUTO,bank_transfer,330.19,BND,330.19,BN,BN,,False,2025-02-05 09:00:00,0,9,2,990.57,3.0,1650.95,5.0,1650.95,5.0,False
loan_106_5,cust_loan_106,third_party,loan_cust_loan_106,LOAN_AUTO,bank_transfer,5432.92,BND,5432.92,BN,BN,,False,2025-02-05 10:00:00,1,10,2,2191.14,3.0,3651.9,5.0,3651.9,5.0,False
loan_107_5,cust_loan_107,customer,loan_cust_loan_107,LOAN_AUTO,bank_transfer,470.97,BND,470.97,BN,BN,,False,2025-02-05 11:00:00,0,11,2,1412.91,3.0,2354.8500000000004,5.0,2354.8500000000004,5.0,False
loan_108_5,cust_loan_108,customer,loan_cust_loan_108,LOAN_AUTO,bank_transfer,606.23,BND,606.23,BN,BN,,False,2025-02-05 12:00:00,0,12,2,1818.69,3.0,3031.15,5.0,3031.15,5.0,False
loan_109_5,cust_loan_109,customer,loan_cust_loan_109,LOAN_AUTO,bank_transfer,698.43,BND,698.43,BN,BN,,False,2025-02-05 13:00:00,0,13,2,2095.29,3.0,3492.15,5.0,3492.15,5.0,False
loan_11_5,cust_loan_11,customer,loan_cust_loan_11,LOAN_AUTO,bank_transfer,418.72,BND,418.72,BN,BN,,False,2025-02-01 11:00:00,0,11,5,1256.16,3.0,2093.6000000000004,5.0,2093.6000000000004,5.0,False
loan_110_5,cust_loan_110,customer,loan_cust_loan_110,LOAN_AUTO,bank_transfer,487.11,BND,487.11,BN,BN,,False,2025-02-05 14:00:00,0,14,2,1461.33,3.0,2435.55,5.0,2435.55,5.0,False
loan_111_5,cust_loan_111,customer,loan_cust_loan_111,LOAN_AUTO,bank_transfer,505.6,BND,505.6,BN,BN,,False,2025-02-05 15:00:00,0,15,2,1516.8000000000002,3.0,2528.0,5.0,2528.0,5.0,False
loan_112_5,cust_loan_112,customer,loan_cust_loan_112,LOAN_AUTO,bank_transfer,607.31,BND,607.31,BN,BN,,False,2025-02-05 16:00:00,0,16,2,1821.93,3.0,3036.55,5.0,3036.55,5.0,False
loan_113_5,cust_loan_113,third_party,loan_cust_loan_113,LOAN_AUTO,bank_transfer,225.01,BND,225.01,BN,BN,,False,2025-02-05 17:00:00,1,17,2,675.03,3.0,1125.05,5.0,1125.05,5.0,True
loan_114_5,cust_loan_114,customer,loan_cust_loan_114,LOAN_AUTO,bank_transfer,352.65,BND,352.65,BN,BN,,False,2025-02-05 18:00:00,0,18,2,1057.9499999999998,3.0,1763.25,5.0,1763.25,5.0,False
loan_115_5,cust_loan_115,customer,loan_cust_loan_115,LOAN_AUTO,bank_transfer,671.96,BND,671.96,BN,BN,,False,2025-02-05 19:00:00,0,19,2,2015.88,3.0,3359.8,5.0,3359.8,5.0,False
loan_116_5,cust_loan_116,customer,loan_cust_loan_116,LOAN_AUTO,bank_transfer,692.81,BND,692.81,BN,BN,,False,2025-02-05 20:00:00,0,20,2,2078.43,3.0,3464.05,5.0,3464.05,5.0,False
loan_117_5,cust_loan_117,customer,loan_cust_loan_117,LOAN_AUTO,bank_transfer,274.79,BND,274.79,BN,BN,,False,2025-02-05 21:00:00,0,21,2,824.3700000000001,3.0,1373.95,5.0,1373.95,5.0,False
loan_118_5,cust_loan_118,customer,loan_cust_loan_118,LOAN_AUTO,bank_transfer,784.9,BND,784.9,BN,BN,,False,2025-02-05 22:00:00,0,22,2,2354.7,3.0,3924.5,5.0,3924.5,5.0,False
loan_119_5,cust_loan_119,customer,loan_cust_loan_119,LOAN_AUTO,bank_transfer,535.1,BND,535.1,BN,BN,,False,2025-02-05 23:00:00,0,23,2,1605.3000000000002,3.0,2675.5,5.0,2675.5,5.0,False
loan_12_5,cust_loan_12,customer,loan_cust_loan_12,LOAN_AUTO,bank_transfer,506.28,BND,506.28,BN,BN,,False,2025-02-01 12:00:00,0,12,5,4296.99,3.0,5309.549999999999,5.0,5309.549999999999,5.0,False
loan_120_5,cust_loan_120,customer,loan_cust_loan_120,LOAN_AUTO,bank_transfer,172.79,BND,172.79,BN,BN,,False,2025-02-06 00:00:00,0,0,3,518.37,3.0,863.9499999999999,5.0,863.9499999999999,5.0,False
loan_121_5,cust_loan_121,customer,loan_cust_loan_121,LOAN_AUTO,bank_transfer,643.65,BND,643.65,BN,BN,,False,2025-02-06 01:00:00,0,1,3,1930.95,3.0,3218.25,5.0,3218.25,5.0,False
loan_122_5,cust_loan_122,customer,loan_cust_loan_122,LOAN_AUTO,bank_transfer,789.78,BND,789.78,BN,BN,,False,2025-02-06 02:00:00,0,2,3,2369.34,3.0,3948.9,5.0,3948.9,5.0,False
loan_123_5,cust_loan_123,customer,loan_cust_loan_123,LOAN_AUTO,bank_transfer,497.98,BND,497.98,BN,BN,,False,2025-02-06 03:00:00,0,3,3,1493.94,3.0,2489.9,5.0,2489.9,5.0,False
loan_124_5,cust_loan_124,customer,loan_cust_loan_124,LOAN_AUTO,bank_transfer,322.59,BND,322.59,BN,BN,,False,2025-02-06 04:00:00,0,4,3,967.77,3.0,1612.9499999999998,5.0,1612.9499999999998,5.0,False
loan_125_5,cust_loan_125,customer,loan_cust_loan_125,LOAN_AUTO,bank_transfer,341.74,BND,341.74,BN,BN,,False,2025-02-06 05:00:00,0,5,3,1025.22,3.0,1708.7,5.0,1708.7,5.0,False
loan_126_5,cust_loan_126,customer,loan_cust_loan_126,LOAN_AUTO,bank_transfer,636.52,BND,636.52,BN,BN,,False,2025-02-06 06:00:00,0,6,3,1909.56,3.0,3182.6,5.0,3182.6,5.0,False
loan_127_5,cust_loan_127,customer,loan_cust_loan_127,LOAN_AUTO,bank_transfer,417.96,BND,417.96,BN,BN,,False,2025-02-06 07:00:00,0,7,3,1253.88,3.0,2089.8,5.0,2089.8,5.0,False
loan_128_5,cust_loan_128,customer,loan_cust_loan_128,LOAN_AUTO,bank_transfer,377.51,BND,377.51,BN,BN,,False,2025-02-06 08:00:00,0,8,3,1132.53,3.0,1887.55,5.0,1887.55,5.0,False
loan_129_5,cust_loan_129,third_party,loan_cust_loan_129,LOAN_AUTO,bank_transfer,406.08,BND,406.08,BN,BN,,False,2025-02-06 09:00:00,1,9,3,3420.37,3.0,12988.18,5.0,12988.18,5.0,False
loan_13_5,cust_loan_13,customer,loan_cust_loan_13,LOAN_AUTO,bank_transfer,432.93,BND,432.93,BN,BN,,False,2025-02-01 13:00:00,0,13,5,1298.79,3.0,2164.65,5.0,2164.65,5.0,False
loan_130_5,cust_loan_130,customer,loan_cust_loan_130,LOAN_AUTO,bank_transfer,183.38,BND,183.38,BN,BN,,False,2025-02-06 10:00:00,0,10,3,550.14,3.0,916.9,5.0,916.9,5.0,False
loan_131_5,cust_loan_131,customer,loan_cust_loan_131,LOAN_AUTO,bank_transfer,773.99,BND,773.99,BN,BN,,False,2025-02-06 11:00:00,0,11,3,2321.9700000000003,3.0,3869.95,5.0,3869.95,5.0,False
loan_132_5,cust_loan_132,customer,loan_cust_loan_132,LOAN_AUTO,bank_transfer,448.54,BND,448.54,BN,BN,,False,2025-02-06 12:00:00,0,12,3,1345.62,3.0,2242.7000000000003,5.0,2242.7000000000003,5.0,False
loan_133_5,cust_loan_133,customer,loan_cust_loan_133,LOAN_AUTO,bank_transfer,784.2,BND,784.2,BN,BN,,False,2025-02-06 13:00:00,0,13,3,2352.6000000000004,3.0,3921.0,5.0,3921.0,5.0,False
loan_134_5,cust_loan_134,customer,loan_cust_loan_134,LOAN_AUTO,bank_transfer,740.76,BND,740.76,BN,BN,,False,2025-02-06 14:00:00,0,14,3,2222.28,3.0,3703.8,5.0,3703.8,5.0,False
loan_135_5,cust_loan_135,customer,loan_cust_loan_135,LOAN_AUTO,bank_transfer,562.51,BND,562.51,BN,BN,,False,2025-02-06 15:00:00,0,15,3,1687.53,3.0,2812.55,5.0,2812.55,5.0,False
loan_136_5,cust_loan_136,customer,loan_cust_loan_136,LOAN_AUTO,bank_transfer,791.18,BND,791.18,BN,BN,,False,2025-02-06 16:00:00,0,16,3,2373.54,3.0,3955.9,5.0,3955.9,5.0,False
loan_137_5,cust_loan_137,customer,loan_cust_loan_137,LOAN_AUTO,bank_transfer,285.16,BND,285.16,BN,BN,,False,2025-02-06 17:00:00,0,17,3,3819.7,3.0,4390.02,5.0,4390.02,5.0,False
loan_138_5,cust_loan_138,customer,loan_cust_loan_138,LOAN_AUTO,bank_transfer,168.65,BND,168.65,BN,BN,,False,2025-02-06 18:00:00,0,18,3,505.9500000000001,3.0,843.25,5.0,843.25,5.0,False
loan_139_5,cust_loan_139,customer,loan_cust_loan_139,LOAN_AUTO,bank_transfer,769.72,BND,769.72,BN,BN,,False,2025-02-06 19:00:00,0,19,3,2309.16,3.0,3848.6,5.0,3848.6,5.0,False
loan_14_5,cust_loan_14,customer,loan_cust_loan_14,LOAN_AUTO,bank_transfer,702.67,BND,702.67,BN,BN,,False,2025-02-01 14:00:00,0,14,5,2108.01,3.0,3513.35,5.0,3513.35,5.0,False
loan_140_5,cust_loan_140,customer,loan_cust_loan_140,LOAN_AUTO,bank_transfer,744.26,BND,744.26,BN,BN,,False,2025-02-06 20:00:00,0,20,3,2232.78,3.0,3721.3,5.0,3721.3,5.0,False
loan_141_5,cust_loan_141,customer,loan_cust_loan_141,LOAN_AUTO,bank_transfer,765.95,BND,765.95,BN,BN,,False,2025-02-06 21:00:00,0,21,3,2297.8500000000004,3.0,3829.75,5.0,3829.75,5.0,False
loan_142_5,cust_loan_142,customer,loan_cust_loan_142,LOAN_AUTO,bank_transfer,627.49,BND,627.49,BN,BN,,False,2025-02-06 22:00:00,0,22,3,1882.47,3.0,3137.45,5.0,3137.45,5.0,False
loan_143_5,cust_loan_143,customer,loan_cust_loan_143,LOAN_AUTO,bank_transfer,623.3,BND,623.3,BN,BN,,False,2025-02-06 23:00:00,0,23,3,1869.9,3.0,3116.5,5.0,3116.5,5.0,False
loan_144_5,cust_loan_144,customer,loan_cust_loan_144,LOAN_AUTO,bank_transfer,208.16,BND,208.16,BN,BN,,False,2025-02-07 00:00:00,0,0,4,624.48,3.0,1040.8,5.0,1040.8,5.0,False
loan_145_5,cust_loan_145,customer,loan_cust_loan_145,LOAN_AUTO,bank_transfer,689.99,BND,689.99,BN,BN,,False,2025-02-07 01:00:00,0,1,4,2069.9700000000003,3.0,3449.95,5.0,3449.95,5.0,False
loan_146_5,cust_loan_146,customer,loan_cust_loan_146,LOAN_AUTO,bank_transfer,779.99,BND,779.99,BN,BN,,False,2025-02-07 02:00:00,0,2,4,2339.9700000000003,3.0,3899.95,5.0,3899.95,5.0,False
loan_147_5,cust_loan_147,customer,loan_cust_loan_147,LOAN_AUTO,bank_transfer,186.97,BND,186.97,BN,BN,,False,2025-02-07 03:00:00,0,3,4,560.91,3.0,934.85,5.0,934.85,5.0,False
loan_148_5,cust_loan_148,customer,loan_cust_loan_148,LOAN_AUTO,bank_transfer,256.81,BND,256.81,BN,BN,,False,2025-02-07 04:00:00,0,4,4,770.4300000000001,3.0,1284.05,5.0,1284.05,5.0,False
loan_149_5,cust_loan_149,customer,loan_cust_loan_149,LOAN_AUTO,bank_transfer,747.43,BND,747.43,BN,BN,,False,2025-02-07 05:00:00,0,5,4,2242.29,3.0,3737.15,5.0,3737.15,5.0,False
loan_15_5,cust_loan_15,customer,loan_cust_loan_15,LOAN_AUTO,bank_transfer,183.87,BND,183.87,BN,BN,,False,2025-02-01 15:00:00,0,15,5,551.61,3.0,919.35,5.0,919.35,5.0,False
loan_150_5,cust_loan_150,customer,loan_cust_loan_150,LOAN_AUTO,bank_transfer,576.19,BND,576.19,BN,BN,,False,2025-02-07 06:00:00,0,6,4,1728.5700000000002,3.0,2880.9500000000003,5.0,2880.9500000000003,5.0,False
loan_151_5,cust_loan_151,customer,loan_cust_loan_151,LOAN_AUTO,bank_transfer,333.77,BND,333.77,BN,BN,,False,2025-02-07 07:00:00,0,7,4,1001.31,3.0,1668.85,5.0,1668.85,5.0,False
loan_152_5,cust_loan_152,customer,loan_cust_loan_152,LOAN_AUTO,bank_transfer,645.04,BND,645.04,BN,BN,,False,2025-02-07 08:00:00,0,8,4,1935.12,3.0,3225.2,5.0,3225.2,5.0,False
loan_153_5,cust_loan_153,customer,loan_cust_loan_153,LOAN_AUTO,bank_transfer,167.13,BND,167.13,BN,BN,,False,2025-02-07 09:00:00,0,9,4,501.39,3.0,835.65,5.0,835.65,5.0,False
loan_154_5,cust_loan_154,customer,loan_cust_loan_154,LOAN_AUTO,bank_transfer,273.37,BND,273.37,BN,BN,,False,2025-02-07 10:00:00,0,10,4,820.11,3.0,1366.85,5.0,1366.85,5.0,False
loan_155_5,cust_loan_155,customer,loan_cust_loan_155,LOAN_AUTO,bank_transfer,778.13,BND,778.13,BN,BN,,False,2025-02-07 11:00:00,0,11,4,2334.39,3.0,3890.65,5.0,3890.65,5.0,False
loan_156_5,cust_loan_156,customer,loan_cust_loan_156,LOAN_AUTO,bank_transfer,271.12,BND,271.12,BN,BN,,False,2025-02-07 12:00:00,0,12,4,813.36,3.0,1355.6,5.0,1355.6,5.0,False
loan_157_5,cust_loan_157,customer,loan_cust_loan_157,LOAN_AUTO,bank_transfer,407.52,BND,407.52,BN,BN,,False,2025-02-07 13:00:00,0,13,4,1222.56,3.0,2037.6,5.0,2037.6,5.0,False
loan_158_5,cust_loan_158,customer,loan_cust_loan_158,LOAN_AUTO,bank_transfer,332.44,BND,332.44,BN,BN,,False,2025-02-07 14:00:00,0,14,4,997.32,3.0,1662.2,5.0,1662.2,5.0,False
loan_159_5,cust_loan_159,customer,loan_cust_loan_159,LOAN_AUTO,bank_transfer,405.0,BND,405.0,BN,BN,,False,2025-02-07 15:00:00,0,15,4,1215.0,3.0,2025.0,5.0,2025.0,5.0,False
loan_16_5,cust_loan_16,customer,loan_cust_loan_16,LOAN_AUTO,bank_transfer,731.75,BND,731.75,BN,BN,,False,2025-02-01 16:00:00,0,16,5,2195.25,3.0,3658.75,5.0,3658.75,5.0,False
loan_160_5,cust_loan_160,customer,loan_cust_loan_160,LOAN_AUTO,bank_transfer,420.2,BND,420.2,BN,BN,,False,2025-02-07 16:00:00,0,16,4,1260.6,3.0,2101.0,5.0,2101.0,5.0,False
loan_161_5,cust_loan_161,customer,loan_cust_loan_161,LOAN_AUTO,bank_transfer,333.98,BND,333.98,BN,BN,,False,2025-02-07 17:00:00,0,17,4,1001.94,3.0,1669.9,5.0,1669.9,5.0,False
loan_162_5,cust_loan_162,customer,loan_cust_loan_162,LOAN_AUTO,bank_transfer,460.21,BND,460.21,BN,BN,,False,2025-02-07 18:00:00,0,18,4,1380.63,3.0,2301.05,5.0,2301.05,5.0,False
loan_163_5,cust_loan_163,customer,loan_cust_loan_163,LOAN_AUTO,bank_transfer,598.1,BND,598.1,BN,BN,,False,2025-02-07 19:00:00,0,19,4,1794.3000000000002,3.0,2990.5,5.0,2990.5,5.0,False
loan_164_5,cust_loan_164,customer,loan_cust_loan_164,LOAN_AUTO,bank_transfer,489.38,BND,489.38,BN,BN,,False,2025-02-07 20:00:00,0,20,4,1468.14,3.0,2446.9,5.0,2446.9,5.0,False
loan_165_5,cust_loan_165,customer,loan_cust_loan_165,LOAN_AUTO,bank_transfer,574.04,BND,574.04,BN,BN,,False,2025-02-07 21:00:00,0,21,4,1722.12,3.0,2870.2,5.0,2870.2,5.0,False
loan_166_5,cust_loan_166,customer,loan_cust_loan_166,LOAN_AUTO,bank_transfer,512.43,BND,512.43,BN,BN,,False,2025-02-07 22:00:00,0,22,4,1537.29,3.0,2562.15,5.0,2562.15,5.0,False
loan_167_5,cust_loan_167,customer,loan_cust_loan_167,LOAN_AUTO,bank_transfer,613.26,BND,613.26,BN,BN,,False,2025-02-07 23:00:00,0,23,4,1839.78,3.0,3066.3,5.0,3066.3,5.0,False
loan_168_5,cust_loan_168,customer,loan_cust_loan_168,LOAN_AUTO,bank_transfer,456.77,BND,456.77,BN,BN,,False,2025-02-08 00:00:00,0,0,5,1370.31,3.0,2283.85,5.0,2283.85,5.0,False
loan_169_5,cust_loan_169,customer,loan_cust_loan_169,LOAN_AUTO,bank_transfer,622.52,BND,622.52,BN,BN,,False,2025-02-08 01:00:00,0,1,5,1867.56,3.0,3112.6,5.0,3112.6,5.0,False
loan_17_5,cust_loan_17,customer,loan_cust_loan_17,LOAN_AUTO,bank_transfer,641.8,BND,641.8,BN,BN,,False,2025-02-01 17:00:00,0,17,5,1925.4,3.0,3209.0,5.0,3209.0,5.0,False
loan_170_5,cust_loan_170,customer,loan_cust_loan_170,LOAN_AUTO,bank_transfer,492.4,BND,492.4,BN,BN,,False,2025-02-08 02:00:00,0,2,5,1477.1999999999998,3.0,2462.0,5.0,2462.0,5.0,False
loan_171_5,cust_loan_171,customer,loan_cust_loan_171,LOAN_AUTO,bank_transfer,711.54,BND,711.54,BN,BN,,False,2025-02-08 03:00:00,0,3,5,2134.62,3.0,3557.7,5.0,3557.7,5.0,False
loan_172_5,cust_loan_172,customer,loan_cust_loan_172,LOAN_AUTO,bank_transfer,582.0,BND,582.0,BN,BN,,False,2025-02-08 04:00:00,0,4,5,1746.0,3.0,2910.0,5.0,2910.0,5.0,False
loan_173_5,cust_loan_173,customer,loan_cust_loan_173,LOAN_AUTO,bank_transfer,286.41,BND,286.41,BN,BN,,False,2025-02-08 05:00:00,0,5,5,859.23,3.0,1432.0500000000002,5.0,1432.0500000000002,5.0,False
loan_174_5,cust_loan_174,customer,loan_cust_loan_174,LOAN_AUTO,bank_transfer,544.73,BND,544.73,BN,BN,,False,2025-02-08 06:00:00,0,6,5,1634.19,3.0,2723.65,5.0,2723.65,5.0,False
loan_175_5,cust_loan_175,customer,loan_cust_loan_175,LOAN_AUTO,bank_transfer,687.74,BND,687.74,BN,BN,,False,2025-02-08 07:00:00,0,7,5,2063.2200000000003,3.0,3438.7,5.0,3438.7,5.0,False
loan_176_5,cust_loan_176,customer,loan_cust_loan_176,LOAN_AUTO,bank_transfer,594.52,BND,594.52,BN,BN,,False,2025-02-08 08:00:00,0,8,5,1783.56,3.0,2972.6,5.0,2972.6,5.0,False
loan_177_5,cust_loan_177,customer,loan_cust_loan_177,LOAN_AUTO,bank_transfer,451.8,BND,451.8,BN,BN,,False,2025-02-08 09:00:00,0,9,5,1355.4,3.0,2259.0,5.0,2259.0,5.0,False
loan_178_5,cust_loan_178,customer,loan_cust_loan_178,LOAN_AUTO,bank_transfer,648.16,BND,648.16,BN,BN,,False,2025-02-08 10:00:00,0,10,5,1944.48,3.0,3240.8,5.0,3240.8,5.0,False
loan_179_5,cust_loan_179,customer,loan_cust_loan_179,LOAN_AUTO,bank_transfer,514.45,BND,514.45,BN,BN,,False,2025-02-08 11:00:00,0,11,5,1543.35,3.0,2572.25,5.0,2572.25,5.0,False
loan_18_5,cust_loan_18,customer,loan_cust_loan_18,LOAN_AUTO,bank_transfer,453.16,BND,453.16,BN,BN,,False,2025-02-01 18:00:00,0,18,5,1359.48,3.0,2265.8,5.0,2265.8,5.0,False
loan_180_5,cust_loan_180,customer,loan_cust_loan_180,LOAN_AUTO,bank_transfer,347.35,BND,347.35,BN,BN,,False,2025-02-08 12:00:00,0,12,5,1042.0500000000002,3.0,1736.75,5.0,1736.75,5.0,False
loan_181_5,cust_loan_181,customer,loan_cust_loan_181,LOAN_AUTO,bank_transfer,403.99,BND,403.99,BN,BN,,False,2025-02-08 13:00:00,0,13,5,1211.97,3.0,2019.95,5.0,2019.95,5.0,False
loan_182_5,cust_loan_182,customer,loan_cust_loan_182,LOAN_AUTO,bank_transfer,778.62,BND,778.62,BN,BN,,False,2025-02-08 14:00:00,0,14,5,2335.86,3.0,3893.1,5.0,3893.1,5.0,False
loan_183_5,cust_loan_183,customer,loan_cust_loan_183,LOAN_AUTO,bank_transfer,446.58,BND,446.58,BN,BN,,False,2025-02-08 15:00:00,0,15,5,1339.74,3.0,2232.9,5.0,2232.9,5.0,False
loan_184_5,cust_loan_184,customer,loan_cust_loan_184,LOAN_AUTO,bank_transfer,537.31,BND,537.31,BN,BN,,False,2025-02-08 16:00:00,0,16,5,1611.9299999999998,3.0,2686.55,5.0,2686.55,5.0,False
loan_185_5,cust_loan_185,customer,loan_cust_loan_185,LOAN_AUTO,bank_transfer,479.44,BND,479.44,BN,BN,,False,2025-02-08 17:00:00,0,17,5,1438.32,3.0,2397.2,5.0,2397.2,5.0,False
loan_186_5,cust_loan_186,customer,loan_cust_loan_186,LOAN_AUTO,bank_transfer,444.62,BND,444.62,BN,BN,,False,2025-02-08 18:00:00,0,18,5,1333.86,3.0,2223.1,5.0,2223.1,5.0,False
loan_187_5,cust_loan_187,customer,loan_cust_loan_187,LOAN_AUTO,bank_transfer,312.41,BND,312.41,BN,BN,,False,2025-02-08 19:00:00,0,19,5,937.23,3.0,1562.0500000000002,5.0,1562.0500000000002,5.0,False
loan_188_5,cust_loan_188,customer,loan_cust_loan_188,LOAN_AUTO,bank_transfer,478.59,BND,478.59,BN,BN,,False,2025-02-08 20:00:00,0,20,5,1435.77,3.0,2392.95,5.0,2392.95,5.0,False
loan_189_5,cust_loan_189,customer,loan_cust_loan_189,LOAN_AUTO,bank_transfer,664.53,BND,664.53,BN,BN,,False,2025-02-08 21:00:00,0,21,5,1993.59,3.0,3322.65,5.0,3322.65,5.0,False
loan_19_5,cust_loan_19,customer,loan_cust_loan_19,LOAN_AUTO,bank_transfer,212.91,BND,212.91,BN,BN,,False,2025-02-01 19:00:00,0,19,5,2925.07,3.0,3350.89,5.0,3350.89,5.0,False
loan_190_5,cust_loan_190,customer,loan_cust_loan_190,LOAN_AUTO,bank_transfer,205.93,BND,205.93,BN,BN,,False,2025-02-08 22:00:00,0,22,5,617.79,3.0,1029.65,5.0,1029.65,5.0,False
loan_191_5,cust_loan_191,customer,loan_cust_loan_191,LOAN_AUTO,bank_transfer,299.83,BND,299.83,BN,BN,,False,2025-02-08 23:00:00,0,23,5,899.49,3.0,1499.15,5.0,1499.15,5.0,False
loan_192_5,cust_loan_192,customer,loan_cust_loan_192,LOAN_AUTO,bank_transfer,387.74,BND,387.74,BN,BN,,False,2025-02-09 00:00:00,0,0,6,1163.22,3.0,1938.7,5.0,1938.7,5.0,False
loan_193_5,cust_loan_193,customer,loan_cust_loan_193,LOAN_AUTO,bank_transfer,632.14,BND,632.14,BN,BN,,False,2025-02-09 01:00:00,0,1,6,1896.42,3.0,3160.7,5.0,3160.7,5.0,False
loan_194_5,cust_loan_194,customer,loan_cust_loan_194,LOAN_AUTO,bank_transfer,387.95,BND,387.95,BN,BN,,False,2025-02-09 02:00:00,0,2,6,1163.85,3.0,1939.75,5.0,1939.75,5.0,False
loan_195_5,cust_loan_195,customer,loan_cust_loan_195,LOAN_AUTO,bank_transfer,496.95,BND,496.95,BN,BN,,False,2025-02-09 03:00:00,0,3,6,1490.85,3.0,2484.75,5.0,2484.75,5.0,False
loan_196_5,cust_loan_196,customer,loan_cust_loan_196,LOAN_AUTO,bank_transfer,292.59,BND,292.59,BN,BN,,False,2025-02-09 04:00:00,0,4,6,877.77,3.0,1462.9499999999998,5.0,1462.9499999999998,5.0,False
loan_197_5,cust_loan_197,customer,loan_cust_loan_197,LOAN_AUTO,bank_transfer,232.43,BND,232.43,BN,BN,,False,2025-02-09 05:00:00,0,5,6,697.29,3.0,1162.15,5.0,1162.15,5.0,False
loan_198_5,cust_loan_198,customer,loan_cust_loan_198,LOAN_AUTO,bank_transfer,731.09,BND,731.09,BN,BN,,False,2025-02-09 06:00:00,0,6,6,2193.27,3.0,3655.45,5.0,3655.45,5.0,False
loan_199_5,cust_loan_199,customer,loan_cust_loan_199,LOAN_AUTO,bank_transfer,6210.21,BND,6210.21,BN,BN,,False,2025-02-09 07:00:00,1,7,6,1436.28,3.0,2393.8,5.0,2393.8,5.0,False
loan_2_5,cust_loan_2,customer,loan_cust_loan_2,LOAN_AUTO,bank_transfer,604.58,BND,604.58,BN,BN,,False,2025-02-01 02:00:00,0,2,5,1813.74,3.0,3022.9,5.0,3022.9,5.0,False
loan_20_5,cust_loan_20,customer,loan_cust_loan_20,LOAN_AUTO,bank_transfer,236.06,BND,236.06,BN,BN,,False,2025-02-01 20:00:00,0,20,5,708.1800000000001,3.0,1180.3,5.0,1180.3,5.0,False
loan_200_5,cust_loan_200,customer,loan_cust_loan_200,LOAN_AUTO,bank_transfer,641.9,BND,641.9,BN,BN,,False,2025-02-09 08:00:00,0,8,6,1925.7,3.0,3209.5,5.0,3209.5,5.0,False
loan_201_5,cust_loan_201,customer,loan_cust_loan_201,LOAN_AUTO,bank_transfer,250.2,BND,250.2,BN,BN,,False,2025-02-09 09:00:00,0,9,6,750.5999999999999,3.0,1251.0,5.0,1251.0,5.0,False
loan_202_5,cust_loan_202,customer,loan_cust_loan_202,LOAN_AUTO,bank_transfer,623.37,BND,623.37,BN,BN,,False,2025-02-09 10:00:00,0,10,6,1870.11,3.0,9333.62,5.0,9333.62,5.0,False
loan_203_5,cust_loan_203,customer,loan_cust_loan_203,LOAN_AUTO,bank_transfer,266.23,BND,266.23,BN,BN,,False,2025-02-09 11:00:00,0,11,6,798.69,3.0,1331.15,5.0,1331.15,5.0,False
loan_204_5,cust_loan_204,customer,loan_cust_loan_204,LOAN_AUTO,bank_transfer,176.71,BND,176.71,BN,BN,,False,2025-02-09 12:00:00,0,12,6,530.13,3.0,883.5500000000001,5.0,883.5500000000001,5.0,False
loan_205_5,cust_loan_205,customer,loan_cust_loan_205,LOAN_AUTO,bank_transfer,331.56,BND,331.56,BN,BN,,False,2025-02-09 13:00:00,0,13,6,994.68,3.0,1657.8,5.0,1657.8,5.0,False
loan_206_5,cust_loan_206,customer,loan_cust_loan_206,LOAN_AUTO,bank_transfer,158.2,BND,158.2,BN,BN,,False,2025-02-09 14:00:00,0,14,6,474.6,3.0,1437.6,5.0,1437.6,5.0,False
loan_207_5,cust_loan_207,third_party,loan_cust_loan_207,LOAN_AUTO,bank_transfer,493.36,BND,493.36,BN,BN,,False,2025-02-09 15:00:00,1,15,6,1480.08,3.0,2466.8,5.0,2466.8,5.0,True
loan_208_5,cust_loan_208,customer,loan_cust_loan_208,LOAN_AUTO,bank_transfer,545.68,BND,545.68,BN,BN,,False,2025-02-09 16:00:00,0,16,6,1637.04,3.0,2728.4,5.0,2728.4,5.0,False
loan_209_5,cust_loan_209,customer,loan_cust_loan_209,LOAN_AUTO,bank_transfer,323.61,BND,323.61,BN,BN,,False,2025-02-09 17:00:00,0,17,6,970.83,3.0,1618.0500000000002,5.0,1618.0500000000002,5.0,False
loan_21_5,cust_loan_21,customer,loan_cust_loan_21,LOAN_AUTO,bank_transfer,310.02,BND,310.02,BN,BN,,False,2025-02-01 21:00:00,0,21,5,930.06,3.0,1550.1,5.0,1550.1,5.0,False
loan_210_5,cust_loan_210,customer,loan_cust_loan_210,LOAN_AUTO,bank_transfer,395.27,BND,395.27,BN,BN,,False,2025-02-09 18:00:00,0,18,6,1185.81,3.0,1976.35,5.0,1976.35,5.0,False
loan_211_5,cust_loan_211,customer,loan_cust_loan_211,LOAN_AUTO,bank_transfer,794.24,BND,794.24,BN,BN,,False,2025-02-09 19:00:00,0,19,6,2382.7200000000003,3.0,3971.2,5.0,3971.2,5.0,False
loan_212_5,cust_loan_212,customer,loan_cust_loan_212,LOAN_AUTO,bank_transfer,654.85,BND,654.85,BN,BN,,False,2025-02-09 20:00:00,0,20,6,1964.55,3.0,3274.25,5.0,3274.25,5.0,False
loan_213_5,cust_loan_213,customer,loan_cust_loan_213,LOAN_AUTO,bank_transfer,791.45,BND,791.45,BN,BN,,False,2025-02-09 21:00:00,0,21,6,12997.76,3.0,14580.66,5.0,14580.66,5.0,False
loan_214_5,cust_loan_214,customer,loan_cust_loan_214,LOAN_AUTO,bank_transfer,746.59,BND,746.59,BN,BN,,False,2025-02-09 22:00:00,0,22,6,2239.77,3.0,3732.95,5.0,3732.95,5.0,False
loan_215_5,cust_loan_215,customer,loan_cust_loan_215,LOAN_AUTO,bank_transfer,501.8,BND,501.8,BN,BN,,False,2025-02-09 23:00:00,0,23,6,1505.4,3.0,2509.0,5.0,2509.0,5.0,False
loan_216_5,cust_loan_216,customer,loan_cust_loan_216,LOAN_AUTO,bank_transfer,390.23,BND,390.23,BN,BN,,False,2025-02-10 00:00:00,0,0,0,1170.69,3.0,1951.15,5.0,1951.15,5.0,False
loan_217_5,cust_loan_217,customer,loan_cust_loan_217,LOAN_AUTO,bank_transfer,608.97,BND,608.97,BN,BN,,False,2025-02-10 01:00:00,0,1,0,1826.91,3.0,3044.8500000000004,5.0,3044.8500000000004,5.0,False
loan_218_5,cust_loan_218,customer,loan_cust_loan_218,LOAN_AUTO,bank_transfer,230.86,BND,230.86,BN,BN,,False,2025-02-10 02:00:00,0,2,0,692.58,3.0,1154.3000000000002,5.0,1154.3000000000002,5.0,False
loan_219_5,cust_loan_219,customer,loan_cust_loan_219,LOAN_AUTO,bank_transfer,577.32,BND,577.32,BN,BN,,False,2025-02-10 03:00:00,0,3,0,1731.96,3.0,2886.6000000000004,5.0,2886.6000000000004,5.0,False
loan_22_5,cust_loan_22,customer,loan_cust_loan_22,LOAN_AUTO,bank_transfer,365.04,BND,365.04,BN,BN,,False,2025-02-01 22:00:00,0,22,5,1095.12,3.0,1825.2,5.0,1825.2,5.0,False
loan_220_5,cust_loan_220,customer,loan_cust_loan_220,LOAN_AUTO,bank_transfer,656.74,BND,656.74,BN,BN,,False,2025-02-10 04:00:00,0,4,0,1970.22,3.0,3283.7,5.0,3283.7,5.0,False
loan_221_5,cust_loan_221,customer,loan_cust_loan_221,LOAN_AUTO,bank_transfer,295.82,BND,295.82,BN,BN,,False,2025-02-10 05:00:00,0,5,0,887.46,3.0,1479.1,5.0,1479.1,5.0,False
loan_222_5,cust_loan_222,customer,loan_cust_loan_222,LOAN_AUTO,bank_transfer,640.08,BND,640.08,BN,BN,,False,2025-02-10 06:00:00,0,6,0,1920.24,3.0,3200.4,5.0,3200.4,5.0,False
loan_223_5,cust_loan_223,customer,loan_cust_loan_223,LOAN_AUTO,bank_transfer,782.59,BND,782.59,BN,BN,,False,2025-02-10 07:00:00,0,7,0,2347.77,3.0,3912.95,5.0,3912.95,5.0,False
loan_224_5,cust_loan_224,customer,loan_cust_loan_224,LOAN_AUTO,bank_transfer,789.04,BND,789.04,BN,BN,,False,2025-02-10 08:00:00,0,8,0,2367.12,3.0,3945.2,5.0,3945.2,5.0,False
loan_225_5,cust_loan_225,customer,loan_cust_loan_225,LOAN_AUTO,bank_transfer,695.1,BND,695.1,BN,BN,,False,2025-02-10 09:00:00,0,9,0,2085.3,3.0,3475.5,5.0,3475.5,5.0,False
loan_226_5,cust_loan_226,customer,loan_cust_loan_226,LOAN_AUTO,bank_transfer,741.35,BND,741.35,BN,BN,,False,2025-02-10 10:00:00,0,10,0,2224.05,3.0,3706.75,5.0,3706.75,5.0,False
loan_227_5,cust_loan_227,customer,loan_cust_loan_227,LOAN_AUTO,bank_transfer,458.83,BND,458.83,BN,BN,,False,2025-02-10 11:00:00,0,11,0,1376.49,3.0,2294.15,5.0,2294.15,5.0,False
loan_228_5,cust_loan_228,customer,loan_cust_loan_228,LOAN_AUTO,bank_transfer,680.54,BND,680.54,BN,BN,,False,2025-02-10 12:00:00,0,12,0,5036.77,3.0,12577.54,5.0,12577.54,5.0,False
loan_229_5,cust_loan_229,customer,loan_cust_loan_229,LOAN_AUTO,bank_transfer,652.32,BND,652.32,BN,BN,,False,2025-02-10 13:00:00,0,13,0,1956.96,3.0,3261.6000000000004,5.0,3261.6000000000004,5.0,False
loan_23_5,cust_loan_23,third_party,loan_cust_loan_23,LOAN_AUTO,bank_transfer,537.84,BND,537.84,BN,BN,,False,2025-02-01 23:00:00,0,23,5,1613.52,3.0,2689.2000000000003,5.0,2689.2000000000003,5.0,False
loan_230_5,cust_loan_230,customer,loan_cust_loan_230,LOAN_AUTO,bank_transfer,221.63,BND,221.63,BN,BN,,False,2025-02-10 14:00:00,0,14,0,664.89,3.0,1108.15,5.0,1108.15,5.0,False
loan_231_5,cust_loan_231,customer,loan_cust_loan_231,LOAN_AUTO,bank_transfer,161.94,BND,161.94,BN,BN,,False,2025-02-10 15:00:00,0,15,0,485.82,3.0,809.7,5.0,809.7,5.0,False
loan_232_5,cust_loan_232,customer,loan_cust_loan_232,LOAN_AUTO,bank_transfer,677.2,BND,677.2,BN,BN,,False,2025-02-10 16:00:00,0,16,0,2031.6,3.0,3386.0,5.0,3386.0,5.0,False
loan_233_5,cust_loan_233,customer,loan_cust_loan_233,LOAN_AUTO,bank_transfer,302.8,BND,302.8,BN,BN,,False,2025-02-10 17:00:00,0,17,0,908.4,3.0,1514.0,5.0,1514.0,5.0,False
loan_234_5,cust_loan_234,customer,loan_cust_loan_234,LOAN_AUTO,bank_transfer,348.22,BND,348.22,BN,BN,,False,2025-02-10 18:00:00,0,18,0,1044.66,3.0,1741.1,5.0,1741.1,5.0,False
loan_235_5,cust_loan_235,customer,loan_cust_loan_235,LOAN_AUTO,bank_transfer,218.89,BND,218.89,BN,BN,,False,2025-02-10 19:00:00,0,19,0,656.67,3.0,1094.4499999999998,5.0,1094.4499999999998,5.0,False
loan_236_5,cust_loan_236,customer,loan_cust_loan_236,LOAN_AUTO,bank_transfer,161.6,BND,161.6,BN,BN,,False,2025-02-10 20:00:00,0,20,0,484.8,3.0,808.0,5.0,808.0,5.0,False
loan_237_5,cust_loan_237,customer,loan_cust_loan_237,LOAN_AUTO,bank_transfer,620.61,BND,620.61,BN,BN,,False,2025-02-10 21:00:00,0,21,0,1861.83,3.0,3103.05,5.0,3103.05,5.0,False
loan_238_5,cust_loan_238,third_party,loan_cust_loan_238,LOAN_AUTO,bank_transfer,553.46,BND,553.46,BN,BN,,False,2025-02-10 22:00:00,0,22,0,1660.38,3.0,2767.3,5.0,2767.3,5.0,True
loan_239_5,cust_loan_239,customer,loan_cust_loan_239,LOAN_AUTO,bank_transfer,226.32,BND,226.32,BN,BN,,False,2025-02-10 23:00:00,0,23,0,678.96,3.0,1131.6,5.0,1131.6,5.0,False
loan_24_5,cust_loan_24,customer,loan_cust_loan_24,LOAN_AUTO,bank_transfer,770.68,BND,770.68,BN,BN,,False,2025-02-02 00:00:00,0,0,6,2312.04,3.0,3853.4,5.0,3853.4,5.0,False
loan_240_5,cust_loan_240,customer,loan_cust_loan_240,LOAN_AUTO,bank_transfer,708.22,BND,708.22,BN,BN,,False,2025-02-11 00:00:00,0,0,1,2124.66,3.0,3541.1000000000004,5.0,3541.1000000000004,5.0,False
loan_241_5,cust_loan_241,customer,loan_cust_loan_241,LOAN_AUTO,bank_transfer,553.42,BND,553.42,BN,BN,,False,2025-02-11 01:00:00,0,1,1,1660.2599999999998,3.0,2767.1,5.0,2767.1,5.0,False
loan_242_5,cust_loan_242,customer,loan_cust_loan_242,LOAN_AUTO,bank_transfer,167.63,BND,167.63,BN,BN,,False,2025-02-11 02:00:00,0,2,1,502.89,3.0,838.15,5.0,838.15,5.0,False
loan_243_5,cust_loan_243,customer,loan_cust_loan_243,LOAN_AUTO,bank_transfer,252.42,BND,252.42,BN,BN,,False,2025-02-11 03:00:00,0,3,1,757.26,3.0,1262.1,5.0,1262.1,5.0,False
loan_244_5,cust_loan_244,customer,loan_cust_loan_244,LOAN_AUTO,bank_transfer,271.45,BND,271.45,BN,BN,,False,2025-02-11 04:00:00,0,4,1,814.3499999999999,3.0,1357.25,5.0,1357.25,5.0,False
loan_245_5,cust_loan_245,customer,loan_cust_loan_245,LOAN_AUTO,bank_transfer,430.88,BND,430.88,BN,BN,,False,2025-02-11 05:00:00,0,5,1,1292.64,3.0,2154.4,5.0,2154.4,5.0,False
loan_246_5,cust_loan_246,customer,loan_cust_loan_246,LOAN_AUTO,bank_transfer,270.04,BND,270.04,BN,BN,,False,2025-02-11 06:00:00,0,6,1,810.1200000000001,3.0,1350.2,5.0,1350.2,5.0,False
loan_247_5,cust_loan_247,customer,loan_cust_loan_247,LOAN_AUTO,bank_transfer,549.62,BND,549.62,BN,BN,,False,2025-02-11 07:00:00,0,7,1,1648.86,3.0,2748.1,5.0,2748.1,5.0,False
loan_248_5,cust_loan_248,customer,loan_cust_loan_248,LOAN_AUTO,bank_transfer,779.09,BND,779.09,BN,BN,,False,2025-02-11 08:00:00,0,8,1,2337.27,3.0,3895.45,5.0,3895.45,5.0,False
loan_249_5,cust_loan_249,customer,loan_cust_loan_249,LOAN_AUTO,bank_transfer,744.76,BND,744.76,BN,BN,,False,2025-02-11 09:00:00,0,9,1,2234.28,3.0,3723.8,5.0,3723.8,5.0,False
loan_25_5,cust_loan_25,customer,loan_cust_loan_25,LOAN_AUTO,bank_transfer,200.67,BND,200.67,BN,BN,,False,2025-02-02 01:00:00,0,1,6,602.01,3.0,1003.35,5.0,1003.35,5.0,False
loan_250_5,cust_loan_250,customer,loan_cust_loan_250,LOAN_AUTO,bank_transfer,768.94,BND,768.94,BN,BN,,False,2025-02-11 10:00:00,0,10,1,2306.82,3.0,3844.7,5.0,3844.7,5.0,False
loan_251_5,cust_loan_251,customer,loan_cust_loan_251,LOAN_AUTO,bank_transfer,527.71,BND,527.71,BN,BN,,False,2025-02-11 11:00:00,0,11,1,1583.13,3.0,2638.55,5.0,2638.55,5.0,False
loan_252_5,cust_loan_252,customer,loan_cust_loan_252,LOAN_AUTO,bank_transfer,668.21,BND,668.21,BN,BN,,False,2025-02-11 12:00:00,0,12,1,2004.63,3.0,3341.05,5.0,3341.05,5.0,False
loan_253_5,cust_loan_253,customer,loan_cust_loan_253,LOAN_AUTO,bank_transfer,152.48,BND,152.48,BN,BN,,False,2025-02-11 13:00:00,0,13,1,457.44,3.0,762.4,5.0,762.4,5.0,False
loan_254_5,cust_loan_254,customer,loan_cust_loan_254,LOAN_AUTO,bank_transfer,151.7,BND,151.7,BN,BN,,False,2025-02-11 14:00:00,0,14,1,2240.13,3.0,2543.53,5.0,2543.53,5.0,False
loan_255_5,cust_loan_255,customer,loan_cust_loan_255,LOAN_AUTO,bank_transfer,195.58,BND,195.58,BN,BN,,False,2025-02-11 15:00:00,0,15,1,586.74,3.0,977.9,5.0,977.9,5.0,False
loan_256_5,cust_loan_256,third_party,loan_cust_loan_256,LOAN_AUTO,bank_transfer,669.64,BND,669.64,BN,BN,,False,2025-02-11 16:00:00,0,16,1,2008.92,3.0,3348.2,5.0,3348.2,5.0,False
loan_257_5,cust_loan_257,customer,loan_cust_loan_257,LOAN_AUTO,bank_transfer,223.41,BND,223.41,BN,BN,,False,2025-02-11 17:00:00,0,17,1,670.23,3.0,1117.05,5.0,1117.05,5.0,False
loan_258_5,cust_loan_258,customer,loan_cust_loan_258,LOAN_AUTO,bank_transfer,699.15,BND,699.15,BN,BN,,False,2025-02-11 18:00:00,0,18,1,2097.45,3.0,3495.75,5.0,3495.75,5.0,False
loan_259_5,cust_loan_259,customer,loan_cust_loan_259,LOAN_AUTO,bank_transfer,378.61,BND,378.61,BN,BN,,False,2025-02-11 19:00:00,0,19,1,1135.83,3.0,1893.05,5.0,1893.05,5.0,False
loan_26_5,cust_loan_26,customer,loan_cust_loan_26,LOAN_AUTO,bank_transfer,766.96,BND,766.96,BN,BN,,False,2025-02-02 02:00:00,0,2,6,2300.88,3.0,3834.8,5.0,3834.8,5.0,False
loan_260_5,cust_loan_260,customer,loan_cust_loan_260,LOAN_AUTO,bank_transfer,724.92,BND,724.92,BN,BN,,False,2025-02-11 20:00:00,0,20,1,2174.76,3.0,3624.6,5.0,3624.6,5.0,False
loan_261_5,cust_loan_261,customer,loan_cust_loan_261,LOAN_AUTO,bank_transfer,707.76,BND,707.76,BN,BN,,False,2025-02-11 21:00:00,0,21,1,2123.28,3.0,3538.8,5.0,3538.8,5.0,False
loan_262_5,cust_loan_262,customer,loan_cust_loan_262,LOAN_AUTO,bank_transfer,478.02,BND,478.02,BN,BN,,False,2025-02-11 22:00:00,0,22,1,1434.06,3.0,2390.1,5.0,2390.1,5.0,False
loan_263_5,cust_loan_263,customer,loan_cust_loan_263,LOAN_AUTO,bank_transfer,410.66,BND,410.66,BN,BN,,False,2025-02-11 23:00:00,0,23,1,1231.98,3.0,2053.3,5.0,2053.3,5.0,False
loan_264_5,cust_loan_264,customer,loan_cust_loan_264,LOAN_AUTO,bank_transfer,605.68,BND,605.68,BN,BN,,False,2025-02-12 00:00:00,0,0,2,1817.04,3.0,3028.4,5.0,3028.4,5.0,False
loan_265_5,cust_loan_265,customer,loan_cust_loan_265,LOAN_AUTO,bank_transfer,601.4,BND,601.4,BN,BN,,False,2025-02-12 01:00:00,0,1,2,1804.2,3.0,3007.0,5.0,3007.0,5.0,False
loan_266_5,cust_loan_266,customer,loan_cust_loan_266,LOAN_AUTO,bank_transfer,370.67,BND,370.67,BN,BN,,False,2025-02-12 02:00:00,0,2,2,1112.01,3.0,1853.35,5.0,1853.35,5.0,False
loan_267_5,cust_loan_267,customer,loan_cust_loan_267,LOAN_AUTO,bank_transfer,703.77,BND,703.77,BN,BN,,False,2025-02-12 03:00:00,0,3,2,2111.31,3.0,3518.85,5.0,3518.85,5.0,False
loan_268_5,cust_loan_268,customer,loan_cust_loan_268,LOAN_AUTO,bank_transfer,294.03,BND,294.03,BN,BN,,False,2025-02-12 04:00:00,0,4,2,882.0899999999999,3.0,1470.15,5.0,1470.15,5.0,False
loan_269_5,cust_loan_269,customer,loan_cust_loan_269,LOAN_AUTO,bank_transfer,187.93,BND,187.93,BN,BN,,False,2025-02-12 05:00:00,0,5,2,563.79,3.0,939.65,5.0,939.65,5.0,False
loan_27_5,cust_loan_27,third_party,loan_cust_loan_27,LOAN_AUTO,bank_transfer,655.97,BND,655.97,BN,BN,,False,2025-02-02 03:00:00,0,3,6,1967.91,3.0,3279.8500000000004,5.0,3279.8500000000004,5.0,False
loan_270_5,cust_loan_270,customer,loan_cust_loan_270,LOAN_AUTO,bank_transfer,731.04,BND,731.04,BN,BN,,False,2025-02-12 06:00:00,0,6,2,2193.12,3.0,3655.2,5.0,3655.2,5.0,False
loan_271_5,cust_loan_271,customer,loan_cust_loan_271,LOAN_AUTO,bank_transfer,200.99,BND,200.99,BN,BN,,False,2025-02-12 07:00:00,0,7,2,602.97,3.0,1004.95,5.0,1004.95,5.0,False
loan_272_5,cust_loan_272,customer,loan_cust_loan_272,LOAN_AUTO,bank_transfer,513.23,BND,513.23,BN,BN,,False,2025-02-12 08:00:00,0,8,2,1539.69,3.0,2566.15,5.0,2566.15,5.0,False
loan_273_5,cust_loan_273,customer,loan_cust_loan_273,LOAN_AUTO,bank_transfer,758.9,BND,758.9,BN,BN,,False,2025-02-12 09:00:00,0,9,2,2276.7,3.0,3794.5,5.0,3794.5,5.0,False
loan_274_5,cust_loan_274,customer,loan_cust_loan_274,LOAN_AUTO,bank_transfer,604.76,BND,604.76,BN,BN,,False,2025-02-12 10:00:00,0,10,2,1814.28,3.0,3023.8,5.0,3023.8,5.0,False
loan_275_5,cust_loan_275,customer,loan_cust_loan_275,LOAN_AUTO,bank_transfer,697.6,BND,697.6,BN,BN,,False,2025-02-12 11:00:00,0,11,2,2092.8,3.0,3488.0,5.0,3488.0,5.0,False
loan_276_5,cust_loan_276,customer,loan_cust_loan_276,LOAN_AUTO,bank_transfer,328.72,BND,328.72,BN,BN,,False,2025-02-12 12:00:00,0,12,2,986.16,3.0,1643.6,5.0,1643.6,5.0,False
loan_277_5,cust_loan_277,customer,loan_cust_loan_277,LOAN_AUTO,bank_transfer,615.37,BND,615.37,BN,BN,,False,2025-02-12 13:00:00,0,13,2,1846.11,3.0,3076.85,5.0,3076.85,5.0,False
loan_278_5,cust_loan_278,customer,loan_cust_loan_278,LOAN_AUTO,bank_transfer,198.65,BND,198.65,BN,BN,,False,2025-02-12 14:00:00,0,14,2,595.95,3.0,993.25,5.0,993.25,5.0,False
loan_279_5,cust_loan_279,customer,loan_cust_loan_279,LOAN_AUTO,bank_transfer,616.74,BND,616.74,BN,BN,,False,2025-02-12 15:00:00,0,15,2,1850.22,3.0,6678.85,5.0,6678.85,5.0,False
loan_28_5,cust_loan_28,customer,loan_cust_loan_28,LOAN_AUTO,bank_transfer,184.0,BND,184.0,BN,BN,,False,2025-02-02 04:00:00,0,4,6,552.0,3.0,920.0,5.0,920.0,5.0,False
loan_280_5,cust_loan_280,customer,loan_cust_loan_280,LOAN_AUTO,bank_transfer,498.94,BND,498.94,BN,BN,,False,2025-02-12 16:00:00,0,16,2,1496.82,3.0,2494.7,5.0,2494.7,5.0,False
loan_281_5,cust_loan_281,customer,loan_cust_loan_281,LOAN_AUTO,bank_transfer,223.34,BND,223.34,BN,BN,,False,2025-02-12 17:00:00,0,17,2,670.02,3.0,1116.7,5.0,1116.7,5.0,False
loan_282_5,cust_loan_282,customer,loan_cust_loan_282,LOAN_AUTO,bank_transfer,734.6,BND,734.6,BN,BN,,False,2025-02-12 18:00:00,0,18,2,2203.8,3.0,3673.0,5.0,3673.0,5.0,False
loan_283_5,cust_loan_283,customer,loan_cust_loan_283,LOAN_AUTO,bank_transfer,699.43,BND,699.43,BN,BN,,False,2025-02-12 19:00:00,0,19,2,2098.29,3.0,3497.15,5.0,3497.15,5.0,False
loan_284_5,cust_loan_284,customer,loan_cust_loan_284,LOAN_AUTO,bank_transfer,230.9,BND,230.9,BN,BN,,False,2025-02-12 20:00:00,0,20,2,692.7,3.0,1154.5,5.0,1154.5,5.0,False
loan_285_5,cust_loan_285,customer,loan_cust_loan_285,LOAN_AUTO,bank_transfer,715.25,BND,715.25,BN,BN,,False,2025-02-12 21:00:00,0,21,2,2145.75,3.0,3576.25,5.0,3576.25,5.0,False
loan_286_5,cust_loan_286,customer,loan_cust_loan_286,LOAN_AUTO,bank_transfer,203.94,BND,203.94,BN,BN,,False,2025-02-12 22:00:00,0,22,2,2664.25,3.0,3072.13,5.0,3072.13,5.0,False
loan_287_5,cust_loan_287,customer,loan_cust_loan_287,LOAN_AUTO,bank_transfer,535.94,BND,535.94,BN,BN,,False,2025-02-12 23:00:00,0,23,2,3785.57,3.0,4857.450000000001,5.0,4857.450000000001,5.0,False
loan_288_5,cust_loan_288,customer,loan_cust_loan_288,LOAN_AUTO,bank_transfer,525.01,BND,525.01,BN,BN,,False,2025-02-13 00:00:00,0,0,3,1575.03,3.0,2625.05,5.0,2625.05,5.0,False
loan_289_5,cust_loan_289,customer,loan_cust_loan_289,LOAN_AUTO,bank_transfer,166.35,BND,166.35,BN,BN,,False,2025-02-13 01:00:00,0,1,3,499.05,3.0,831.75,5.0,831.75,5.0,False
loan_29_5,cust_loan_29,customer,loan_cust_loan_29,LOAN_AUTO,bank_transfer,651.71,BND,651.71,BN,BN,,False,2025-02-02 05:00:00,0,5,6,1955.13,3.0,3258.55,5.0,3258.55,5.0,False
loan_290_5,cust_loan_290,customer,loan_cust_loan_290,LOAN_AUTO,bank_transfer,342.58,BND,342.58,BN,BN,,False,2025-02-13 02:00:00,0,2,3,1027.74,3.0,1712.9,5.0,1712.9,5.0,False
loan_291_5,cust_loan_291,customer,loan_cust_loan_291,LOAN_AUTO,bank_transfer,765.73,BND,765.73,BN,BN,,False,2025-02-13 03:00:00,0,3,3,2297.19,3.0,3828.65,5.0,3828.65,5.0,False
loan_292_5,cust_loan_292,customer,loan_cust_loan_292,LOAN_AUTO,bank_transfer,211.97,BND,211.97,BN,BN,,False,2025-02-13 04:00:00,0,4,3,635.91,3.0,1059.85,5.0,1059.85,5.0,False
loan_293_5,cust_loan_293,customer,loan_cust_loan_293,LOAN_AUTO,bank_transfer,283.99,BND,283.99,BN,BN,,False,2025-02-13 05:00:00,0,5,3,851.97,3.0,5284.46,5.0,5284.46,5.0,False
loan_294_5,cust_loan_294,customer,loan_cust_loan_294,LOAN_AUTO,bank_transfer,375.8,BND,375.8,BN,BN,,False,2025-02-13 06:00:00,0,6,3,1127.4,3.0,1879.0,5.0,1879.0,5.0,False
loan_295_5,cust_loan_295,customer,loan_cust_loan_295,LOAN_AUTO,bank_transfer,560.87,BND,560.87,BN,BN,,False,2025-02-13 07:00:00,0,7,3,1682.61,3.0,2804.35,5.0,2804.35,5.0,False
loan_296_5,cust_loan_296,customer,loan_cust_loan_296,LOAN_AUTO,bank_transfer,749.13,BND,749.13,BN,BN,,False,2025-02-13 08:00:00,0,8,3,2247.39,3.0,3745.65,5.0,3745.65,5.0,False
loan_297_5,cust_loan_297,customer,loan_cust_loan_297,LOAN_AUTO,bank_transfer,598.03,BND,598.03,BN,BN,,False,2025-02-13 09:00:00,0,9,3,1794.09,3.0,2990.15,5.0,2990.15,5.0,False
loan_298_5,cust_loan_298,customer,loan_cust_loan_298,LOAN_AUTO,bank_transfer,688.35,BND,688.35,BN,BN,,False,2025-02-13 10:00:00,0,10,3,2065.05,3.0,3441.75,5.0,3441.75,5.0,False
loan_299_5,cust_loan_299,customer,loan_cust_loan_299,LOAN_AUTO,bank_transfer,275.13,BND,275.13,BN,BN,,False,2025-02-13 11:00:00,0,11,3,825.39,3.0,1375.65,5.0,1375.65,5.0,False
loan_3_5,cust_loan_3,customer,loan_cust_loan_3,LOAN_AUTO,bank_transfer,651.06,BND,651.06,BN,BN,,False,2025-02-01 03:00:00,0,3,5,1953.18,3.0,3255.3,5.0,3255.3,5.0,False
loan_30_5,cust_loan_30,customer,loan_cust_loan_30,LOAN_AUTO,bank_transfer,713.37,BND,713.37,BN,BN,,False,2025-02-02 06:00:00,0,6,6,2140.11,3.0,3566.85,5.0,3566.85,5.0,False
loan_300_5,cust_loan_300,customer,loan_cust_loan_300,LOAN_AUTO,bank_transfer,343.05,BND,343.05,BN,BN,,False,2025-02-13 12:00:00,0,12,3,1029.15,3.0,1715.25,5.0,1715.25,5.0,False
loan_301_5,cust_loan_301,customer,loan_cust_loan_301,LOAN_AUTO,bank_transfer,709.58,BND,709.58,BN,BN,,False,2025-02-13 13:00:00,0,13,3,2128.74,3.0,3547.9,5.0,3547.9,5.0,False
loan_302_5,cust_loan_302,customer,loan_cust_loan_302,LOAN_AUTO,bank_transfer,594.36,BND,594.36,BN,BN,,False,2025-02-13 14:00:00,0,14,3,1783.08,3.0,2971.8,5.0,2971.8,5.0,False
loan_303_5,cust_loan_303,third_party,loan_cust_loan_303,LOAN_AUTO,bank_transfer,193.13,BND,193.13,BN,BN,,False,2025-02-13 15:00:00,0,15,3,579.39,3.0,965.65,5.0,965.65,5.0,True
loan_304_5,cust_loan_304,customer,loan_cust_loan_304,LOAN_AUTO,bank_transfer,561.76,BND,561.76,BN,BN,,False,2025-02-13 16:00:00,0,16,3,5820.410000000002,3.0,6943.93,5.0,6943.93,5.0,False
loan_305_5,cust_loan_305,customer,loan_cust_loan_305,LOAN_AUTO,bank_transfer,536.53,BND,536.53,BN,BN,,False,2025-02-13 17:00:00,0,17,3,1609.59,3.0,2682.65,5.0,2682.65,5.0,False
loan_306_5,cust_loan_306,customer,loan_cust_loan_306,LOAN_AUTO,bank_transfer,450.19,BND,450.19,BN,BN,,False,2025-02-13 18:00:00,0,18,3,1350.57,3.0,2250.95,5.0,2250.95,5.0,False
loan_307_5,cust_loan_307,customer,loan_cust_loan_307,LOAN_AUTO,bank_transfer,522.1,BND,522.1,BN,BN,,False,2025-02-13 19:00:00,0,19,3,1566.3000000000002,3.0,2610.5,5.0,2610.5,5.0,False
loan_308_5,cust_loan_308,customer,loan_cust_loan_308,LOAN_AUTO,bank_transfer,494.21,BND,494.21,BN,BN,,False,2025-02-13 20:00:00,0,20,3,1482.63,3.0,2471.05,5.0,2471.05,5.0,False
loan_309_5,cust_loan_309,customer,loan_cust_loan_309,LOAN_AUTO,bank_transfer,427.62,BND,427.62,BN,BN,,False,2025-02-13 21:00:00,0,21,3,1282.86,3.0,2138.1,5.0,2138.1,5.0,False
loan_31_5,cust_loan_31,customer,loan_cust_loan_31,LOAN_AUTO,bank_transfer,749.8,BND,749.8,BN,BN,,False,2025-02-02 07:00:00,0,7,6,2249.4,3.0,3749.0,5.0,3749.0,5.0,False
loan_310_5,cust_loan_310,customer,loan_cust_loan_310,LOAN_AUTO,bank_transfer,571.97,BND,571.97,BN,BN,,False,2025-02-13 22:00:00,0,22,3,1715.91,3.0,2859.8500000000004,5.0,2859.8500000000004,5.0,False
loan_311_5,cust_loan_311,customer,loan_cust_loan_311,LOAN_AUTO,bank_transfer,519.36,BND,519.36,BN,BN,,False,2025-02-13 23:00:00,0,23,3,1558.08,3.0,2596.8,5.0,2596.8,5.0,False
loan_312_5,cust_loan_312,customer,loan_cust_loan_312,LOAN_AUTO,bank_transfer,416.88,BND,416.88,BN,BN,,False,2025-02-14 00:00:00,0,0,4,1250.64,3.0,4118.04,5.0,4118.04,5.0,False
loan_313_5,cust_loan_313,customer,loan_cust_loan_313,LOAN_AUTO,bank_transfer,258.24,BND,258.24,BN,BN,,False,2025-02-14 01:00:00,0,1,4,774.72,3.0,1291.2,5.0,1291.2,5.0,False
loan_314_5,cust_loan_314,customer,loan_cust_loan_314,LOAN_AUTO,bank_transfer,480.41,BND,480.41,BN,BN,,False,2025-02-14 02:00:00,0,2,4,1441.23,3.0,2402.05,5.0,2402.05,5.0,False
loan_315_5,cust_loan_315,customer,loan_cust_loan_315,LOAN_AUTO,bank_transfer,331.74,BND,331.74,BN,BN,,False,2025-02-14 03:00:00,0,3,4,995.22,3.0,1658.7,5.0,1658.7,5.0,False
loan_316_5,cust_loan_316,customer,loan_cust_loan_316,LOAN_AUTO,bank_transfer,358.04,BND,358.04,BN,BN,,False,2025-02-14 04:00:00,0,4,4,1074.12,3.0,1790.2,5.0,1790.2,5.0,False
loan_317_5,cust_loan_317,customer,loan_cust_loan_317,LOAN_AUTO,bank_transfer,715.04,BND,715.04,BN,BN,,False,2025-02-14 05:00:00,0,5,4,2145.12,3.0,3575.2,5.0,3575.2,5.0,False
loan_318_5,cust_loan_318,customer,loan_cust_loan_318,LOAN_AUTO,bank_transfer,585.83,BND,585.83,BN,BN,,False,2025-02-14 06:00:00,0,6,4,1757.4900000000002,3.0,2929.15,5.0,2929.15,5.0,False
loan_319_5,cust_loan_319,customer,loan_cust_loan_319,LOAN_AUTO,bank_transfer,390.63,BND,390.63,BN,BN,,False,2025-02-14 07:00:00,0,7,4,4901.97,3.0,5683.2300000000005,5.0,5683.2300000000005,5.0,False
loan_32_5,cust_loan_32,customer,loan_cust_loan_32,LOAN_AUTO,bank_transfer,324.73,BND,324.73,BN,BN,,False,2025-02-02 08:00:00,0,8,6,974.19,3.0,1623.65,5.0,1623.65,5.0,False
loan_320_5,cust_loan_320,customer,loan_cust_loan_320,LOAN_AUTO,bank_transfer,535.44,BND,535.44,BN,BN,,False,2025-02-14 08:00:00,0,8,4,1606.3200000000002,3.0,2677.2000000000003,5.0,2677.2000000000003,5.0,False
loan_321_5,cust_loan_321,customer,loan_cust_loan_321,LOAN_AUTO,bank_transfer,278.04,BND,278.04,BN,BN,,False,2025-02-14 09:00:00,0,9,4,834.1200000000001,3.0,1390.2,5.0,1390.2,5.0,False
loan_322_5,cust_loan_322,customer,loan_cust_loan_322,LOAN_AUTO,bank_transfer,594.4,BND,594.4,BN,BN,,False,2025-02-14 10:00:00,0,10,4,1783.1999999999998,3.0,2972.0,5.0,2972.0,5.0,False
loan_323_5,cust_loan_323,customer,loan_cust_loan_323,LOAN_AUTO,bank_transfer,682.9,BND,682.9,BN,BN,,False,2025-02-14 11:00:00,0,11,4,2048.7,3.0,3414.5,5.0,3414.5,5.0,False
loan_324_5,cust_loan_324,customer,loan_cust_loan_324,LOAN_AUTO,bank_transfer,768.19,BND,768.19,BN,BN,,False,2025-02-14 12:00:00,0,12,4,2304.57,3.0,3840.95,5.0,3840.95,5.0,False
loan_325_5,cust_loan_325,customer,loan_cust_loan_325,LOAN_AUTO,bank_transfer,195.04,BND,195.04,BN,BN,,False,2025-02-14 13:00:00,0,13,4,585.12,3.0,975.2,5.0,975.2,5.0,False
loan_326_5,cust_loan_326,customer,loan_cust_loan_326,LOAN_AUTO,bank_transfer,406.96,BND,406.96,BN,BN,,False,2025-02-14 14:00:00,0,14,4,1220.88,3.0,2034.8,5.0,2034.8,5.0,False
loan_327_5,cust_loan_327,customer,loan_cust_loan_327,LOAN_AUTO,bank_transfer,590.96,BND,590.96,BN,BN,,False,2025-02-14 15:00:00,0,15,4,1772.88,3.0,2954.8,5.0,2954.8,5.0,False
loan_328_5,cust_loan_328,customer,loan_cust_loan_328,LOAN_AUTO,bank_transfer,306.39,BND,306.39,BN,BN,,False,2025-02-14 16:00:00,0,16,4,919.17,3.0,1531.9499999999998,5.0,1531.9499999999998,5.0,False
loan_329_5,cust_loan_329,customer,loan_cust_loan_329,LOAN_AUTO,bank_transfer,713.45,BND,713.45,BN,BN,,False,2025-02-14 17:00:00,0,17,4,2140.3500000000004,3.0,3567.25,5.0,3567.25,5.0,False
loan_33_5,cust_loan_33,customer,loan_cust_loan_33,LOAN_AUTO,bank_transfer,343.18,BND,343.18,BN,BN,,False,2025-02-02 09:00:00,0,9,6,1029.54,3.0,5434.01,5.0,5434.01,5.0,False
loan_330_5,cust_loan_330,customer,loan_cust_loan_330,LOAN_AUTO,bank_transfer,797.21,BND,797.21,BN,BN,,False,2025-02-14 18:00:00,0,18,4,2391.63,3.0,3986.05,5.0,3986.05,5.0,False
loan_331_5,cust_loan_331,customer,loan_cust_loan_331,LOAN_AUTO,bank_transfer,171.63,BND,171.63,BN,BN,,False,2025-02-14 19:00:00,0,19,4,514.89,3.0,858.15,5.0,858.15,5.0,False
loan_332_5,cust_loan_332,customer,loan_cust_loan_332,LOAN_AUTO,bank_transfer,465.77,BND,465.77,BN,BN,,False,2025-02-14 20:00:00,0,20,4,1397.31,3.0,2328.85,5.0,2328.85,5.0,False
loan_333_5,cust_loan_333,customer,loan_cust_loan_333,LOAN_AUTO,bank_transfer,546.23,BND,546.23,BN,BN,,False,2025-02-14 21:00:00,0,21,4,1638.69,3.0,2731.15,5.0,2731.15,5.0,False
loan_334_5,cust_loan_334,customer,loan_cust_loan_334,LOAN_AUTO,bank_transfer,263.87,BND,263.87,BN,BN,,False,2025-02-14 22:00:00,0,22,4,791.61,3.0,1319.35,5.0,1319.35,5.0,False
loan_335_5,cust_loan_335,customer,loan_cust_loan_335,LOAN_AUTO,bank_transfer,603.06,BND,603.06,BN,BN,,False,2025-02-14 23:00:00,0,23,4,1809.18,3.0,3015.3,5.0,3015.3,5.0,False
loan_336_5,cust_loan_336,customer,loan_cust_loan_336,LOAN_AUTO,bank_transfer,374.85,BND,374.85,BN,BN,,False,2025-02-15 00:00:00,0,0,5,1124.5500000000002,3.0,1874.25,5.0,1874.25,5.0,False
loan_337_5,cust_loan_337,customer,loan_cust_loan_337,LOAN_AUTO,bank_transfer,277.91,BND,277.91,BN,BN,,False,2025-02-15 01:00:00,0,1,5,833.73,3.0,1389.5500000000002,5.0,1389.5500000000002,5.0,False
loan_338_5,cust_loan_338,customer,loan_cust_loan_338,LOAN_AUTO,bank_transfer,597.0,BND,597.0,BN,BN,,False,2025-02-15 02:00:00,0,2,5,1791.0,3.0,2985.0,5.0,2985.0,5.0,False
loan_339_5,cust_loan_339,customer,loan_cust_loan_339,LOAN_AUTO,bank_transfer,734.89,BND,734.89,BN,BN,,False,2025-02-15 03:00:00,0,3,5,2204.67,3.0,3674.45,5.0,3674.45,5.0,False
loan_34_5,cust_loan_34,customer,loan_cust_loan_34,LOAN_AUTO,bank_transfer,224.91,BND,224.91,BN,BN,,False,2025-02-02 10:00:00,0,10,6,674.73,3.0,1124.55,5.0,1124.55,5.0,False
loan_340_5,cust_loan_340,customer,loan_cust_loan_340,LOAN_AUTO,bank_transfer,253.46,BND,253.46,BN,BN,,False,2025-02-15 04:00:00,0,4,5,760.38,3.0,1267.3,5.0,1267.3,5.0,False
loan_341_5,cust_loan_341,customer,loan_cust_loan_341,LOAN_AUTO,bank_transfer,588.89,BND,588.89,BN,BN,,False,2025-02-15 05:00:00,0,5,5,1766.67,3.0,2944.45,5.0,2944.45,5.0,False
loan_342_5,cust_loan_342,customer,loan_cust_loan_342,LOAN_AUTO,bank_transfer,195.98,BND,195.98,BN,BN,,False,2025-02-15 06:00:00,0,6,5,587.9399999999999,3.0,979.9,5.0,979.9,5.0,False
loan_343_5,cust_loan_343,customer,loan_cust_loan_343,LOAN_AUTO,bank_transfer,279.36,BND,279.36,BN,BN,,False,2025-02-15 07:00:00,0,7,5,838.08,3.0,1396.8000000000002,5.0,1396.8000000000002,5.0,False
loan_344_5,cust_loan_344,customer,loan_cust_loan_344,LOAN_AUTO,bank_transfer,214.05,BND,214.05,BN,BN,,False,2025-02-15 08:00:00,0,8,5,642.1500000000001,3.0,1070.25,5.0,1070.25,5.0,False
loan_345_5,cust_loan_345,customer,loan_cust_loan_345,LOAN_AUTO,bank_transfer,195.59,BND,195.59,BN,BN,,False,2025-02-15 09:00:00,0,9,5,586.77,3.0,2391.46,5.0,2391.46,5.0,False
loan_346_5,cust_loan_346,customer,loan_cust_loan_346,LOAN_AUTO,bank_transfer,761.7,BND,761.7,BN,BN,,False,2025-02-15 10:00:00,0,10,5,2285.1000000000004,3.0,3808.5,5.0,3808.5,5.0,False
loan_347_5,cust_loan_347,third_party,loan_cust_loan_347,LOAN_AUTO,bank_transfer,249.86,BND,249.86,BN,BN,,False,2025-02-15 11:00:00,1,11,5,749.58,3.0,1249.3000000000002,5.0,1249.3000000000002,5.0,False
loan_348_5,cust_loan_348,customer,loan_cust_loan_348,LOAN_AUTO,bank_transfer,287.0,BND,287.0,BN,BN,,False,2025-02-15 12:00:00,0,12,5,861.0,3.0,1435.0,5.0,1435.0,5.0,False
loan_349_5,cust_loan_349,customer,loan_cust_loan_349,LOAN_AUTO,bank_transfer,661.17,BND,661.17,BN,BN,,False,2025-02-15 13:00:00,0,13,5,1983.51,3.0,3305.85,5.0,3305.85,5.0,False
loan_35_5,cust_loan_35,customer,loan_cust_loan_35,LOAN_AUTO,bank_transfer,774.2,BND,774.2,BN,BN,,False,2025-02-02 11:00:00,0,11,6,2322.6000000000004,3.0,3871.0,5.0,3871.0,5.0,False
loan_350_5,cust_loan_350,customer,loan_cust_loan_350,LOAN_AUTO,bank_transfer,764.85,BND,764.85,BN,BN,,False,2025-02-15 14:00:00,0,14,5,2294.55,3.0,3824.25,5.0,3824.25,5.0,False
loan_351_5,cust_loan_351,customer,loan_cust_loan_351,LOAN_AUTO,bank_transfer,208.45,BND,208.45,BN,BN,,False,2025-02-15 15:00:00,0,15,5,2328.09,3.0,2744.99,5.0,2744.99,5.0,False
loan_352_5,cust_loan_352,customer,loan_cust_loan_352,LOAN_AUTO,bank_transfer,643.63,BND,643.63,BN,BN,,False,2025-02-15 16:00:00,0,16,5,1930.89,3.0,3218.15,5.0,3218.15,5.0,False
loan_353_5,cust_loan_353,customer,loan_cust_loan_353,LOAN_AUTO,bank_transfer,583.94,BND,583.94,BN,BN,,False,2025-02-15 17:00:00,0,17,5,1751.8200000000002,3.0,2919.7000000000003,5.0,2919.7000000000003,5.0,False
loan_354_5,cust_loan_354,customer,loan_cust_loan_354,LOAN_AUTO,bank_transfer,526.9,BND,526.9,BN,BN,,False,2025-02-15 18:00:00,0,18,5,1580.6999999999998,3.0,9676.81,5.0,9676.81,5.0,False
loan_355_5,cust_loan_355,customer,loan_cust_loan_355,LOAN_AUTO,bank_transfer,580.44,BND,580.44,BN,BN,,False,2025-02-15 19:00:00,0,19,5,1741.3200000000002,3.0,2902.2000000000003,5.0,2902.2000000000003,5.0,False
loan_356_5,cust_loan_356,customer,loan_cust_loan_356,LOAN_AUTO,bank_transfer,656.28,BND,656.28,BN,BN,,False,2025-02-15 20:00:00,0,20,5,4868.59,3.0,6181.15,5.0,6181.15,5.0,False
loan_357_5,cust_loan_357,customer,loan_cust_loan_357,LOAN_AUTO,bank_transfer,669.16,BND,669.16,BN,BN,,False,2025-02-15 21:00:00,0,21,5,2007.48,3.0,3345.8,5.0,3345.8,5.0,False
loan_358_5,cust_loan_358,customer,loan_cust_loan_358,LOAN_AUTO,bank_transfer,796.98,BND,796.98,BN,BN,,False,2025-02-15 22:00:00,0,22,5,2390.94,3.0,3984.9,5.0,3984.9,5.0,False
loan_359_5,cust_loan_359,third_party,loan_cust_loan_359,LOAN_AUTO,bank_transfer,184.54,BND,184.54,BN,BN,,False,2025-02-15 23:00:00,0,23,5,553.62,3.0,922.7,5.0,922.7,5.0,True
loan_36_5,cust_loan_36,customer,loan_cust_loan_36,LOAN_AUTO,bank_transfer,274.25,BND,274.25,BN,BN,,False,2025-02-02 12:00:00,0,12,6,822.75,3.0,1371.25,5.0,1371.25,5.0,False
loan_360_5,cust_loan_360,customer,loan_cust_loan_360,LOAN_AUTO,bank_transfer,275.17,BND,275.17,BN,BN,,False,2025-02-16 00:00:00,0,0,6,825.51,3.0,1375.85,5.0,1375.85,5.0,False
loan_361_5,cust_loan_361,customer,loan_cust_loan_361,LOAN_AUTO,bank_transfer,771.2,BND,771.2,BN,BN,,False,2025-02-16 01:00:00,0,1,6,2313.6000000000004,3.0,3856.0,5.0,3856.0,5.0,False
loan_362_5,cust_loan_362,customer,loan_cust_loan_362,LOAN_AUTO,bank_transfer,392.34,BND,392.34,BN,BN,,False,2025-02-16 02:00:00,0,2,6,1177.02,3.0,1961.7,5.0,1961.7,5.0,False
loan_363_5,cust_loan_363,customer,loan_cust_loan_363,LOAN_AUTO,bank_transfer,375.99,BND,375.99,BN,BN,,False,2025-02-16 03:00:00,0,3,6,5377.349999999999,3.0,6129.33,5.0,6129.33,5.0,False
loan_364_5,cust_loan_364,customer,loan_cust_loan_364,LOAN_AUTO,bank_transfer,544.55,BND,544.55,BN,BN,,False,2025-02-16 04:00:00,0,4,6,1633.65,3.0,2722.75,5.0,2722.75,5.0,False
loan_365_5,cust_loan_365,customer,loan_cust_loan_365,LOAN_AUTO,bank_transfer,235.53,BND,235.53,BN,BN,,False,2025-02-16 05:00:00,0,5,6,706.59,3.0,1177.65,5.0,1177.65,5.0,False
loan_366_5,cust_loan_366,customer,loan_cust_loan_366,LOAN_AUTO,bank_transfer,559.92,BND,559.92,BN,BN,,False,2025-02-16 06:00:00,0,6,6,1679.7599999999998,3.0,2799.6,5.0,2799.6,5.0,False
loan_367_5,cust_loan_367,customer,loan_cust_loan_367,LOAN_AUTO,bank_transfer,180.78,BND,180.78,BN,BN,,False,2025-02-16 07:00:00,0,7,6,542.34,3.0,903.9,5.0,903.9,5.0,False
loan_368_5,cust_loan_368,customer,loan_cust_loan_368,LOAN_AUTO,bank_transfer,463.42,BND,463.42,BN,BN,,False,2025-02-16 08:00:00,0,8,6,1390.26,3.0,4221.1900000000005,5.0,4221.1900000000005,5.0,False
loan_369_5,cust_loan_369,customer,loan_cust_loan_369,LOAN_AUTO,bank_transfer,684.78,BND,684.78,BN,BN,,False,2025-02-16 09:00:00,0,9,6,2054.34,3.0,3423.9,5.0,3423.9,5.0,False
loan_37_5,cust_loan_37,customer,loan_cust_loan_37,LOAN_AUTO,bank_transfer,666.76,BND,666.76,BN,BN,,False,2025-02-02 13:00:00,0,13,6,5866.290000000001,3.0,7199.810000000001,5.0,7199.810000000001,5.0,False
loan_370_5,cust_loan_370,customer,loan_cust_loan_370,LOAN_AUTO,bank_transfer,169.77,BND,169.77,BN,BN,,False,2025-02-16 10:00:00,0,10,6,509.31000000000006,3.0,848.85,5.0,848.85,5.0,False
loan_371_5,cust_loan_371,customer,loan_cust_loan_371,LOAN_AUTO,bank_transfer,677.03,BND,677.03,BN,BN,,False,2025-02-16 11:00:00,0,11,6,2031.09,3.0,3385.15,5.0,3385.15,5.0,False
loan_372_5,cust_loan_372,customer,loan_cust_loan_372,LOAN_AUTO,bank_transfer,469.42,BND,469.42,BN,BN,,False,2025-02-16 12:00:00,0,12,6,1408.26,3.0,2347.1,5.0,2347.1,5.0,False
loan_373_5,cust_loan_373,third_party,loan_cust_loan_373,LOAN_AUTO,bank_transfer,426.45,BND,426.45,BN,BN,,False,2025-02-16 13:00:00,1,13,6,1279.35,3.0,2132.25,5.0,2132.25,5.0,True
loan_374_5,cust_loan_374,customer,loan_cust_loan_374,LOAN_AUTO,bank_transfer,369.97,BND,369.97,BN,BN,,False,2025-02-16 14:00:00,0,14,6,1109.91,3.0,1849.85,5.0,1849.85,5.0,False
loan_375_5,cust_loan_375,customer,loan_cust_loan_375,LOAN_AUTO,bank_transfer,692.19,BND,692.19,BN,BN,,False,2025-02-16 15:00:00,0,15,6,2076.57,3.0,3460.9500000000003,5.0,3460.9500000000003,5.0,False
loan_376_5,cust_loan_376,customer,loan_cust_loan_376,LOAN_AUTO,bank_transfer,372.95,BND,372.95,BN,BN,,False,2025-02-16 16:00:00,0,16,6,1118.85,3.0,1864.75,5.0,1864.75,5.0,False
loan_377_5,cust_loan_377,customer,loan_cust_loan_377,LOAN_AUTO,bank_transfer,330.35,BND,330.35,BN,BN,,False,2025-02-16 17:00:00,0,17,6,991.05,3.0,1651.75,5.0,1651.75,5.0,False
loan_378_5,cust_loan_378,customer,loan_cust_loan_378,LOAN_AUTO,bank_transfer,525.93,BND,525.93,BN,BN,,False,2025-02-16 18:00:00,0,18,6,1577.79,3.0,2629.65,5.0,2629.65,5.0,False
loan_379_5,cust_loan_379,customer,loan_cust_loan_379,LOAN_AUTO,bank_transfer,659.72,BND,659.72,BN,BN,,False,2025-02-16 19:00:00,0,19,6,1979.16,3.0,3298.6000000000004,5.0,3298.6000000000004,5.0,False
loan_38_5,cust_loan_38,customer,loan_cust_loan_38,LOAN_AUTO,bank_transfer,598.97,BND,598.97,BN,BN,,False,2025-02-02 14:00:00,0,14,6,1796.91,3.0,2994.8500000000004,5.0,2994.8500000000004,5.0,False
loan_380_5,cust_loan_380,customer,loan_cust_loan_380,LOAN_AUTO,bank_transfer,184.77,BND,184.77,BN,BN,,False,2025-02-16 20:00:00,0,20,6,554.3100000000001,3.0,923.85,5.0,923.85,5.0,False
loan_381_5,cust_loan_381,customer,loan_cust_loan_381,LOAN_AUTO,bank_transfer,468.03,BND,468.03,BN,BN,,False,2025-02-16 21:00:00,0,21,6,1404.09,3.0,2340.15,5.0,2340.15,5.0,False
loan_382_5,cust_loan_382,customer,loan_cust_loan_382,LOAN_AUTO,bank_transfer,548.66,BND,548.66,BN,BN,,False,2025-02-16 22:00:00,0,22,6,1645.98,3.0,2743.3,5.0,2743.3,5.0,False
loan_383_5,cust_loan_383,customer,loan_cust_loan_383,LOAN_AUTO,bank_transfer,154.45,BND,154.45,BN,BN,,False,2025-02-16 23:00:00,0,23,6,2508.77,3.0,2817.67,5.0,2817.67,5.0,False
loan_384_5,cust_loan_384,customer,loan_cust_loan_384,LOAN_AUTO,bank_transfer,946.72,BND,946.72,BN,BN,,False,2025-02-17 00:00:00,1,0,0,2297.19,3.0,2606.73,5.0,2606.73,5.0,False
loan_385_5,cust_loan_385,customer,loan_cust_loan_385,LOAN_AUTO,bank_transfer,601.58,BND,601.58,BN,BN,,False,2025-02-17 01:00:00,0,1,0,1804.74,3.0,3007.9,5.0,3007.9,5.0,False
loan_386_5,cust_loan_386,customer,loan_cust_loan_386,LOAN_AUTO,bank_transfer,782.96,BND,782.96,BN,BN,,False,2025-02-17 02:00:00,0,2,0,2348.88,3.0,3914.8,5.0,3914.8,5.0,False
loan_387_5,cust_loan_387,customer,loan_cust_loan_387,LOAN_AUTO,bank_transfer,622.0,BND,622.0,BN,BN,,False,2025-02-17 03:00:00,0,3,0,8601.39,3.0,9845.39,5.0,9845.39,5.0,False
loan_388_5,cust_loan_388,customer,loan_cust_loan_388,LOAN_AUTO,bank_transfer,446.39,BND,446.39,BN,BN,,False,2025-02-17 04:00:00,0,4,0,1339.17,3.0,2231.95,5.0,2231.95,5.0,False
loan_389_5,cust_loan_389,customer,loan_cust_loan_389,LOAN_AUTO,bank_transfer,227.15,BND,227.15,BN,BN,,False,2025-02-17 05:00:00,0,5,0,681.45,3.0,1135.75,5.0,1135.75,5.0,False
loan_39_5,cust_loan_39,customer,loan_cust_loan_39,LOAN_AUTO,bank_transfer,165.92,BND,165.92,BN,BN,,False,2025-02-02 15:00:00,0,15,6,497.76,3.0,829.5999999999999,5.0,829.5999999999999,5.0,False
loan_390_5,cust_loan_390,customer,loan_cust_loan_390,LOAN_AUTO,bank_transfer,638.05,BND,638.05,BN,BN,,False,2025-02-17 06:00:00,0,6,0,1914.15,3.0,3190.25,5.0,3190.25,5.0,False
loan_391_5,cust_loan_391,customer,loan_cust_loan_391,LOAN_AUTO,bank_transfer,328.76,BND,328.76,BN,BN,,False,2025-02-17 07:00:00,0,7,0,986.28,3.0,3046.19,5.0,3046.19,5.0,False
loan_392_5,cust_loan_392,customer,loan_cust_loan_392,LOAN_AUTO,bank_transfer,601.94,BND,601.94,BN,BN,,False,2025-02-17 08:00:00,0,8,0,1805.82,3.0,11119.78,5.0,11119.78,5.0,False
loan_393_5,cust_loan_393,customer,loan_cust_loan_393,LOAN_AUTO,bank_transfer,797.27,BND,797.27,BN,BN,,False,2025-02-17 09:00:00,0,9,0,2391.81,3.0,3986.35,5.0,3986.35,5.0,False
loan_394_5,cust_loan_394,customer,loan_cust_loan_394,LOAN_AUTO,bank_transfer,757.5,BND,757.5,BN,BN,,False,2025-02-17 10:00:00,0,10,0,2272.5,3.0,3787.5,5.0,3787.5,5.0,False
loan_395_5,cust_loan_395,customer,loan_cust_loan_395,LOAN_AUTO,bank_transfer,608.49,BND,608.49,BN,BN,,False,2025-02-17 11:00:00,0,11,0,1825.47,3.0,3042.45,5.0,3042.45,5.0,False
loan_396_5,cust_loan_396,customer,loan_cust_loan_396,LOAN_AUTO,bank_transfer,562.27,BND,562.27,BN,BN,,False,2025-02-17 12:00:00,0,12,0,5618.23,3.0,6742.77,5.0,6742.77,5.0,False
loan_397_5,cust_loan_397,customer,loan_cust_loan_397,LOAN_AUTO,bank_transfer,475.99,BND,475.99,BN,BN,,False,2025-02-17 13:00:00,0,13,0,1427.97,3.0,2379.95,5.0,2379.95,5.0,False
loan_398_5,cust_loan_398,customer,loan_cust_loan_398,LOAN_AUTO,bank_transfer,784.61,BND,784.61,BN,BN,,False,2025-02-17 14:00:00,0,14,0,2353.83,3.0,3923.05,5.0,3923.05,5.0,False
loan_399_5,cust_loan_399,customer,loan_cust_loan_399,LOAN_AUTO,bank_transfer,662.75,BND,662.75,BN,BN,,False,2025-02-17 15:00:00,0,15,0,7541.47,3.0,8866.970000000001,5.0,8866.970000000001,5.0,False
loan_4_5,cust_loan_4,customer,loan_cust_loan_4,LOAN_AUTO,bank_transfer,177.63,BND,177.63,BN,BN,,False,2025-02-01 04:00:00,0,4,5,532.89,3.0,888.15,5.0,888.15,5.0,False
loan_40_5,cust_loan_40,customer,loan_cust_loan_40,LOAN_AUTO,bank_transfer,798.76,BND,798.76,BN,BN,,False,2025-02-02 16:00:00,0,16,6,2396.28,3.0,3993.8,5.0,3993.8,5.0,False
loan_400_5,cust_loan_400,customer,loan_cust_loan_400,LOAN_AUTO,bank_transfer,281.97,BND,281.97,BN,BN,,False,2025-02-17 16:00:00,0,16,0,845.9100000000001,3.0,1409.85,5.0,1409.85,5.0,False
loan_401_5,cust_loan_401,third_party,loan_cust_loan_401,LOAN_AUTO,bank_transfer,353.97,BND,353.97,BN,BN,,False,2025-02-17 17:00:00,0,17,0,1061.91,3.0,1769.85,5.0,1769.85,5.0,True
loan_402_5,cust_loan_402,customer,loan_cust_loan_402,LOAN_AUTO,bank_transfer,743.85,BND,743.85,BN,BN,,False,2025-02-17 18:00:00,0,18,0,2231.55,3.0,3719.25,5.0,3719.25,5.0,False
loan_403_5,cust_loan_403,customer,loan_cust_loan_403,LOAN_AUTO,bank_transfer,558.85,BND,558.85,BN,BN,,False,2025-02-17 19:00:00,0,19,0,7289.38,3.0,8407.08,5.0,8407.08,5.0,False
loan_404_5,cust_loan_404,customer,loan_cust_loan_404,LOAN_AUTO,bank_transfer,547.26,BND,547.26,BN,BN,,False,2025-02-17 20:00:00,0,20,0,1641.78,3.0,2736.3,5.0,2736.3,5.0,False
loan_405_5,cust_loan_405,customer,loan_cust_loan_405,LOAN_AUTO,bank_transfer,173.58,BND,173.58,BN,BN,,False,2025-02-17 21:00:00,0,21,0,520.74,3.0,867.9000000000001,5.0,867.9000000000001,5.0,False
loan_406_5,cust_loan_406,customer,loan_cust_loan_406,LOAN_AUTO,bank_transfer,222.47,BND,222.47,BN,BN,,False,2025-02-17 22:00:00,0,22,0,667.41,3.0,1112.35,5.0,1112.35,5.0,False
loan_407_5,cust_loan_407,customer,loan_cust_loan_407,LOAN_AUTO,bank_transfer,436.2,BND,436.2,BN,BN,,False,2025-02-17 23:00:00,0,23,0,1308.6,3.0,2181.0,5.0,2181.0,5.0,False
loan_408_5,cust_loan_408,customer,loan_cust_loan_408,LOAN_AUTO,bank_transfer,566.92,BND,566.92,BN,BN,,False,2025-02-18 00:00:00,0,0,1,1700.7599999999998,3.0,2834.6,5.0,2834.6,5.0,False
loan_409_5,cust_loan_409,customer,loan_cust_loan_409,LOAN_AUTO,bank_transfer,605.21,BND,605.21,BN,BN,,False,2025-02-18 01:00:00,0,1,1,1815.63,3.0,3026.05,5.0,3026.05,5.0,False
loan_41_5,cust_loan_41,customer,loan_cust_loan_41,LOAN_AUTO,bank_transfer,371.29,BND,371.29,BN,BN,,False,2025-02-02 17:00:00,0,17,6,1113.87,3.0,1856.45,5.0,1856.45,5.0,False
loan_410_5,cust_loan_410,customer,loan_cust_loan_410,LOAN_AUTO,bank_transfer,628.22,BND,628.22,BN,BN,,False,2025-02-18 02:00:00,0,2,1,1884.66,3.0,3141.1000000000004,5.0,3141.1000000000004,5.0,False
loan_411_5,cust_loan_411,customer,loan_cust_loan_411,LOAN_AUTO,bank_transfer,313.2,BND,313.2,BN,BN,,False,2025-02-18 03:00:00,0,3,1,939.6,3.0,1566.0,5.0,1566.0,5.0,False
loan_412_5,cust_loan_412,customer,loan_cust_loan_412,LOAN_AUTO,bank_transfer,372.15,BND,372.15,BN,BN,,False,2025-02-18 04:00:00,0,4,1,1116.4499999999998,3.0,1860.75,5.0,1860.75,5.0,False
loan_413_5,cust_loan_413,customer,loan_cust_loan_413,LOAN_AUTO,bank_transfer,438.28,BND,438.28,BN,BN,,False,2025-02-18 05:00:00,0,5,1,1314.84,3.0,2191.4,5.0,2191.4,5.0,False
loan_414_5,cust_loan_414,customer,loan_cust_loan_414,LOAN_AUTO,bank_transfer,797.04,BND,797.04,BN,BN,,False,2025-02-18 06:00:00,0,6,1,2391.12,3.0,3985.2,5.0,3985.2,5.0,False
loan_415_5,cust_loan_415,customer,loan_cust_loan_415,LOAN_AUTO,bank_transfer,387.77,BND,387.77,BN,BN,,False,2025-02-18 07:00:00,0,7,1,1163.31,3.0,1938.85,5.0,1938.85,5.0,False
loan_416_5,cust_loan_416,customer,loan_cust_loan_416,LOAN_AUTO,bank_transfer,495.43,BND,495.43,BN,BN,,False,2025-02-18 08:00:00,0,8,1,1486.29,3.0,2477.15,5.0,2477.15,5.0,False
loan_417_5,cust_loan_417,customer,loan_cust_loan_417,LOAN_AUTO,bank_transfer,635.51,BND,635.51,BN,BN,,False,2025-02-18 09:00:00,0,9,1,1906.53,3.0,3177.55,5.0,3177.55,5.0,False
loan_418_5,cust_loan_418,customer,loan_cust_loan_418,LOAN_AUTO,bank_transfer,722.7,BND,722.7,BN,BN,,False,2025-02-18 10:00:00,0,10,1,2168.1000000000004,3.0,3613.5,5.0,3613.5,5.0,False
loan_419_5,cust_loan_419,customer,loan_cust_loan_419,LOAN_AUTO,bank_transfer,794.1,BND,794.1,BN,BN,,False,2025-02-18 11:00:00,0,11,1,2382.3,3.0,3970.5,5.0,3970.5,5.0,False
loan_42_5,cust_loan_42,customer,loan_cust_loan_42,LOAN_AUTO,bank_transfer,764.86,BND,764.86,BN,BN,,False,2025-02-02 18:00:00,0,18,6,2294.58,3.0,3824.3,5.0,3824.3,5.0,False
loan_420_5,cust_loan_420,customer,loan_cust_loan_420,LOAN_AUTO,bank_transfer,603.43,BND,603.43,BN,BN,,False,2025-02-18 12:00:00,0,12,1,1810.29,3.0,3017.15,5.0,3017.15,5.0,False
loan_421_5,cust_loan_421,customer,loan_cust_loan_421,LOAN_AUTO,bank_transfer,264.84,BND,264.84,BN,BN,,False,2025-02-18 13:00:00,0,13,1,794.52,3.0,1324.1999999999998,5.0,1324.1999999999998,5.0,False
loan_422_5,cust_loan_422,customer,loan_cust_loan_422,LOAN_AUTO,bank_transfer,424.16,BND,424.16,BN,BN,,False,2025-02-18 14:00:00,0,14,1,1272.48,3.0,2120.8,5.0,2120.8,5.0,False
loan_423_5,cust_loan_423,customer,loan_cust_loan_423,LOAN_AUTO,bank_transfer,341.3,BND,341.3,BN,BN,,False,2025-02-18 15:00:00,0,15,1,1023.9,3.0,1706.5,5.0,1706.5,5.0,False
loan_424_5,cust_loan_424,customer,loan_cust_loan_424,LOAN_AUTO,bank_transfer,515.58,BND,515.58,BN,BN,,False,2025-02-18 16:00:00,0,16,1,1546.7400000000002,3.0,2577.9,5.0,2577.9,5.0,False
loan_425_5,cust_loan_425,customer,loan_cust_loan_425,LOAN_AUTO,bank_transfer,200.34,BND,200.34,BN,BN,,False,2025-02-18 17:00:00,0,17,1,601.02,3.0,1001.7,5.0,1001.7,5.0,False
loan_426_5,cust_loan_426,customer,loan_cust_loan_426,LOAN_AUTO,bank_transfer,232.26,BND,232.26,BN,BN,,False,2025-02-18 18:00:00,0,18,1,696.78,3.0,1161.3,5.0,1161.3,5.0,False
loan_427_5,cust_loan_427,customer,loan_cust_loan_427,LOAN_AUTO,bank_transfer,729.1,BND,729.1,BN,BN,,False,2025-02-18 19:00:00,0,19,1,2187.3,3.0,3645.5,5.0,3645.5,5.0,False
loan_428_5,cust_loan_428,customer,loan_cust_loan_428,LOAN_AUTO,bank_transfer,2611.88,BND,2611.88,BN,BN,,False,2025-02-18 20:00:00,1,20,1,1557.21,3.0,2595.3500000000004,5.0,2595.3500000000004,5.0,False
loan_429_5,cust_loan_429,customer,loan_cust_loan_429,LOAN_AUTO,bank_transfer,601.32,BND,601.32,BN,BN,,False,2025-02-18 21:00:00,0,21,1,1803.96,3.0,3006.6000000000004,5.0,3006.6000000000004,5.0,False
loan_43_5,cust_loan_43,customer,loan_cust_loan_43,LOAN_AUTO,bank_transfer,490.38,BND,490.38,BN,BN,,False,2025-02-02 19:00:00,0,19,6,1471.14,3.0,2451.9,5.0,2451.9,5.0,False
loan_430_5,cust_loan_430,customer,loan_cust_loan_430,LOAN_AUTO,bank_transfer,489.32,BND,489.32,BN,BN,,False,2025-02-18 22:00:00,0,22,1,1467.96,3.0,2446.6,5.0,2446.6,5.0,False
loan_431_5,cust_loan_431,customer,loan_cust_loan_431,LOAN_AUTO,bank_transfer,562.08,BND,562.08,BN,BN,,False,2025-02-18 23:00:00,0,23,1,1686.2400000000002,3.0,2810.4,5.0,2810.4,5.0,False
loan_432_5,cust_loan_432,customer,loan_cust_loan_432,LOAN_AUTO,bank_transfer,408.61,BND,408.61,BN,BN,,False,2025-02-19 00:00:00,0,0,2,1225.83,3.0,2043.05,5.0,2043.05,5.0,False
loan_433_5,cust_loan_433,customer,loan_cust_loan_433,LOAN_AUTO,bank_transfer,773.68,BND,773.68,BN,BN,,False,2025-02-19 01:00:00,0,1,2,2321.04,3.0,3868.4,5.0,3868.4,5.0,False
loan_434_5,cust_loan_434,customer,loan_cust_loan_434,LOAN_AUTO,bank_transfer,354.48,BND,354.48,BN,BN,,False,2025-02-19 02:00:00,0,2,2,1063.44,3.0,1772.4,5.0,1772.4,5.0,False
loan_435_5,cust_loan_435,customer,loan_cust_loan_435,LOAN_AUTO,bank_transfer,342.99,BND,342.99,BN,BN,,False,2025-02-19 03:00:00,0,3,2,1028.97,3.0,1714.95,5.0,1714.95,5.0,False
loan_436_5,cust_loan_436,customer,loan_cust_loan_436,LOAN_AUTO,bank_transfer,566.26,BND,566.26,BN,BN,,False,2025-02-19 04:00:00,0,4,2,1698.78,3.0,2831.3,5.0,2831.3,5.0,False
loan_437_5,cust_loan_437,third_party,loan_cust_loan_437,LOAN_AUTO,bank_transfer,502.83,BND,502.83,BN,BN,,False,2025-02-19 05:00:00,1,5,2,1508.49,3.0,2514.15,5.0,2514.15,5.0,True
loan_438_5,cust_loan_438,third_party,loan_cust_loan_438,LOAN_AUTO,bank_transfer,630.87,BND,630.87,BN,BN,,False,2025-02-19 06:00:00,1,6,2,1892.61,3.0,3154.35,5.0,3154.35,5.0,True
loan_439_5,cust_loan_439,customer,loan_cust_loan_439,LOAN_AUTO,bank_transfer,691.8,BND,691.8,BN,BN,,False,2025-02-19 07:00:00,0,7,2,2075.4,3.0,3459.0,5.0,3459.0,5.0,False
loan_44_5,cust_loan_44,customer,loan_cust_loan_44,LOAN_AUTO,bank_transfer,519.02,BND,519.02,BN,BN,,False,2025-02-02 20:00:00,0,20,6,1557.06,3.0,7971.75,5.0,7971.75,5.0,False
loan_440_5,cust_loan_440,third_party,loan_cust_loan_440,LOAN_AUTO,bank_transfer,229.61,BND,229.61,BN,BN,,False,2025-02-19 08:00:00,1,8,2,2938.4700000000003,3.0,3397.6900000000005,5.0,3397.6900000000005,5.0,True
loan_441_5,cust_loan_441,customer,loan_cust_loan_441,LOAN_AUTO,bank_transfer,368.92,BND,368.92,BN,BN,,False,2025-02-19 09:00:00,0,9,2,1106.76,3.0,4068.83,5.0,4068.83,5.0,False
loan_442_5,cust_loan_442,customer,loan_cust_loan_442,LOAN_AUTO,bank_transfer,472.91,BND,472.91,BN,BN,,False,2025-02-19 10:00:00,0,10,2,1418.73,3.0,2364.55,5.0,2364.55,5.0,False
loan_443_5,cust_loan_443,customer,loan_cust_loan_443,LOAN_AUTO,bank_transfer,388.71,BND,388.71,BN,BN,,False,2025-02-19 11:00:00,0,11,2,1166.13,3.0,1943.55,5.0,1943.55,5.0,False
loan_444_5,cust_loan_444,customer,loan_cust_loan_444,LOAN_AUTO,bank_transfer,591.01,BND,591.01,BN,BN,,False,2025-02-19 12:00:00,0,12,2,1773.03,3.0,2955.05,5.0,2955.05,5.0,False
loan_445_5,cust_loan_445,customer,loan_cust_loan_445,LOAN_AUTO,bank_transfer,759.0,BND,759.0,BN,BN,,False,2025-02-19 13:00:00,0,13,2,2277.0,3.0,3795.0,5.0,3795.0,5.0,False
loan_446_5,cust_loan_446,customer,loan_cust_loan_446,LOAN_AUTO,bank_transfer,467.21,BND,467.21,BN,BN,,False,2025-02-19 14:00:00,0,14,2,1401.63,3.0,2336.05,5.0,2336.05,5.0,False
loan_447_5,cust_loan_447,customer,loan_cust_loan_447,LOAN_AUTO,bank_transfer,467.07,BND,467.07,BN,BN,,False,2025-02-19 15:00:00,0,15,2,1401.21,3.0,2335.35,5.0,2335.35,5.0,False
loan_448_5,cust_loan_448,third_party,loan_cust_loan_448,LOAN_AUTO,bank_transfer,646.66,BND,646.66,BN,BN,,False,2025-02-19 16:00:00,0,16,2,1939.98,3.0,3233.3,5.0,3233.3,5.0,True
loan_449_5,cust_loan_449,customer,loan_cust_loan_449,LOAN_AUTO,bank_transfer,379.42,BND,379.42,BN,BN,,False,2025-02-19 17:00:00,0,17,2,1138.26,3.0,1897.1,5.0,1897.1,5.0,False
loan_45_5,cust_loan_45,customer,loan_cust_loan_45,LOAN_AUTO,bank_transfer,485.55,BND,485.55,BN,BN,,False,2025-02-02 21:00:00,0,21,6,1456.65,3.0,2427.75,5.0,2427.75,5.0,False
loan_450_5,cust_loan_450,customer,loan_cust_loan_450,LOAN_AUTO,bank_transfer,795.24,BND,795.24,BN,BN,,False,2025-02-19 18:00:00,0,18,2,2385.7200000000003,3.0,3976.2,5.0,3976.2,5.0,False
loan_451_5,cust_loan_451,customer,loan_cust_loan_451,LOAN_AUTO,bank_transfer,410.89,BND,410.89,BN,BN,,False,2025-02-19 19:00:00,0,19,2,1232.67,3.0,4096.59,5.0,4096.59,5.0,False
loan_452_5,cust_loan_452,customer,loan_cust_loan_452,LOAN_AUTO,bank_transfer,699.23,BND,699.23,BN,BN,,False,2025-02-19 20:00:00,0,20,2,2097.69,3.0,3496.15,5.0,3496.15,5.0,False
loan_453_5,cust_loan_453,customer,loan_cust_loan_453,LOAN_AUTO,bank_transfer,577.25,BND,577.25,BN,BN,,False,2025-02-19 21:00:00,0,21,2,1731.75,3.0,2886.25,5.0,2886.25,5.0,False
loan_454_5,cust_loan_454,customer,loan_cust_loan_454,LOAN_AUTO,bank_transfer,319.29,BND,319.29,BN,BN,,False,2025-02-19 22:00:00,0,22,2,957.87,3.0,1596.45,5.0,1596.45,5.0,False
loan_455_5,cust_loan_455,customer,loan_cust_loan_455,LOAN_AUTO,bank_transfer,569.24,BND,569.24,BN,BN,,False,2025-02-19 23:00:00,0,23,2,1707.72,3.0,2846.2,5.0,2846.2,5.0,False
loan_456_5,cust_loan_456,customer,loan_cust_loan_456,LOAN_AUTO,bank_transfer,367.41,BND,367.41,BN,BN,,False,2025-02-20 00:00:00,0,0,3,3785.68,3.0,4520.5,5.0,4520.5,5.0,False
loan_457_5,cust_loan_457,customer,loan_cust_loan_457,LOAN_AUTO,bank_transfer,759.08,BND,759.08,BN,BN,,False,2025-02-20 01:00:00,0,1,3,2277.24,3.0,3795.4,5.0,3795.4,5.0,False
loan_458_5,cust_loan_458,customer,loan_cust_loan_458,LOAN_AUTO,bank_transfer,548.01,BND,548.01,BN,BN,,False,2025-02-20 02:00:00,0,2,3,1644.03,3.0,2740.05,5.0,2740.05,5.0,False
loan_459_5,cust_loan_459,customer,loan_cust_loan_459,LOAN_AUTO,bank_transfer,405.61,BND,405.61,BN,BN,,False,2025-02-20 03:00:00,0,3,3,1216.83,3.0,2028.05,5.0,2028.05,5.0,False
loan_46_5,cust_loan_46,customer,loan_cust_loan_46,LOAN_AUTO,bank_transfer,757.59,BND,757.59,BN,BN,,False,2025-02-02 22:00:00,0,22,6,2272.77,3.0,10093.24,5.0,10093.24,5.0,False
loan_460_5,cust_loan_460,customer,loan_cust_loan_460,LOAN_AUTO,bank_transfer,153.44,BND,153.44,BN,BN,,False,2025-02-20 04:00:00,0,4,3,460.32,3.0,767.2,5.0,767.2,5.0,False
loan_461_5,cust_loan_461,customer,loan_cust_loan_461,LOAN_AUTO,bank_transfer,235.6,BND,235.6,BN,BN,,False,2025-02-20 05:00:00,0,5,3,706.8,3.0,1178.0,5.0,1178.0,5.0,False
loan_462_5,cust_loan_462,customer,loan_cust_loan_462,LOAN_AUTO,bank_transfer,532.33,BND,532.33,BN,BN,,False,2025-02-20 06:00:00,0,6,3,1596.9900000000002,3.0,2661.65,5.0,2661.65,5.0,False
loan_463_5,cust_loan_463,customer,loan_cust_loan_463,LOAN_AUTO,bank_transfer,634.12,BND,634.12,BN,BN,,False,2025-02-20 07:00:00,0,7,3,10296.87,3.0,11565.11,5.0,11565.11,5.0,False
loan_464_5,cust_loan_464,customer,loan_cust_loan_464,LOAN_AUTO,bank_transfer,497.87,BND,497.87,BN,BN,,False,2025-02-20 08:00:00,0,8,3,3534.57,3.0,4530.31,5.0,4530.31,5.0,False
loan_465_5,cust_loan_465,customer,loan_cust_loan_465,LOAN_AUTO,bank_transfer,672.08,BND,672.08,BN,BN,,False,2025-02-20 09:00:00,0,9,3,2016.24,3.0,3360.4,5.0,3360.4,5.0,False
loan_466_5,cust_loan_466,customer,loan_cust_loan_466,LOAN_AUTO,bank_transfer,352.69,BND,352.69,BN,BN,,False,2025-02-20 10:00:00,0,10,3,1058.07,3.0,1763.45,5.0,1763.45,5.0,False
loan_467_5,cust_loan_467,customer,loan_cust_loan_467,LOAN_AUTO,bank_transfer,718.43,BND,718.43,BN,BN,,False,2025-02-20 11:00:00,0,11,3,2155.29,3.0,3592.15,5.0,3592.15,5.0,False
loan_468_5,cust_loan_468,customer,loan_cust_loan_468,LOAN_AUTO,bank_transfer,299.6,BND,299.6,BN,BN,,False,2025-02-20 12:00:00,0,12,3,898.8000000000001,3.0,1498.0,5.0,1498.0,5.0,False
loan_469_5,cust_loan_469,customer,loan_cust_loan_469,LOAN_AUTO,bank_transfer,514.03,BND,514.03,BN,BN,,False,2025-02-20 13:00:00,0,13,3,1542.09,3.0,6568.34,5.0,6568.34,5.0,False
loan_47_5,cust_loan_47,customer,loan_cust_loan_47,LOAN_AUTO,bank_transfer,341.73,BND,341.73,BN,BN,,False,2025-02-02 23:00:00,0,23,6,1025.19,3.0,1708.65,5.0,1708.65,5.0,False
loan_470_5,cust_loan_470,customer,loan_cust_loan_470,LOAN_AUTO,bank_transfer,182.32,BND,182.32,BN,BN,,False,2025-02-20 14:00:00,0,14,3,546.96,3.0,911.6,5.0,911.6,5.0,False
loan_471_5,cust_loan_471,customer,loan_cust_loan_471,LOAN_AUTO,bank_transfer,323.84,BND,323.84,BN,BN,,False,2025-02-20 15:00:00,0,15,3,971.52,3.0,1619.1999999999998,5.0,1619.1999999999998,5.0,False
loan_472_5,cust_loan_472,customer,loan_cust_loan_472,LOAN_AUTO,bank_transfer,231.2,BND,231.2,BN,BN,,False,2025-02-20 16:00:00,0,16,3,2449.39,3.0,2911.79,5.0,2911.79,5.0,False
loan_473_5,cust_loan_473,customer,loan_cust_loan_473,LOAN_AUTO,bank_transfer,436.06,BND,436.06,BN,BN,,False,2025-02-20 17:00:00,0,17,3,1308.18,3.0,2180.3,5.0,2180.3,5.0,False
loan_474_5,cust_loan_474,customer,loan_cust_loan_474,LOAN_AUTO,bank_transfer,768.67,BND,768.67,BN,BN,,False,2025-02-20 18:00:00,0,18,3,2306.01,3.0,3843.35,5.0,3843.35,5.0,False
loan_475_5,cust_loan_475,customer,loan_cust_loan_475,LOAN_AUTO,bank_transfer,219.28,BND,219.28,BN,BN,,False,2025-02-20 19:00:00,0,19,3,657.84,3.0,1096.4,5.0,1096.4,5.0,False
loan_476_5,cust_loan_476,customer,loan_cust_loan_476,LOAN_AUTO,bank_transfer,295.09,BND,295.09,BN,BN,,False,2025-02-20 20:00:00,0,20,3,885.27,3.0,1475.4499999999998,5.0,1475.4499999999998,5.0,False
loan_477_5,cust_loan_477,customer,loan_cust_loan_477,LOAN_AUTO,bank_transfer,3691.15,BND,3691.15,BN,BN,,False,2025-02-20 21:00:00,1,21,3,1902.42,3.0,3170.7,5.0,3170.7,5.0,False
loan_478_5,cust_loan_478,customer,loan_cust_loan_478,LOAN_AUTO,bank_transfer,763.0,BND,763.0,BN,BN,,False,2025-02-20 22:00:00,0,22,3,2289.0,3.0,3815.0,5.0,3815.0,5.0,False
loan_479_5,cust_loan_479,customer,loan_cust_loan_479,LOAN_AUTO,bank_transfer,734.13,BND,734.13,BN,BN,,False,2025-02-20 23:00:00,0,23,3,2202.39,3.0,3670.65,5.0,3670.65,5.0,False
loan_48_5,cust_loan_48,customer,loan_cust_loan_48,LOAN_AUTO,bank_transfer,695.59,BND,695.59,BN,BN,,False,2025-02-03 00:00:00,0,0,0,2086.77,3.0,3477.9500000000003,5.0,3477.9500000000003,5.0,False
loan_480_5,cust_loan_480,customer,loan_cust_loan_480,LOAN_AUTO,bank_transfer,606.49,BND,606.49,BN,BN,,False,2025-02-21 00:00:00,0,0,4,1819.47,3.0,3032.45,5.0,3032.45,5.0,False
loan_481_5,cust_loan_481,customer,loan_cust_loan_481,LOAN_AUTO,bank_transfer,769.33,BND,769.33,BN,BN,,False,2025-02-21 01:00:00,0,1,4,12279.8,3.0,13818.46,5.0,13818.46,5.0,False
loan_482_5,cust_loan_482,customer,loan_cust_loan_482,LOAN_AUTO,bank_transfer,355.82,BND,355.82,BN,BN,,False,2025-02-21 02:00:00,0,2,4,1067.46,3.0,1779.1,5.0,1779.1,5.0,False
loan_483_5,cust_loan_483,customer,loan_cust_loan_483,LOAN_AUTO,bank_transfer,255.69,BND,255.69,BN,BN,,False,2025-02-21 03:00:00,0,3,4,767.0699999999999,3.0,2472.08,5.0,2472.08,5.0,False
loan_484_5,cust_loan_484,customer,loan_cust_loan_484,LOAN_AUTO,bank_transfer,703.75,BND,703.75,BN,BN,,False,2025-02-21 04:00:00,0,4,4,2111.25,3.0,3518.75,5.0,3518.75,5.0,False
loan_485_5,cust_loan_485,customer,loan_cust_loan_485,LOAN_AUTO,bank_transfer,657.48,BND,657.48,BN,BN,,False,2025-02-21 05:00:00,0,5,4,1972.44,3.0,3287.4,5.0,3287.4,5.0,False
loan_486_5,cust_loan_486,customer,loan_cust_loan_486,LOAN_AUTO,bank_transfer,572.62,BND,572.62,BN,BN,,False,2025-02-21 06:00:00,0,6,4,8001.36,3.0,9146.6,5.0,9146.6,5.0,False
loan_487_5,cust_loan_487,customer,loan_cust_loan_487,LOAN_AUTO,bank_transfer,731.81,BND,731.81,BN,BN,,False,2025-02-21 07:00:00,0,7,4,2195.43,3.0,3659.05,5.0,3659.05,5.0,False
loan_488_5,cust_loan_488,customer,loan_cust_loan_488,LOAN_AUTO,bank_transfer,733.59,BND,733.59,BN,BN,,False,2025-02-21 08:00:00,0,8,4,2200.77,3.0,3667.95,5.0,3667.95,5.0,False
loan_489_5,cust_loan_489,customer,loan_cust_loan_489,LOAN_AUTO,bank_transfer,309.69,BND,309.69,BN,BN,,False,2025-02-21 09:00:00,0,9,4,929.07,3.0,1548.45,5.0,1548.45,5.0,False
loan_49_5,cust_loan_49,customer,loan_cust_loan_49,LOAN_AUTO,bank_transfer,782.74,BND,782.74,BN,BN,,False,2025-02-03 01:00:00,0,1,0,2348.2200000000003,3.0,11363.57,5.0,11363.57,5.0,False
loan_490_5,cust_loan_490,customer,loan_cust_loan_490,LOAN_AUTO,bank_transfer,643.01,BND,643.01,BN,BN,,False,2025-02-21 10:00:00,0,10,4,1929.03,3.0,3215.05,5.0,3215.05,5.0,False
loan_491_5,cust_loan_491,customer,loan_cust_loan_491,LOAN_AUTO,bank_transfer,471.93,BND,471.93,BN,BN,,False,2025-02-21 11:00:00,0,11,4,1415.79,3.0,2359.65,5.0,2359.65,5.0,False
loan_492_5,cust_loan_492,customer,loan_cust_loan_492,LOAN_AUTO,bank_transfer,353.34,BND,353.34,BN,BN,,False,2025-02-21 12:00:00,0,12,4,1060.02,3.0,1766.6999999999998,5.0,1766.6999999999998,5.0,False
loan_493_5,cust_loan_493,third_party,loan_cust_loan_493,LOAN_AUTO,bank_transfer,606.31,BND,606.31,BN,BN,,False,2025-02-21 13:00:00,1,13,4,1818.93,3.0,3031.55,5.0,3031.55,5.0,True
loan_494_5,cust_loan_494,customer,loan_cust_loan_494,LOAN_AUTO,bank_transfer,719.93,BND,719.93,BN,BN,,False,2025-02-21 14:00:00,0,14,4,2159.79,3.0,3599.65,5.0,3599.65,5.0,False
loan_495_5,cust_loan_495,customer,loan_cust_loan_495,LOAN_AUTO,bank_transfer,476.29,BND,476.29,BN,BN,,False,2025-02-21 15:00:00,0,15,4,1428.87,3.0,2381.4500000000003,5.0,2381.4500000000003,5.0,False
loan_496_5,cust_loan_496,customer,loan_cust_loan_496,LOAN_AUTO,bank_transfer,585.89,BND,585.89,BN,BN,,False,2025-02-21 16:00:00,0,16,4,1757.67,3.0,2929.45,5.0,2929.45,5.0,False
loan_497_5,cust_loan_497,customer,loan_cust_loan_497,LOAN_AUTO,bank_transfer,605.49,BND,605.49,BN,BN,,False,2025-02-21 17:00:00,0,17,4,1816.47,3.0,3027.45,5.0,3027.45,5.0,False
loan_498_5,cust_loan_498,customer,loan_cust_loan_498,LOAN_AUTO,bank_transfer,521.33,BND,521.33,BN,BN,,False,2025-02-21 18:00:00,0,18,4,1563.9900000000002,3.0,2606.65,5.0,2606.65,5.0,False
loan_499_5,cust_loan_499,customer,loan_cust_loan_499,LOAN_AUTO,bank_transfer,252.42,BND,252.42,BN,BN,,False,2025-02-21 19:00:00,0,19,4,757.26,3.0,1262.1,5.0,1262.1,5.0,False
loan_5_5,cust_loan_5,customer,loan_cust_loan_5,LOAN_AUTO,bank_transfer,280.98,BND,280.98,BN,BN,,False,2025-02-01 05:00:00,0,5,5,842.94,3.0,1404.9,5.0,1404.9,5.0,False
loan_50_5,cust_loan_50,customer,loan_cust_loan_50,LOAN_AUTO,bank_transfer,563.33,BND,563.33,BN,BN,,False,2025-02-03 02:00:00,0,2,0,1689.9900000000002,3.0,2816.65,5.0,2816.65,5.0,False
loan_500_5,cust_loan_500,customer,loan_cust_loan_500,LOAN_AUTO,bank_transfer,327.09,BND,327.09,BN,BN,,False,2025-02-21 20:00:00,0,20,4,981.27,3.0,1635.4499999999998,5.0,1635.4499999999998,5.0,False
loan_501_5,cust_loan_501,customer,loan_cust_loan_501,LOAN_AUTO,bank_transfer,274.32,BND,274.32,BN,BN,,False,2025-02-21 21:00:00,0,21,4,822.96,3.0,1371.6,5.0,1371.6,5.0,False
loan_502_5,cust_loan_502,customer,loan_cust_loan_502,LOAN_AUTO,bank_transfer,734.29,BND,734.29,BN,BN,,False,2025-02-21 22:00:00,0,22,4,2202.87,3.0,3671.45,5.0,3671.45,5.0,False
loan_503_5,cust_loan_503,customer,loan_cust_loan_503,LOAN_AUTO,bank_transfer,531.94,BND,531.94,BN,BN,,False,2025-02-21 23:00:00,0,23,4,1595.8200000000002,3.0,2659.7000000000003,5.0,2659.7000000000003,5.0,False
loan_504_5,cust_loan_504,customer,loan_cust_loan_504,LOAN_AUTO,bank_transfer,298.38,BND,298.38,BN,BN,,False,2025-02-22 00:00:00,0,0,5,895.14,3.0,1491.9,5.0,1491.9,5.0,False
loan_505_5,cust_loan_505,customer,loan_cust_loan_505,LOAN_AUTO,bank_transfer,405.92,BND,405.92,BN,BN,,False,2025-02-22 01:00:00,0,1,5,1217.76,3.0,2029.6,5.0,2029.6,5.0,False
loan_506_5,cust_loan_506,customer,loan_cust_loan_506,LOAN_AUTO,bank_transfer,503.7,BND,503.7,BN,BN,,False,2025-02-22 02:00:00,0,2,5,1511.1,3.0,2518.5,5.0,2518.5,5.0,False
loan_507_5,cust_loan_507,customer,loan_cust_loan_507,LOAN_AUTO,bank_transfer,395.76,BND,395.76,BN,BN,,False,2025-02-22 03:00:00,0,3,5,1187.28,3.0,1978.8,5.0,1978.8,5.0,False
loan_508_5,cust_loan_508,customer,loan_cust_loan_508,LOAN_AUTO,bank_transfer,482.44,BND,482.44,BN,BN,,False,2025-02-22 04:00:00,0,4,5,1447.32,3.0,2412.2,5.0,2412.2,5.0,False
loan_509_5,cust_loan_509,customer,loan_cust_loan_509,LOAN_AUTO,bank_transfer,663.02,BND,663.02,BN,BN,,False,2025-02-22 05:00:00,0,5,5,1989.06,3.0,3315.1,5.0,3315.1,5.0,False
loan_51_5,cust_loan_51,customer,loan_cust_loan_51,LOAN_AUTO,bank_transfer,591.57,BND,591.57,BN,BN,,False,2025-02-03 03:00:00,0,3,0,1774.71,3.0,2957.8500000000004,5.0,2957.8500000000004,5.0,False
loan_510_5,cust_loan_510,customer,loan_cust_loan_510,LOAN_AUTO,bank_transfer,787.58,BND,787.58,BN,BN,,False,2025-02-22 06:00:00,0,6,5,2362.74,3.0,3937.9,5.0,3937.9,5.0,False
loan_511_5,cust_loan_511,customer,loan_cust_loan_511,LOAN_AUTO,bank_transfer,413.73,BND,413.73,BN,BN,,False,2025-02-22 07:00:00,0,7,5,1241.19,3.0,2068.65,5.0,2068.65,5.0,False
loan_512_5,cust_loan_512,customer,loan_cust_loan_512,LOAN_AUTO,bank_transfer,473.45,BND,473.45,BN,BN,,False,2025-02-22 08:00:00,0,8,5,1420.35,3.0,2367.25,5.0,2367.25,5.0,False
loan_513_5,cust_loan_513,customer,loan_cust_loan_513,LOAN_AUTO,bank_transfer,400.86,BND,400.86,BN,BN,,False,2025-02-22 09:00:00,0,9,5,1202.58,3.0,2004.3,5.0,2004.3,5.0,False
loan_514_5,cust_loan_514,customer,loan_cust_loan_514,LOAN_AUTO,bank_transfer,432.47,BND,432.47,BN,BN,,False,2025-02-22 10:00:00,0,10,5,1297.41,3.0,2162.3500000000004,5.0,2162.3500000000004,5.0,False
loan_515_5,cust_loan_515,customer,loan_cust_loan_515,LOAN_AUTO,bank_transfer,180.54,BND,180.54,BN,BN,,False,2025-02-22 11:00:00,0,11,5,541.62,3.0,902.7,5.0,902.7,5.0,False
loan_516_5,cust_loan_516,customer,loan_cust_loan_516,LOAN_AUTO,bank_transfer,394.54,BND,394.54,BN,BN,,False,2025-02-22 12:00:00,0,12,5,1183.62,3.0,1972.7,5.0,1972.7,5.0,False
loan_517_5,cust_loan_517,customer,loan_cust_loan_517,LOAN_AUTO,bank_transfer,554.73,BND,554.73,BN,BN,,False,2025-02-22 13:00:00,0,13,5,1664.19,3.0,2773.65,5.0,2773.65,5.0,False
loan_518_5,cust_loan_518,customer,loan_cust_loan_518,LOAN_AUTO,bank_transfer,173.4,BND,173.4,BN,BN,,False,2025-02-22 14:00:00,0,14,5,520.2,3.0,867.0,5.0,867.0,5.0,False
loan_519_5,cust_loan_519,customer,loan_cust_loan_519,LOAN_AUTO,bank_transfer,681.04,BND,681.04,BN,BN,,False,2025-02-22 15:00:00,0,15,5,2043.12,3.0,3405.2,5.0,3405.2,5.0,False
loan_52_5,cust_loan_52,customer,loan_cust_loan_52,LOAN_AUTO,bank_transfer,524.18,BND,524.18,BN,BN,,False,2025-02-03 04:00:00,0,4,0,1572.54,3.0,2620.9,5.0,2620.9,5.0,False
loan_520_5,cust_loan_520,customer,loan_cust_loan_520,LOAN_AUTO,bank_transfer,232.13,BND,232.13,BN,BN,,False,2025-02-22 16:00:00,0,16,5,696.39,3.0,1160.65,5.0,1160.65,5.0,False
loan_521_5,cust_loan_521,customer,loan_cust_loan_521,LOAN_AUTO,bank_transfer,378.61,BND,378.61,BN,BN,,False,2025-02-22 17:00:00,0,17,5,1135.83,3.0,1893.05,5.0,1893.05,5.0,False
loan_522_5,cust_loan_522,customer,loan_cust_loan_522,LOAN_AUTO,bank_transfer,267.26,BND,267.26,BN,BN,,False,2025-02-22 18:00:00,0,18,5,801.78,3.0,1336.3,5.0,1336.3,5.0,False
loan_523_5,cust_loan_523,customer,loan_cust_loan_523,LOAN_AUTO,bank_transfer,474.07,BND,474.07,BN,BN,,False,2025-02-22 19:00:00,0,19,5,1422.21,3.0,2370.35,5.0,2370.35,5.0,False
loan_524_5,cust_loan_524,customer,loan_cust_loan_524,LOAN_AUTO,bank_transfer,224.44,BND,224.44,BN,BN,,False,2025-02-22 20:00:00,0,20,5,673.3199999999999,3.0,1122.2,5.0,1122.2,5.0,False
loan_525_5,cust_loan_525,customer,loan_cust_loan_525,LOAN_AUTO,bank_transfer,445.52,BND,445.52,BN,BN,,False,2025-02-22 21:00:00,0,21,5,3605.22,3.0,4496.26,5.0,4496.26,5.0,False
loan_526_5,cust_loan_526,customer,loan_cust_loan_526,LOAN_AUTO,bank_transfer,300.85,BND,300.85,BN,BN,,False,2025-02-22 22:00:00,0,22,5,902.55,3.0,1504.25,5.0,1504.25,5.0,False
loan_527_5,cust_loan_527,customer,loan_cust_loan_527,LOAN_AUTO,bank_transfer,464.54,BND,464.54,BN,BN,,False,2025-02-22 23:00:00,0,23,5,1393.62,3.0,2322.7000000000003,5.0,2322.7000000000003,5.0,False
loan_528_5,cust_loan_528,third_party,loan_cust_loan_528,LOAN_AUTO,bank_transfer,713.63,BND,713.63,BN,BN,,False,2025-02-23 00:00:00,0,0,6,2140.89,3.0,3568.15,5.0,3568.15,5.0,True
loan_529_5,cust_loan_529,customer,loan_cust_loan_529,LOAN_AUTO,bank_transfer,480.14,BND,480.14,BN,BN,,False,2025-02-23 01:00:00,0,1,6,1440.42,3.0,2400.7,5.0,2400.7,5.0,False
loan_53_5,cust_loan_53,customer,loan_cust_loan_53,LOAN_AUTO,bank_transfer,684.12,BND,684.12,BN,BN,,False,2025-02-03 05:00:00,0,5,0,2052.36,3.0,3420.6,5.0,3420.6,5.0,False
loan_530_5,cust_loan_530,customer,loan_cust_loan_530,LOAN_AUTO,bank_transfer,500.25,BND,500.25,BN,BN,,False,2025-02-23 02:00:00,0,2,6,1500.75,3.0,2501.25,5.0,2501.25,5.0,False
loan_531_5,cust_loan_531,customer,loan_cust_loan_531,LOAN_AUTO,bank_transfer,181.96,BND,181.96,BN,BN,,False,2025-02-23 03:00:00,0,3,6,545.88,3.0,909.8,5.0,909.8,5.0,False
loan_532_5,cust_loan_532,customer,loan_cust_loan_532,LOAN_AUTO,bank_transfer,523.07,BND,523.07,BN,BN,,False,2025-02-23 04:00:00,0,4,6,1569.21,3.0,2615.3500000000004,5.0,2615.3500000000004,5.0,False
loan_533_5,cust_loan_533,customer,loan_cust_loan_533,LOAN_AUTO,bank_transfer,538.55,BND,538.55,BN,BN,,False,2025-02-23 05:00:00,0,5,6,1615.65,3.0,2692.75,5.0,2692.75,5.0,False
loan_534_5,cust_loan_534,customer,loan_cust_loan_534,LOAN_AUTO,bank_transfer,191.54,BND,191.54,BN,BN,,False,2025-02-23 06:00:00,0,6,6,574.62,3.0,957.7,5.0,957.7,5.0,False
loan_535_5,cust_loan_535,customer,loan_cust_loan_535,LOAN_AUTO,bank_transfer,304.65,BND,304.65,BN,BN,,False,2025-02-23 07:00:00,0,7,6,913.95,3.0,1523.25,5.0,1523.25,5.0,False
loan_536_5,cust_loan_536,customer,loan_cust_loan_536,LOAN_AUTO,bank_transfer,445.92,BND,445.92,BN,BN,,False,2025-02-23 08:00:00,0,8,6,1337.76,3.0,2229.6,5.0,2229.6,5.0,False
loan_537_5,cust_loan_537,customer,loan_cust_loan_537,LOAN_AUTO,bank_transfer,654.07,BND,654.07,BN,BN,,False,2025-02-23 09:00:00,0,9,6,1962.21,3.0,3270.3500000000004,5.0,3270.3500000000004,5.0,False
loan_538_5,cust_loan_538,customer,loan_cust_loan_538,LOAN_AUTO,bank_transfer,310.49,BND,310.49,BN,BN,,False,2025-02-23 10:00:00,0,10,6,931.47,3.0,1552.45,5.0,1552.45,5.0,False
loan_539_5,cust_loan_539,customer,loan_cust_loan_539,LOAN_AUTO,bank_transfer,755.4,BND,755.4,BN,BN,,False,2025-02-23 11:00:00,0,11,6,2266.2,3.0,3777.0,5.0,3777.0,5.0,False
loan_54_5,cust_loan_54,customer,loan_cust_loan_54,LOAN_AUTO,bank_transfer,158.58,BND,158.58,BN,BN,,False,2025-02-03 06:00:00,0,6,0,2447.08,3.0,2764.24,5.0,2764.24,5.0,False
loan_540_5,cust_loan_540,customer,loan_cust_loan_540,LOAN_AUTO,bank_transfer,580.88,BND,580.88,BN,BN,,False,2025-02-23 12:00:00,0,12,6,1742.64,3.0,2904.4,5.0,2904.4,5.0,False
loan_541_5,cust_loan_541,customer,loan_cust_loan_541,LOAN_AUTO,bank_transfer,491.04,BND,491.04,BN,BN,,False,2025-02-23 13:00:00,0,13,6,1473.12,3.0,2455.2000000000003,5.0,2455.2000000000003,5.0,False
loan_542_5,cust_loan_542,customer,loan_cust_loan_542,LOAN_AUTO,bank_transfer,448.62,BND,448.62,BN,BN,,False,2025-02-23 14:00:00,0,14,6,1345.86,3.0,2243.1,5.0,2243.1,5.0,False
loan_543_5,cust_loan_543,customer,loan_cust_loan_543,LOAN_AUTO,bank_transfer,261.1,BND,261.1,BN,BN,,False,2025-02-23 15:00:00,0,15,6,783.3000000000001,3.0,1305.5,5.0,1305.5,5.0,False
loan_544_5,cust_loan_544,customer,loan_cust_loan_544,LOAN_AUTO,bank_transfer,257.33,BND,257.33,BN,BN,,False,2025-02-23 16:00:00,0,16,6,771.99,3.0,1286.65,5.0,1286.65,5.0,False
loan_545_5,cust_loan_545,customer,loan_cust_loan_545,LOAN_AUTO,bank_transfer,727.32,BND,727.32,BN,BN,,False,2025-02-23 17:00:00,0,17,6,2181.96,3.0,3636.6,5.0,3636.6,5.0,False
loan_546_5,cust_loan_546,customer,loan_cust_loan_546,LOAN_AUTO,bank_transfer,693.01,BND,693.01,BN,BN,,False,2025-02-23 18:00:00,0,18,6,2079.03,3.0,3465.05,5.0,3465.05,5.0,False
loan_547_5,cust_loan_547,customer,loan_cust_loan_547,LOAN_AUTO,bank_transfer,792.27,BND,792.27,BN,BN,,False,2025-02-23 19:00:00,0,19,6,2376.81,3.0,3961.35,5.0,3961.35,5.0,False
loan_548_5,cust_loan_548,customer,loan_cust_loan_548,LOAN_AUTO,bank_transfer,594.52,BND,594.52,BN,BN,,False,2025-02-23 20:00:00,0,20,6,1783.56,3.0,2972.6,5.0,2972.6,5.0,False
loan_549_5,cust_loan_549,customer,loan_cust_loan_549,LOAN_AUTO,bank_transfer,356.58,BND,356.58,BN,BN,,False,2025-02-23 21:00:00,0,21,6,1069.74,3.0,1782.9,5.0,1782.9,5.0,False
loan_55_5,cust_loan_55,customer,loan_cust_loan_55,LOAN_AUTO,bank_transfer,398.85,BND,398.85,BN,BN,,False,2025-02-03 07:00:00,0,7,0,1196.5500000000002,3.0,1994.25,5.0,1994.25,5.0,False
loan_550_5,cust_loan_550,customer,loan_cust_loan_550,LOAN_AUTO,bank_transfer,572.56,BND,572.56,BN,BN,,False,2025-02-23 22:00:00,0,22,6,1717.6799999999998,3.0,2862.8,5.0,2862.8,5.0,False
loan_551_5,cust_loan_551,customer,loan_cust_loan_551,LOAN_AUTO,bank_transfer,244.49,BND,244.49,BN,BN,,False,2025-02-23 23:00:00,0,23,6,733.47,3.0,1222.45,5.0,1222.45,5.0,False
loan_552_5,cust_loan_552,customer,loan_cust_loan_552,LOAN_AUTO,bank_transfer,363.98,BND,363.98,BN,BN,,False,2025-02-24 00:00:00,0,0,0,1091.94,3.0,1819.9,5.0,1819.9,5.0,False
loan_553_5,cust_loan_553,customer,loan_cust_loan_553,LOAN_AUTO,bank_transfer,559.9,BND,559.9,BN,BN,,False,2025-02-24 01:00:00,0,1,0,1679.6999999999998,3.0,2799.5,5.0,2799.5,5.0,False
loan_554_5,cust_loan_554,customer,loan_cust_loan_554,LOAN_AUTO,bank_transfer,707.64,BND,707.64,BN,BN,,False,2025-02-24 02:00:00,0,2,0,2122.92,3.0,3538.2,5.0,3538.2,5.0,False
loan_555_5,cust_loan_555,customer,loan_cust_loan_555,LOAN_AUTO,bank_transfer,541.55,BND,541.55,BN,BN,,False,2025-02-24 03:00:00,0,3,0,1624.65,3.0,2707.75,5.0,2707.75,5.0,False
loan_556_5,cust_loan_556,customer,loan_cust_loan_556,LOAN_AUTO,bank_transfer,160.57,BND,160.57,BN,BN,,False,2025-02-24 04:00:00,0,4,0,2074.42,3.0,2395.56,5.0,2395.56,5.0,False
loan_557_5,cust_loan_557,customer,loan_cust_loan_557,LOAN_AUTO,bank_transfer,704.58,BND,704.58,BN,BN,,False,2025-02-24 05:00:00,0,5,0,2113.74,3.0,3522.9,5.0,3522.9,5.0,False
loan_558_5,cust_loan_558,customer,loan_cust_loan_558,LOAN_AUTO,bank_transfer,597.44,BND,597.44,BN,BN,,False,2025-02-24 06:00:00,0,6,0,1792.3200000000002,3.0,2987.2000000000003,5.0,2987.2000000000003,5.0,False
loan_559_5,cust_loan_559,customer,loan_cust_loan_559,LOAN_AUTO,bank_transfer,191.39,BND,191.39,BN,BN,,False,2025-02-24 07:00:00,0,7,0,574.17,3.0,956.95,5.0,956.95,5.0,False
loan_56_5,cust_loan_56,customer,loan_cust_loan_56,LOAN_AUTO,bank_transfer,520.95,BND,520.95,BN,BN,,False,2025-02-03 08:00:00,0,8,0,1562.85,3.0,2604.75,5.0,2604.75,5.0,False
loan_560_5,cust_loan_560,customer,loan_cust_loan_560,LOAN_AUTO,bank_transfer,675.2,BND,675.2,BN,BN,,False,2025-02-24 08:00:00,0,8,0,2025.6,3.0,3376.0,5.0,3376.0,5.0,False
loan_561_5,cust_loan_561,customer,loan_cust_loan_561,LOAN_AUTO,bank_transfer,359.15,BND,359.15,BN,BN,,False,2025-02-24 09:00:00,0,9,0,1077.4499999999998,3.0,1795.75,5.0,1795.75,5.0,False
loan_562_5,cust_loan_562,customer,loan_cust_loan_562,LOAN_AUTO,bank_transfer,415.59,BND,415.59,BN,BN,,False,2025-02-24 10:00:00,0,10,0,1246.77,3.0,2077.95,5.0,2077.95,5.0,False
loan_563_5,cust_loan_563,customer,loan_cust_loan_563,LOAN_AUTO,bank_transfer,532.83,BND,532.83,BN,BN,,False,2025-02-24 11:00:00,0,11,0,1598.4900000000002,3.0,2664.15,5.0,2664.15,5.0,False
loan_564_5,cust_loan_564,customer,loan_cust_loan_564,LOAN_AUTO,bank_transfer,5545.71,BND,5545.71,BN,BN,,False,2025-02-24 12:00:00,1,12,0,1863.24,3.0,3105.4,5.0,3105.4,5.0,False
loan_565_5,cust_loan_565,customer,loan_cust_loan_565,LOAN_AUTO,bank_transfer,207.96,BND,207.96,BN,BN,,False,2025-02-24 13:00:00,0,13,0,623.88,3.0,1039.8,5.0,1039.8,5.0,False
loan_566_5,cust_loan_566,customer,loan_cust_loan_566,LOAN_AUTO,bank_transfer,289.03,BND,289.03,BN,BN,,False,2025-02-24 14:00:00,0,14,0,2541.9299999999994,3.0,6925.09,5.0,6925.09,5.0,False
loan_567_5,cust_loan_567,customer,loan_cust_loan_567,LOAN_AUTO,bank_transfer,411.24,BND,411.24,BN,BN,,False,2025-02-24 15:00:00,0,15,0,1233.72,3.0,2056.2,5.0,2056.2,5.0,False
loan_568_5,cust_loan_568,customer,loan_cust_loan_568,LOAN_AUTO,bank_transfer,639.1,BND,639.1,BN,BN,,False,2025-02-24 16:00:00,0,16,0,1917.3,3.0,3195.5,5.0,3195.5,5.0,False
loan_569_5,cust_loan_569,customer,loan_cust_loan_569,LOAN_AUTO,bank_transfer,583.61,BND,583.61,BN,BN,,False,2025-02-24 17:00:00,0,17,0,1750.83,3.0,2918.05,5.0,2918.05,5.0,False
loan_57_5,cust_loan_57,customer,loan_cust_loan_57,LOAN_AUTO,bank_transfer,773.03,BND,773.03,BN,BN,,False,2025-02-03 09:00:00,0,9,0,2319.09,3.0,3865.15,5.0,3865.15,5.0,False
loan_570_5,cust_loan_570,third_party,loan_cust_loan_570,LOAN_AUTO,bank_transfer,775.86,BND,775.86,BN,BN,,False,2025-02-24 18:00:00,0,18,0,2327.58,3.0,3879.3,5.0,3879.3,5.0,True
loan_571_5,cust_loan_571,third_party,loan_cust_loan_571,LOAN_AUTO,bank_transfer,641.9,BND,641.9,BN,BN,,False,2025-02-24 19:00:00,0,19,0,1925.7,3.0,3209.5,5.0,3209.5,5.0,False
loan_572_5,cust_loan_572,customer,loan_cust_loan_572,LOAN_AUTO,bank_transfer,340.91,BND,340.91,BN,BN,,False,2025-02-24 20:00:00,0,20,0,1022.73,3.0,1704.5500000000002,5.0,1704.5500000000002,5.0,False
loan_573_5,cust_loan_573,customer,loan_cust_loan_573,LOAN_AUTO,bank_transfer,235.57,BND,235.57,BN,BN,,False,2025-02-24 21:00:00,0,21,0,706.71,3.0,1177.85,5.0,1177.85,5.0,False
loan_574_5,cust_loan_574,customer,loan_cust_loan_574,LOAN_AUTO,bank_transfer,487.29,BND,487.29,BN,BN,,False,2025-02-24 22:00:00,0,22,0,1461.87,3.0,2436.4500000000003,5.0,2436.4500000000003,5.0,False
loan_575_5,cust_loan_575,third_party,loan_cust_loan_575,LOAN_AUTO,bank_transfer,436.1,BND,436.1,BN,BN,,False,2025-02-24 23:00:00,0,23,0,1308.3000000000002,3.0,2180.5,5.0,2180.5,5.0,True
loan_576_5,cust_loan_576,customer,loan_cust_loan_576,LOAN_AUTO,bank_transfer,560.19,BND,560.19,BN,BN,,False,2025-02-25 00:00:00,0,0,1,1680.5700000000002,3.0,2800.9500000000003,5.0,2800.9500000000003,5.0,False
loan_577_5,cust_loan_577,customer,loan_cust_loan_577,LOAN_AUTO,bank_transfer,551.29,BND,551.29,BN,BN,,False,2025-02-25 01:00:00,0,1,1,1653.87,3.0,2756.45,5.0,2756.45,5.0,False
loan_578_5,cust_loan_578,customer,loan_cust_loan_578,LOAN_AUTO,bank_transfer,533.42,BND,533.42,BN,BN,,False,2025-02-25 02:00:00,0,2,1,1600.2599999999998,3.0,2667.1,5.0,2667.1,5.0,False
loan_579_5,cust_loan_579,customer,loan_cust_loan_579,LOAN_AUTO,bank_transfer,210.64,BND,210.64,BN,BN,,False,2025-02-25 03:00:00,0,3,1,631.92,3.0,1053.1999999999998,5.0,1053.1999999999998,5.0,False
loan_58_5,cust_loan_58,customer,loan_cust_loan_58,LOAN_AUTO,bank_transfer,478.87,BND,478.87,BN,BN,,False,2025-02-03 10:00:00,0,10,0,1436.61,3.0,2394.35,5.0,2394.35,5.0,False
loan_580_5,cust_loan_580,third_party,loan_cust_loan_580,LOAN_AUTO,bank_transfer,593.14,BND,593.14,BN,BN,,False,2025-02-25 04:00:00,1,4,1,1779.42,3.0,2965.7,5.0,2965.7,5.0,True
loan_581_5,cust_loan_581,customer,loan_cust_loan_581,LOAN_AUTO,bank_transfer,687.36,BND,687.36,BN,BN,,False,2025-02-25 05:00:00,0,5,1,2062.08,3.0,3436.8,5.0,3436.8,5.0,False
loan_582_5,cust_loan_582,customer,loan_cust_loan_582,LOAN_AUTO,bank_transfer,717.44,BND,717.44,BN,BN,,False,2025-02-25 06:00:00,0,6,1,2152.32,3.0,3587.2000000000003,5.0,3587.2000000000003,5.0,False
loan_583_5,cust_loan_583,customer,loan_cust_loan_583,LOAN_AUTO,bank_transfer,651.4,BND,651.4,BN,BN,,False,2025-02-25 07:00:00,0,7,1,1954.2,3.0,3257.0,5.0,3257.0,5.0,False
loan_584_5,cust_loan_584,customer,loan_cust_loan_584,LOAN_AUTO,bank_transfer,334.36,BND,334.36,BN,BN,,False,2025-02-25 08:00:00,0,8,1,1003.08,3.0,1671.8000000000002,5.0,1671.8000000000002,5.0,False
loan_585_5,cust_loan_585,customer,loan_cust_loan_585,LOAN_AUTO,bank_transfer,712.31,BND,712.31,BN,BN,,False,2025-02-25 09:00:00,0,9,1,2136.93,3.0,3561.55,5.0,3561.55,5.0,False
loan_586_5,cust_loan_586,customer,loan_cust_loan_586,LOAN_AUTO,bank_transfer,778.49,BND,778.49,BN,BN,,False,2025-02-25 10:00:00,0,10,1,2335.4700000000003,3.0,3892.45,5.0,3892.45,5.0,False
loan_587_5,cust_loan_587,customer,loan_cust_loan_587,LOAN_AUTO,bank_transfer,1045.48,BND,1045.48,BN,BN,,False,2025-02-25 11:00:00,1,11,1,542.79,3.0,904.65,5.0,904.65,5.0,False
loan_588_5,cust_loan_588,customer,loan_cust_loan_588,LOAN_AUTO,bank_transfer,396.16,BND,396.16,BN,BN,,False,2025-02-25 12:00:00,0,12,1,1188.48,3.0,1980.8,5.0,1980.8,5.0,False
loan_589_5,cust_loan_589,customer,loan_cust_loan_589,LOAN_AUTO,bank_transfer,647.04,BND,647.04,BN,BN,,False,2025-02-25 13:00:00,0,13,1,1941.12,3.0,3235.2,5.0,3235.2,5.0,False
loan_59_5,cust_loan_59,customer,loan_cust_loan_59,LOAN_AUTO,bank_transfer,644.87,BND,644.87,BN,BN,,False,2025-02-03 11:00:00,0,11,0,9754.81,3.0,11044.55,5.0,11044.55,5.0,False
loan_590_5,cust_loan_590,customer,loan_cust_loan_590,LOAN_AUTO,bank_transfer,761.6,BND,761.6,BN,BN,,False,2025-02-25 14:00:00,0,14,1,2284.8,3.0,3808.0,5.0,3808.0,5.0,False
loan_591_5,cust_loan_591,customer,loan_cust_loan_591,LOAN_AUTO,bank_transfer,466.96,BND,466.96,BN,BN,,False,2025-02-25 15:00:00,0,15,1,1400.88,3.0,2334.8,5.0,2334.8,5.0,False
loan_592_5,cust_loan_592,customer,loan_cust_loan_592,LOAN_AUTO,bank_transfer,260.15,BND,260.15,BN,BN,,False,2025-02-25 16:00:00,0,16,1,780.4499999999999,3.0,1300.75,5.0,1300.75,5.0,False
loan_593_5,cust_loan_593,customer,loan_cust_loan_593,LOAN_AUTO,bank_transfer,173.29,BND,173.29,BN,BN,,False,2025-02-25 17:00:00,0,17,1,519.87,3.0,866.4499999999999,5.0,866.4499999999999,5.0,False
loan_594_5,cust_loan_594,customer,loan_cust_loan_594,LOAN_AUTO,bank_transfer,645.34,BND,645.34,BN,BN,,False,2025-02-25 18:00:00,0,18,1,1936.02,3.0,3226.7000000000003,5.0,3226.7000000000003,5.0,False
loan_595_5,cust_loan_595,customer,loan_cust_loan_595,LOAN_AUTO,bank_transfer,765.99,BND,765.99,BN,BN,,False,2025-02-25 19:00:00,0,19,1,2297.9700000000003,3.0,3829.95,5.0,3829.95,5.0,False
loan_596_5,cust_loan_596,customer,loan_cust_loan_596,LOAN_AUTO,bank_transfer,690.04,BND,690.04,BN,BN,,False,2025-02-25 20:00:00,0,20,1,2070.12,3.0,3450.2,5.0,3450.2,5.0,False
loan_597_5,cust_loan_597,customer,loan_cust_loan_597,LOAN_AUTO,bank_transfer,377.67,BND,377.67,BN,BN,,False,2025-02-25 21:00:00,0,21,1,1133.01,3.0,1888.35,5.0,1888.35,5.0,False
loan_598_5,cust_loan_598,customer,loan_cust_loan_598,LOAN_AUTO,bank_transfer,755.64,BND,755.64,BN,BN,,False,2025-02-25 22:00:00,0,22,1,2266.92,3.0,3778.2,5.0,3778.2,5.0,False
loan_599_5,cust_loan_599,customer,loan_cust_loan_599,LOAN_AUTO,bank_transfer,672.74,BND,672.74,BN,BN,,False,2025-02-25 23:00:00,0,23,1,2018.22,3.0,3363.7,5.0,3363.7,5.0,False
loan_6_5,cust_loan_6,customer,loan_cust_loan_6,LOAN_AUTO,bank_transfer,561.02,BND,561.02,BN,BN,,False,2025-02-01 06:00:00,0,6,5,1683.06,3.0,2805.1,5.0,2805.1,5.0,False
loan_60_5,cust_loan_60,customer,loan_cust_loan_60,LOAN_AUTO,bank_transfer,716.88,BND,716.88,BN,BN,,False,2025-02-03 12:00:00,0,12,0,2150.64,3.0,3584.4,5.0,3584.4,5.0,False
loan_600_5,cust_loan_600,customer,loan_cust_loan_600,LOAN_AUTO,bank_transfer,678.35,BND,678.35,BN,BN,,False,2025-02-26 00:00:00,0,0,2,2035.05,3.0,3391.75,5.0,3391.75,5.0,False
loan_601_5,cust_loan_601,customer,loan_cust_loan_601,LOAN_AUTO,bank_transfer,435.45,BND,435.45,BN,BN,,False,2025-02-26 01:00:00,0,1,2,1306.35,3.0,2177.25,5.0,2177.25,5.0,False
loan_602_5,cust_loan_602,customer,loan_cust_loan_602,LOAN_AUTO,bank_transfer,716.9,BND,716.9,BN,BN,,False,2025-02-26 02:00:00,0,2,2,2150.7,3.0,3584.5,5.0,3584.5,5.0,False
loan_603_5,cust_loan_603,customer,loan_cust_loan_603,LOAN_AUTO,bank_transfer,318.28,BND,318.28,BN,BN,,False,2025-02-26 03:00:00,0,3,2,954.84,3.0,1591.4,5.0,1591.4,5.0,False
loan_604_5,cust_loan_604,customer,loan_cust_loan_604,LOAN_AUTO,bank_transfer,525.4,BND,525.4,BN,BN,,False,2025-02-26 04:00:00,0,4,2,1576.1999999999998,3.0,2627.0,5.0,2627.0,5.0,False
loan_605_5,cust_loan_605,customer,loan_cust_loan_605,LOAN_AUTO,bank_transfer,558.19,BND,558.19,BN,BN,,False,2025-02-26 05:00:00,0,5,2,1674.5700000000002,3.0,2790.9500000000003,5.0,2790.9500000000003,5.0,False
loan_606_5,cust_loan_606,third_party,loan_cust_loan_606,LOAN_AUTO,bank_transfer,411.32,BND,411.32,BN,BN,,False,2025-02-26 06:00:00,0,6,2,1233.96,3.0,2056.6,5.0,2056.6,5.0,True
loan_607_5,cust_loan_607,customer,loan_cust_loan_607,LOAN_AUTO,bank_transfer,325.6,BND,325.6,BN,BN,,False,2025-02-26 07:00:00,0,7,2,976.8,3.0,3283.12,5.0,3283.12,5.0,False
loan_608_5,cust_loan_608,customer,loan_cust_loan_608,LOAN_AUTO,bank_transfer,592.46,BND,592.46,BN,BN,,False,2025-02-26 08:00:00,0,8,2,1777.38,3.0,2962.3,5.0,2962.3,5.0,False
loan_609_5,cust_loan_609,customer,loan_cust_loan_609,LOAN_AUTO,bank_transfer,512.41,BND,512.41,BN,BN,,False,2025-02-26 09:00:00,0,9,2,1537.23,3.0,2562.05,5.0,2562.05,5.0,False
loan_61_5,cust_loan_61,customer,loan_cust_loan_61,LOAN_AUTO,bank_transfer,215.49,BND,215.49,BN,BN,,False,2025-02-03 13:00:00,0,13,0,3094.68,3.0,3525.66,5.0,3525.66,5.0,False
loan_610_5,cust_loan_610,customer,loan_cust_loan_610,LOAN_AUTO,bank_transfer,607.47,BND,607.47,BN,BN,,False,2025-02-26 10:00:00,0,10,2,1822.41,3.0,3037.3500000000004,5.0,3037.3500000000004,5.0,False
loan_611_5,cust_loan_611,customer,loan_cust_loan_611,LOAN_AUTO,bank_transfer,495.11,BND,495.11,BN,BN,,False,2025-02-26 11:00:00,0,11,2,1485.33,3.0,2475.55,5.0,2475.55,5.0,False
loan_612_5,cust_loan_612,customer,loan_cust_loan_612,LOAN_AUTO,bank_transfer,671.41,BND,671.41,BN,BN,,False,2025-02-26 12:00:00,0,12,2,2014.23,3.0,3357.05,5.0,3357.05,5.0,False
loan_613_5,cust_loan_613,customer,loan_cust_loan_613,LOAN_AUTO,bank_transfer,553.12,BND,553.12,BN,BN,,False,2025-02-26 13:00:00,0,13,2,1659.36,3.0,8400.43,5.0,8400.43,5.0,False
loan_614_5,cust_loan_614,customer,loan_cust_loan_614,LOAN_AUTO,bank_transfer,223.55,BND,223.55,BN,BN,,False,2025-02-26 14:00:00,0,14,2,670.6500000000001,3.0,1117.75,5.0,1117.75,5.0,False
loan_615_5,cust_loan_615,customer,loan_cust_loan_615,LOAN_AUTO,bank_transfer,776.24,BND,776.24,BN,BN,,False,2025-02-26 15:00:00,0,15,2,2328.7200000000003,3.0,3881.2,5.0,3881.2,5.0,False
loan_616_5,cust_loan_616,customer,loan_cust_loan_616,LOAN_AUTO,bank_transfer,458.62,BND,458.62,BN,BN,,False,2025-02-26 16:00:00,0,16,2,7369.41,3.0,8286.650000000001,5.0,8286.650000000001,5.0,False
loan_617_5,cust_loan_617,customer,loan_cust_loan_617,LOAN_AUTO,bank_transfer,519.04,BND,519.04,BN,BN,,False,2025-02-26 17:00:00,0,17,2,1557.12,3.0,6702.07,5.0,6702.07,5.0,False
loan_618_5,cust_loan_618,customer,loan_cust_loan_618,LOAN_AUTO,bank_transfer,442.79,BND,442.79,BN,BN,,False,2025-02-26 18:00:00,0,18,2,1328.37,3.0,2213.9500000000003,5.0,2213.9500000000003,5.0,False
loan_619_5,cust_loan_619,customer,loan_cust_loan_619,LOAN_AUTO,bank_transfer,456.23,BND,456.23,BN,BN,,False,2025-02-26 19:00:00,0,19,2,1368.69,3.0,2281.15,5.0,2281.15,5.0,False
loan_62_5,cust_loan_62,customer,loan_cust_loan_62,LOAN_AUTO,bank_transfer,205.75,BND,205.75,BN,BN,,False,2025-02-03 14:00:00,0,14,0,617.25,3.0,1028.75,5.0,1028.75,5.0,False
loan_620_5,cust_loan_620,customer,loan_cust_loan_620,LOAN_AUTO,bank_transfer,345.13,BND,345.13,BN,BN,,False,2025-02-26 20:00:00,0,20,2,1035.39,3.0,1725.65,5.0,1725.65,5.0,False
loan_621_5,cust_loan_621,customer,loan_cust_loan_621,LOAN_AUTO,bank_transfer,341.63,BND,341.63,BN,BN,,False,2025-02-26 21:00:00,0,21,2,1024.89,3.0,1708.15,5.0,1708.15,5.0,False
loan_622_5,cust_loan_622,customer,loan_cust_loan_622,LOAN_AUTO,bank_transfer,773.69,BND,773.69,BN,BN,,False,2025-02-26 22:00:00,0,22,2,10424.81,3.0,11972.19,5.0,11972.19,5.0,False
loan_623_5,cust_loan_623,customer,loan_cust_loan_623,LOAN_AUTO,bank_transfer,604.06,BND,604.06,BN,BN,,False,2025-02-26 23:00:00,0,23,2,1812.18,3.0,3020.3,5.0,3020.3,5.0,False
loan_624_5,cust_loan_624,customer,loan_cust_loan_624,LOAN_AUTO,bank_transfer,302.72,BND,302.72,BN,BN,,False,2025-02-27 00:00:00,0,0,3,908.16,3.0,1513.6,5.0,1513.6,5.0,False
loan_625_5,cust_loan_625,customer,loan_cust_loan_625,LOAN_AUTO,bank_transfer,342.5,BND,342.5,BN,BN,,False,2025-02-27 01:00:00,0,1,3,4166.18,3.0,4851.18,5.0,4851.18,5.0,False
loan_626_5,cust_loan_626,customer,loan_cust_loan_626,LOAN_AUTO,bank_transfer,771.62,BND,771.62,BN,BN,,False,2025-02-27 02:00:00,0,2,3,2314.86,3.0,3858.1,5.0,3858.1,5.0,False
loan_627_5,cust_loan_627,customer,loan_cust_loan_627,LOAN_AUTO,bank_transfer,319.99,BND,319.99,BN,BN,,False,2025-02-27 03:00:00,0,3,3,959.97,3.0,1599.95,5.0,1599.95,5.0,False
loan_628_5,cust_loan_628,customer,loan_cust_loan_628,LOAN_AUTO,bank_transfer,627.39,BND,627.39,BN,BN,,False,2025-02-27 04:00:00,0,4,3,1882.17,3.0,3136.95,5.0,3136.95,5.0,False
loan_629_5,cust_loan_629,customer,loan_cust_loan_629,LOAN_AUTO,bank_transfer,273.75,BND,273.75,BN,BN,,False,2025-02-27 05:00:00,0,5,3,821.25,3.0,1368.75,5.0,1368.75,5.0,False
loan_63_5,cust_loan_63,customer,loan_cust_loan_63,LOAN_AUTO,bank_transfer,796.16,BND,796.16,BN,BN,,False,2025-02-03 15:00:00,0,15,0,2388.48,3.0,3980.8,5.0,3980.8,5.0,False
loan_630_5,cust_loan_630,customer,loan_cust_loan_630,LOAN_AUTO,bank_transfer,455.12,BND,455.12,BN,BN,,False,2025-02-27 06:00:00,0,6,3,1365.36,3.0,2275.6,5.0,2275.6,5.0,False
loan_631_5,cust_loan_631,customer,loan_cust_loan_631,LOAN_AUTO,bank_transfer,603.41,BND,603.41,BN,BN,,False,2025-02-27 07:00:00,0,7,3,1810.23,3.0,3017.05,5.0,3017.05,5.0,False
loan_632_5,cust_loan_632,customer,loan_cust_loan_632,LOAN_AUTO,bank_transfer,519.0,BND,519.0,BN,BN,,False,2025-02-27 08:00:00,0,8,3,6444.2,3.0,7482.2,5.0,7482.2,5.0,False
loan_633_5,cust_loan_633,customer,loan_cust_loan_633,LOAN_AUTO,bank_transfer,713.9,BND,713.9,BN,BN,,False,2025-02-27 09:00:00,0,9,3,2141.7,3.0,3569.5,5.0,3569.5,5.0,False
loan_634_5,cust_loan_634,customer,loan_cust_loan_634,LOAN_AUTO,bank_transfer,708.74,BND,708.74,BN,BN,,False,2025-02-27 10:00:00,0,10,3,2126.2200000000003,3.0,3543.7,5.0,3543.7,5.0,False
loan_635_5,cust_loan_635,customer,loan_cust_loan_635,LOAN_AUTO,bank_transfer,671.53,BND,671.53,BN,BN,,False,2025-02-27 11:00:00,0,11,3,2014.59,3.0,3357.65,5.0,3357.65,5.0,False
loan_636_5,cust_loan_636,customer,loan_cust_loan_636,LOAN_AUTO,bank_transfer,248.94,BND,248.94,BN,BN,,False,2025-02-27 12:00:00,0,12,3,746.8199999999999,3.0,1244.7,5.0,1244.7,5.0,False
loan_637_5,cust_loan_637,third_party,loan_cust_loan_637,LOAN_AUTO,bank_transfer,387.93,BND,387.93,BN,BN,,False,2025-02-27 13:00:00,1,13,3,1163.79,3.0,1939.65,5.0,1939.65,5.0,True
loan_638_5,cust_loan_638,customer,loan_cust_loan_638,LOAN_AUTO,bank_transfer,261.08,BND,261.08,BN,BN,,False,2025-02-27 14:00:00,0,14,3,783.24,3.0,1305.4,5.0,1305.4,5.0,False
loan_639_5,cust_loan_639,customer,loan_cust_loan_639,LOAN_AUTO,bank_transfer,418.72,BND,418.72,BN,BN,,False,2025-02-27 15:00:00,0,15,3,6698.49,3.0,7535.93,5.0,7535.93,5.0,False
loan_64_5,cust_loan_64,customer,loan_cust_loan_64,LOAN_AUTO,bank_transfer,517.12,BND,517.12,BN,BN,,False,2025-02-03 16:00:00,0,16,0,1551.36,3.0,5515.530000000001,5.0,5515.530000000001,5.0,False
loan_640_5,cust_loan_640,customer,loan_cust_loan_640,LOAN_AUTO,bank_transfer,537.83,BND,537.83,BN,BN,,False,2025-02-27 16:00:00,0,16,3,1613.4900000000002,3.0,2689.15,5.0,2689.15,5.0,False
loan_641_5,cust_loan_641,customer,loan_cust_loan_641,LOAN_AUTO,bank_transfer,178.01,BND,178.01,BN,BN,,False,2025-02-27 17:00:00,0,17,3,1933.23,3.0,2289.25,5.0,2289.25,5.0,False
loan_642_5,cust_loan_642,customer,loan_cust_loan_642,LOAN_AUTO,bank_transfer,666.95,BND,666.95,BN,BN,,False,2025-02-27 18:00:00,0,18,3,2000.85,3.0,3334.75,5.0,3334.75,5.0,False
loan_643_5,cust_loan_643,customer,loan_cust_loan_643,LOAN_AUTO,bank_transfer,365.22,BND,365.22,BN,BN,,False,2025-02-27 19:00:00,0,19,3,1095.66,3.0,1826.1,5.0,1826.1,5.0,False
loan_644_5,cust_loan_644,customer,loan_cust_loan_644,LOAN_AUTO,bank_transfer,388.55,BND,388.55,BN,BN,,False,2025-02-27 20:00:00,0,20,3,1165.65,3.0,1942.75,5.0,1942.75,5.0,False
loan_645_5,cust_loan_645,customer,loan_cust_loan_645,LOAN_AUTO,bank_transfer,10159.77,BND,10159.77,BN,BN,,False,2025-02-27 21:00:00,1,21,3,2165.16,3.0,3608.6,5.0,3608.6,5.0,False
loan_646_5,cust_loan_646,third_party,loan_cust_loan_646,LOAN_AUTO,bank_transfer,619.45,BND,619.45,BN,BN,,False,2025-02-27 22:00:00,1,22,3,1858.35,3.0,3097.25,5.0,3097.25,5.0,True
loan_647_5,cust_loan_647,customer,loan_cust_loan_647,LOAN_AUTO,bank_transfer,771.74,BND,771.74,BN,BN,,False,2025-02-27 23:00:00,0,23,3,2315.2200000000003,3.0,3858.7,5.0,3858.7,5.0,False
loan_648_5,cust_loan_648,customer,loan_cust_loan_648,LOAN_AUTO,bank_transfer,505.72,BND,505.72,BN,BN,,False,2025-02-28 00:00:00,0,0,4,1517.16,3.0,2528.6000000000004,5.0,2528.6000000000004,5.0,False
loan_65_5,cust_loan_65,customer,loan_cust_loan_65,LOAN_AUTO,bank_transfer,539.3,BND,539.3,BN,BN,,False,2025-02-03 17:00:00,0,17,0,1617.9,3.0,2696.5,5.0,2696.5,5.0,False
loan_66_5,cust_loan_66,customer,loan_cust_loan_66,LOAN_AUTO,bank_transfer,628.14,BND,628.14,BN,BN,,False,2025-02-03 18:00:00,0,18,0,1884.42,3.0,3140.7,5.0,3140.7,5.0,False
loan_67_5,cust_loan_67,customer,loan_cust_loan_67,LOAN_AUTO,bank_transfer,580.17,BND,580.17,BN,BN,,False,2025-02-03 19:00:00,0,19,0,1740.5099999999998,3.0,2900.85,5.0,2900.85,5.0,False
loan_68_5,cust_loan_68,customer,loan_cust_loan_68,LOAN_AUTO,bank_transfer,447.14,BND,447.14,BN,BN,,False,2025-02-03 20:00:00,0,20,0,1341.42,3.0,2235.7,5.0,2235.7,5.0,False
loan_69_5,cust_loan_69,customer,loan_cust_loan_69,LOAN_AUTO,bank_transfer,415.81,BND,415.81,BN,BN,,False,2025-02-03 21:00:00,0,21,0,1247.43,3.0,2079.05,5.0,2079.05,5.0,False
loan_7_5,cust_loan_7,customer,loan_cust_loan_7,LOAN_AUTO,bank_transfer,222.39,BND,222.39,BN,BN,,False,2025-02-01 07:00:00,0,7,5,667.17,3.0,1111.9499999999998,5.0,1111.9499999999998,5.0,False
loan_70_5,cust_loan_70,customer,loan_cust_loan_70,LOAN_AUTO,bank_transfer,518.78,BND,518.78,BN,BN,,False,2025-02-03 22:00:00,0,22,0,1556.34,3.0,2593.9,5.0,2593.9,5.0,False
loan_71_5,cust_loan_71,customer,loan_cust_loan_71,LOAN_AUTO,bank_transfer,375.06,BND,375.06,BN,BN,,False,2025-02-03 23:00:00,0,23,0,1125.18,3.0,1875.3,5.0,1875.3,5.0,False
loan_72_5,cust_loan_72,customer,loan_cust_loan_72,LOAN_AUTO,bank_transfer,696.71,BND,696.71,BN,BN,,False,2025-02-04 00:00:00,0,0,1,2090.13,3.0,3483.55,5.0,3483.55,5.0,False
loan_73_5,cust_loan_73,customer,loan_cust_loan_73,LOAN_AUTO,bank_transfer,371.93,BND,371.93,BN,BN,,False,2025-02-04 01:00:00,0,1,1,1115.79,3.0,1859.65,5.0,1859.65,5.0,False
loan_74_5,cust_loan_74,customer,loan_cust_loan_74,LOAN_AUTO,bank_transfer,473.63,BND,473.63,BN,BN,,False,2025-02-04 02:00:00,0,2,1,1420.89,3.0,2368.15,5.0,2368.15,5.0,False
loan_744_4,cust_loan_744,customer,loan_cust_loan_744,LOAN_AUTO,bank_transfer,205.58,BND,205.58,BN,BN,,False,2025-02-01 00:00:00,0,0,5,616.74,3.0,822.32,4.0,822.32,4.0,False
loan_745_4,cust_loan_745,customer,loan_cust_loan_745,LOAN_AUTO,bank_transfer,151.05,BND,151.05,BN,BN,,False,2025-02-01 01:00:00,0,1,5,1562.74,3.0,1713.79,4.0,1713.79,4.0,False
loan_746_4,cust_loan_746,customer,loan_cust_loan_746,LOAN_AUTO,bank_transfer,276.75,BND,276.75,BN,BN,,False,2025-02-01 02:00:00,0,2,5,830.25,3.0,1107.0,4.0,1107.0,4.0,False
loan_747_4,cust_loan_747,customer,loan_cust_loan_747,LOAN_AUTO,bank_transfer,201.74,BND,201.74,BN,BN,,False,2025-02-01 03:00:00,0,3,5,605.22,3.0,806.96,4.0,806.96,4.0,False
loan_748_4,cust_loan_748,third_party,loan_cust_loan_748,LOAN_AUTO,bank_transfer,684.51,BND,684.51,BN,BN,,False,2025-02-01 04:00:00,0,4,5,2053.53,3.0,2738.04,4.0,2738.04,4.0,True
loan_749_4,cust_loan_749,customer,loan_cust_loan_749,LOAN_AUTO,bank_transfer,444.05,BND,444.05,BN,BN,,False,2025-02-01 05:00:00,0,5,5,1332.15,3.0,1776.2,4.0,1776.2,4.0,False
loan_75_5,cust_loan_75,customer,loan_cust_loan_75,LOAN_AUTO,bank_transfer,218.65,BND,218.65,BN,BN,,False,2025-02-04 03:00:00,0,3,1,655.95,3.0,1093.25,5.0,1093.25,5.0,False
loan_750_4,cust_loan_750,customer,loan_cust_loan_750,LOAN_AUTO,bank_transfer,512.69,BND,512.69,BN,BN,,False,2025-02-01 06:00:00,0,6,5,1538.0700000000002,3.0,2050.76,4.0,2050.76,4.0,False
loan_751_4,cust_loan_751,customer,loan_cust_loan_751,LOAN_AUTO,bank_transfer,644.69,BND,644.69,BN,BN,,False,2025-02-01 07:00:00,0,7,5,1934.07,3.0,2578.76,4.0,2578.76,4.0,False
loan_752_4,cust_loan_752,customer,loan_cust_loan_752,LOAN_AUTO,bank_transfer,732.17,BND,732.17,BN,BN,,False,2025-02-01 08:00:00,0,8,5,2196.51,3.0,2928.68,4.0,2928.68,4.0,False
loan_753_4,cust_loan_753,customer,loan_cust_loan_753,LOAN_AUTO,bank_transfer,208.26,BND,208.26,BN,BN,,False,2025-02-01 09:00:00,0,9,5,624.78,3.0,833.04,4.0,833.04,4.0,False
loan_754_4,cust_loan_754,customer,loan_cust_loan_754,LOAN_AUTO,bank_transfer,341.74,BND,341.74,BN,BN,,False,2025-02-01 10:00:00,0,10,5,1025.22,3.0,1366.96,4.0,1366.96,4.0,False
loan_755_4,cust_loan_755,third_party,loan_cust_loan_755,LOAN_AUTO,bank_transfer,797.45,BND,797.45,BN,BN,,False,2025-02-01 11:00:00,0,11,5,2392.3500000000004,3.0,3189.8,4.0,3189.8,4.0,True
loan_756_4,cust_loan_756,customer,loan_cust_loan_756,LOAN_AUTO,bank_transfer,353.89,BND,353.89,BN,BN,,False,2025-02-01 12:00:00,0,12,5,1061.67,3.0,1415.56,4.0,1415.56,4.0,False
loan_757_4,cust_loan_757,customer,loan_cust_loan_757,LOAN_AUTO,bank_transfer,451.43,BND,451.43,BN,BN,,False,2025-02-01 13:00:00,0,13,5,1354.29,3.0,1805.72,4.0,1805.72,4.0,False
loan_758_4,cust_loan_758,customer,loan_cust_loan_758,LOAN_AUTO,bank_transfer,311.75,BND,311.75,BN,BN,,False,2025-02-01 14:00:00,0,14,5,935.25,3.0,1247.0,4.0,1247.0,4.0,False
loan_759_4,cust_loan_759,customer,loan_cust_loan_759,LOAN_AUTO,bank_transfer,644.71,BND,644.71,BN,BN,,False,2025-02-01 15:00:00,0,15,5,1934.13,3.0,2578.84,4.0,2578.84,4.0,False
loan_76_5,cust_loan_76,customer,loan_cust_loan_76,LOAN_AUTO,bank_transfer,266.35,BND,266.35,BN,BN,,False,2025-02-04 04:00:00,0,4,1,799.0500000000001,3.0,1331.75,5.0,1331.75,5.0,False
loan_760_4,cust_loan_760,customer,loan_cust_loan_760,LOAN_AUTO,bank_transfer,202.11,BND,202.11,BN,BN,,False,2025-02-01 16:00:00,0,16,5,606.33,3.0,808.44,4.0,808.44,4.0,False
loan_761_4,cust_loan_761,customer,loan_cust_loan_761,LOAN_AUTO,bank_transfer,729.4,BND,729.4,BN,BN,,False,2025-02-01 17:00:00,0,17,5,2188.2,3.0,2917.6,4.0,2917.6,4.0,False
loan_762_4,cust_loan_762,customer,loan_cust_loan_762,LOAN_AUTO,bank_transfer,474.21,BND,474.21,BN,BN,,False,2025-02-01 18:00:00,0,18,5,1422.63,3.0,1896.84,4.0,1896.84,4.0,False
loan_763_4,cust_loan_763,customer,loan_cust_loan_763,LOAN_AUTO,bank_transfer,415.15,BND,415.15,BN,BN,,False,2025-02-01 19:00:00,0,19,5,1245.4499999999998,3.0,1660.6,4.0,1660.6,4.0,False
loan_764_4,cust_loan_764,customer,loan_cust_loan_764,LOAN_AUTO,bank_transfer,797.35,BND,797.35,BN,BN,,False,2025-02-01 20:00:00,0,20,5,2392.05,3.0,3189.4,4.0,3189.4,4.0,False
loan_765_4,cust_loan_765,customer,loan_cust_loan_765,LOAN_AUTO,bank_transfer,467.08,BND,467.08,BN,BN,,False,2025-02-01 21:00:00,0,21,5,1401.24,3.0,1868.32,4.0,1868.32,4.0,False
loan_766_4,cust_loan_766,third_party,loan_cust_loan_766,LOAN_AUTO,bank_transfer,263.44,BND,263.44,BN,BN,,False,2025-02-01 22:00:00,0,22,5,790.3199999999999,3.0,1053.76,4.0,1053.76,4.0,True
loan_767_4,cust_loan_767,customer,loan_cust_loan_767,LOAN_AUTO,bank_transfer,468.97,BND,468.97,BN,BN,,False,2025-02-01 23:00:00,0,23,5,1406.91,3.0,1875.88,4.0,1875.88,4.0,False
loan_768_4,cust_loan_768,customer,loan_cust_loan_768,LOAN_AUTO,bank_transfer,277.97,BND,277.97,BN,BN,,False,2025-02-02 00:00:00,0,0,6,833.9100000000001,3.0,1111.88,4.0,1111.88,4.0,False
loan_769_4,cust_loan_769,customer,loan_cust_loan_769,LOAN_AUTO,bank_transfer,320.76,BND,320.76,BN,BN,,False,2025-02-02 01:00:00,0,1,6,962.28,3.0,1283.04,4.0,1283.04,4.0,False
loan_77_5,cust_loan_77,customer,loan_cust_loan_77,LOAN_AUTO,bank_transfer,792.71,BND,792.71,BN,BN,,False,2025-02-04 05:00:00,0,5,1,12545.58,3.0,14131.0,5.0,14131.0,5.0,False
loan_770_4,cust_loan_770,customer,loan_cust_loan_770,LOAN_AUTO,bank_transfer,746.41,BND,746.41,BN,BN,,False,2025-02-02 02:00:00,0,2,6,2239.23,3.0,2985.64,4.0,2985.64,4.0,False
loan_771_4,cust_loan_771,third_party,loan_cust_loan_771,LOAN_AUTO,bank_transfer,615.05,BND,615.05,BN,BN,,False,2025-02-02 03:00:00,1,3,6,1845.15,3.0,2460.2,4.0,2460.2,4.0,False
loan_772_4,cust_loan_772,customer,loan_cust_loan_772,LOAN_AUTO,bank_transfer,630.65,BND,630.65,BN,BN,,False,2025-02-02 04:00:00,0,4,6,1891.95,3.0,2522.6,4.0,2522.6,4.0,False
loan_773_4,cust_loan_773,third_party,loan_cust_loan_773,LOAN_AUTO,bank_transfer,318.37,BND,318.37,BN,BN,,False,2025-02-02 05:00:00,1,5,6,955.11,3.0,1273.48,4.0,1273.48,4.0,True
loan_774_4,cust_loan_774,customer,loan_cust_loan_774,LOAN_AUTO,bank_transfer,747.21,BND,747.21,BN,BN,,False,2025-02-02 06:00:00,0,6,6,2241.63,3.0,2988.84,4.0,2988.84,4.0,False
loan_775_4,cust_loan_775,customer,loan_cust_loan_775,LOAN_AUTO,bank_transfer,275.12,BND,275.12,BN,BN,,False,2025-02-02 07:00:00,0,7,6,825.36,3.0,1100.48,4.0,1100.48,4.0,False
loan_776_4,cust_loan_776,customer,loan_cust_loan_776,LOAN_AUTO,bank_transfer,511.77,BND,511.77,BN,BN,,False,2025-02-02 08:00:00,0,8,6,1535.31,3.0,2047.08,4.0,2047.08,4.0,False
loan_777_4,cust_loan_777,customer,loan_cust_loan_777,LOAN_AUTO,bank_transfer,523.16,BND,523.16,BN,BN,,False,2025-02-02 09:00:00,0,9,6,1569.48,3.0,2092.64,4.0,2092.64,4.0,False
loan_778_4,cust_loan_778,customer,loan_cust_loan_778,LOAN_AUTO,bank_transfer,258.95,BND,258.95,BN,BN,,False,2025-02-02 10:00:00,0,10,6,776.8499999999999,3.0,1035.8,4.0,1035.8,4.0,False
loan_779_4,cust_loan_779,third_party,loan_cust_loan_779,LOAN_AUTO,bank_transfer,740.85,BND,740.85,BN,BN,,False,2025-02-02 11:00:00,1,11,6,2222.55,3.0,2963.4,4.0,2963.4,4.0,True
loan_78_5,cust_loan_78,customer,loan_cust_loan_78,LOAN_AUTO,bank_transfer,781.56,BND,781.56,BN,BN,,False,2025-02-04 06:00:00,0,6,1,2344.68,3.0,3907.8,5.0,3907.8,5.0,False
loan_780_4,cust_loan_780,customer,loan_cust_loan_780,LOAN_AUTO,bank_transfer,539.94,BND,539.94,BN,BN,,False,2025-02-02 12:00:00,0,12,6,1619.8200000000002,3.0,2159.76,4.0,2159.76,4.0,False
loan_781_4,cust_loan_781,customer,loan_cust_loan_781,LOAN_AUTO,bank_transfer,504.02,BND,504.02,BN,BN,,False,2025-02-02 13:00:00,0,13,6,1512.06,3.0,2016.08,4.0,2016.08,4.0,False
loan_782_4,cust_loan_782,customer,loan_cust_loan_782,LOAN_AUTO,bank_transfer,590.3,BND,590.3,BN,BN,,False,2025-02-02 14:00:00,0,14,6,1770.9,3.0,2361.2,4.0,2361.2,4.0,False
loan_783_4,cust_loan_783,customer,loan_cust_loan_783,LOAN_AUTO,bank_transfer,260.7,BND,260.7,BN,BN,,False,2025-02-02 15:00:00,0,15,6,782.0999999999999,3.0,1042.8,4.0,1042.8,4.0,False
loan_784_4,cust_loan_784,customer,loan_cust_loan_784,LOAN_AUTO,bank_transfer,654.99,BND,654.99,BN,BN,,False,2025-02-02 16:00:00,0,16,6,1964.97,3.0,2619.96,4.0,2619.96,4.0,False
loan_785_4,cust_loan_785,customer,loan_cust_loan_785,LOAN_AUTO,bank_transfer,725.38,BND,725.38,BN,BN,,False,2025-02-02 17:00:00,0,17,6,2176.14,3.0,2901.52,4.0,2901.52,4.0,False
loan_786_4,cust_loan_786,customer,loan_cust_loan_786,LOAN_AUTO,bank_transfer,463.73,BND,463.73,BN,BN,,False,2025-02-02 18:00:00,0,18,6,1391.19,3.0,1854.92,4.0,1854.92,4.0,False
loan_787_4,cust_loan_787,customer,loan_cust_loan_787,LOAN_AUTO,bank_transfer,375.1,BND,375.1,BN,BN,,False,2025-02-02 19:00:00,0,19,6,1125.3000000000002,3.0,1500.4,4.0,1500.4,4.0,False
loan_788_4,cust_loan_788,customer,loan_cust_loan_788,LOAN_AUTO,bank_transfer,395.14,BND,395.14,BN,BN,,False,2025-02-02 20:00:00,0,20,6,1185.42,3.0,1580.56,4.0,1580.56,4.0,False
loan_789_4,cust_loan_789,customer,loan_cust_loan_789,LOAN_AUTO,bank_transfer,216.9,BND,216.9,BN,BN,,False,2025-02-02 21:00:00,0,21,6,650.7,3.0,867.6,4.0,867.6,4.0,False
loan_79_5,cust_loan_79,customer,loan_cust_loan_79,LOAN_AUTO,bank_transfer,332.56,BND,332.56,BN,BN,,False,2025-02-04 07:00:00,0,7,1,997.68,3.0,1662.8,5.0,1662.8,5.0,False
loan_790_4,cust_loan_790,customer,loan_cust_loan_790,LOAN_AUTO,bank_transfer,161.8,BND,161.8,BN,BN,,False,2025-02-02 22:00:00,0,22,6,485.4,3.0,647.2,4.0,647.2,4.0,False
loan_791_4,cust_loan_791,customer,loan_cust_loan_791,LOAN_AUTO,bank_transfer,449.32,BND,449.32,BN,BN,,False,2025-02-02 23:00:00,0,23,6,1347.96,3.0,1797.28,4.0,1797.28,4.0,False
loan_792_4,cust_loan_792,customer,loan_cust_loan_792,LOAN_AUTO,bank_transfer,293.59,BND,293.59,BN,BN,,False,2025-02-03 00:00:00,0,0,0,880.77,3.0,1174.36,4.0,1174.36,4.0,False
loan_793_4,cust_loan_793,customer,loan_cust_loan_793,LOAN_AUTO,bank_transfer,474.12,BND,474.12,BN,BN,,False,2025-02-03 01:00:00,0,1,0,1422.36,3.0,1896.48,4.0,1896.48,4.0,False
loan_794_4,cust_loan_794,customer,loan_cust_loan_794,LOAN_AUTO,bank_transfer,785.24,BND,785.24,BN,BN,,False,2025-02-03 02:00:00,0,2,0,2355.7200000000003,3.0,3140.96,4.0,3140.96,4.0,False
loan_795_4,cust_loan_795,customer,loan_cust_loan_795,LOAN_AUTO,bank_transfer,190.71,BND,190.71,BN,BN,,False,2025-02-03 03:00:00,0,3,0,1393.37,3.0,1584.0800000000002,4.0,1584.0800000000002,4.0,False
loan_796_4,cust_loan_796,customer,loan_cust_loan_796,LOAN_AUTO,bank_transfer,259.46,BND,259.46,BN,BN,,False,2025-02-03 04:00:00,0,4,0,3451.49,3.0,3710.95,4.0,3710.95,4.0,False
loan_797_4,cust_loan_797,customer,loan_cust_loan_797,LOAN_AUTO,bank_transfer,281.72,BND,281.72,BN,BN,,False,2025-02-03 05:00:00,0,5,0,845.1600000000001,3.0,1126.88,4.0,1126.88,4.0,False
loan_798_4,cust_loan_798,customer,loan_cust_loan_798,LOAN_AUTO,bank_transfer,363.02,BND,363.02,BN,BN,,False,2025-02-03 06:00:00,0,6,0,5847.84,3.0,6210.860000000001,4.0,6210.860000000001,4.0,False
loan_799_4,cust_loan_799,customer,loan_cust_loan_799,LOAN_AUTO,bank_transfer,344.59,BND,344.59,BN,BN,,False,2025-02-03 07:00:00,0,7,0,2937.96,3.0,3282.55,4.0,3282.55,4.0,False
loan_8_5,cust_loan_8,third_party,loan_cust_loan_8,LOAN_AUTO,bank_transfer,397.36,BND,397.36,BN,BN,,False,2025-02-01 08:00:00,1,8,5,1192.08,3.0,1986.8,5.0,1986.8,5.0,True
loan_80_5,cust_loan_80,customer,loan_cust_loan_80,LOAN_AUTO,bank_transfer,2910.36,BND,2910.36,BN,BN,,False,2025-02-04 08:00:00,1,8,1,852.21,3.0,1420.35,5.0,1420.35,5.0,False
loan_81_5,cust_loan_81,customer,loan_cust_loan_81,LOAN_AUTO,bank_transfer,309.46,BND,309.46,BN,BN,,False,2025-02-04 09:00:00,0,9,1,928.38,3.0,1547.3,5.0,1547.3,5.0,False
loan_82_5,cust_loan_82,customer,loan_cust_loan_82,LOAN_AUTO,bank_transfer,377.42,BND,377.42,BN,BN,,False,2025-02-04 10:00:00,0,10,1,1132.26,3.0,1887.1,5.0,1887.1,5.0,False
loan_83_5,cust_loan_83,customer,loan_cust_loan_83,LOAN_AUTO,bank_transfer,623.23,BND,623.23,BN,BN,,False,2025-02-04 11:00:00,0,11,1,1869.69,3.0,3116.15,5.0,3116.15,5.0,False
loan_84_5,cust_loan_84,customer,loan_cust_loan_84,LOAN_AUTO,bank_transfer,783.92,BND,783.92,BN,BN,,False,2025-02-04 12:00:00,0,12,1,2351.76,3.0,3919.6,5.0,3919.6,5.0,False
loan_85_5,cust_loan_85,customer,loan_cust_loan_85,LOAN_AUTO,bank_transfer,556.12,BND,556.12,BN,BN,,False,2025-02-04 13:00:00,0,13,1,1668.36,3.0,2780.6,5.0,2780.6,5.0,False
loan_86_5,cust_loan_86,customer,loan_cust_loan_86,LOAN_AUTO,bank_transfer,155.61,BND,155.61,BN,BN,,False,2025-02-04 14:00:00,0,14,1,466.83,3.0,778.0500000000001,5.0,778.0500000000001,5.0,False
loan_87_5,cust_loan_87,customer,loan_cust_loan_87,LOAN_AUTO,bank_transfer,173.37,BND,173.37,BN,BN,,False,2025-02-04 15:00:00,0,15,1,520.11,3.0,866.85,5.0,866.85,5.0,False
loan_88_5,cust_loan_88,customer,loan_cust_loan_88,LOAN_AUTO,bank_transfer,628.67,BND,628.67,BN,BN,,False,2025-02-04 16:00:00,0,16,1,1886.01,3.0,3143.35,5.0,3143.35,5.0,False
loan_89_5,cust_loan_89,customer,loan_cust_loan_89,LOAN_AUTO,bank_transfer,726.81,BND,726.81,BN,BN,,False,2025-02-04 17:00:00,0,17,1,12012.12,3.0,13465.74,5.0,13465.74,5.0,False
loan_9_5,cust_loan_9,customer,loan_cust_loan_9,LOAN_AUTO,bank_transfer,354.55,BND,354.55,BN,BN,,False,2025-02-01 09:00:00,0,9,5,1063.65,3.0,1772.75,5.0,1772.75,5.0,False
loan_90_5,cust_loan_90,customer,loan_cust_loan_90,LOAN_AUTO,bank_transfer,409.02,BND,409.02,BN,BN,,False,2025-02-04 18:00:00,0,18,1,1227.06,3.0,2045.1,5.0,2045.1,5.0,False
loan_91_5,cust_loan_91,customer,loan_cust_loan_91,LOAN_AUTO,bank_transfer,609.24,BND,609.24,BN,BN,,False,2025-02-04 19:00:00,0,19,1,1827.72,3.0,3046.2,5.0,3046.2,5.0,False
loan_92_5,cust_loan_92,customer,loan_cust_loan_92,LOAN_AUTO,bank_transfer,730.86,BND,730.86,BN,BN,,False,2025-02-04 20:00:00,0,20,1,2192.58,3.0,3654.3,5.0,3654.3,5.0,False
loan_93_5,cust_loan_93,customer,loan_cust_loan_93,LOAN_AUTO,bank_transfer,658.19,BND,658.19,BN,BN,,False,2025-02-04 21:00:00,0,21,1,1974.57,3.0,3290.9500000000003,5.0,3290.9500000000003,5.0,False
loan_94_5,cust_loan_94,customer,loan_cust_loan_94,LOAN_AUTO,bank_transfer,274.56,BND,274.56,BN,BN,,False,2025-02-04 22:00:00,0,22,1,823.6800000000001,3.0,1372.8,5.0,1372.8,5.0,False
loan_95_5,cust_loan_95,customer,loan_cust_loan_95,LOAN_AUTO,bank_transfer,730.43,BND,730.43,BN,BN,,False,2025-02-04 23:00:00,0,23,1,2191.29,3.0,3652.15,5.0,3652.15,5.0,False
loan_96_5,cust_loan_96,customer,loan_cust_loan_96,LOAN_AUTO,bank_transfer,658.39,BND,658.39,BN,BN,,False,2025-02-05 00:00:00,0,0,2,1975.17,3.0,3291.95,5.0,3291.95,5.0,False
loan_97_5,cust_loan_97,customer,loan_cust_loan_97,LOAN_AUTO,bank_transfer,611.88,BND,611.88,BN,BN,,False,2025-02-05 01:00:00,0,1,2,1835.64,3.0,3059.4,5.0,3059.4,5.0,False
loan_98_5,cust_loan_98,third_party,loan_cust_loan_98,LOAN_AUTO,bank_transfer,401.76,BND,401.76,BN,BN,,False,2025-02-05 02:00:00,1,2,2,1205.28,3.0,2008.8,5.0,2008.8,5.0,True
loan_99_5,cust_loan_99,customer,loan_cust_loan_99,LOAN_AUTO,bank_transfer,331.39,BND,331.39,BN,BN,,False,2025-02-05 03:00:00,0,3,2,994.17,3.0,1656.9499999999998,5.0,1656.9499999999998,5.0,False
