txn_id,customer_id,counterparty_id,account_id,product_type,channel,amount,currency,amount_base,country_origin,country_dest,mcc,is_foreign,dt,label,hour,dow,sum_amt_prev3,cnt_prev3,sum_amt_prev10,cnt_prev10,sum_amt_prev30,cnt_prev30,new_counterparty_flag
acct_967,cust_1,bank,acct_main_cust_1,ACCOUNT_EVENT,online,46.34,BND,46.34,BN,BN,,False,2025-03-13 07:00:00,0,7,3,60.41,3.0,394.34,10.0,1560.1,30.0,False
acct_963,cust_1002,cash,acct_main_cust_1002,ACCOUNT_EVENT,branch,84.17,BND,84.17,BN,BN,,False,2025-03-13 03:00:00,0,3,3,34.29,3.0,1100.02,10.0,3272.25,30.0,True
acct_1004,cust_1006,bank,acct_main_cust_1006,ACCOUNT_EVENT,online,117.58,BND,117.58,BN,BN,,False,2025-03-14 20:00:00,0,20,4,167.7,3.0,254.15,10.0,5615.429999999999,30.0,True
acct_1051,cust_1006,cash,acct_main_cust_1006,ACCOUNT_EVENT,branch,45.33,BND,45.33,BN,BN,,False,2025-03-16 19:00:00,0,19,6,283.49,3.0,359.42,10.0,5703.070000000001,30.0,True
acct_1240,cust_1012,bank,acct_main_cust_1012,ACCOUNT_EVENT,online,122.51,BND,122.51,BN,BN,,False,2025-03-24 16:00:00,0,16,0,39.97,3.0,408.57,10.0,1304.36,30.0,True
acct_745,cust_1016,cash,acct_main_cust_1016,ACCOUNT_EVENT,branch,73.18,BND,73.18,BN,BN,,False,2025-03-04 01:00:00,0,1,1,46.28,3.0,347.75,10.0,1994.23,30.0,True
acct_1046,cust_1022,bank,acct_main_cust_1022,ACCOUNT_EVENT,online,122.05,BND,122.05,BN,BN,,False,2025-03-16 14:00:00,0,14,6,97.77,3.0,1392.58,10.0,2484.1800000000003,30.0,True
acct_1186,cust_1022,bank,acct_main_cust_1022,ACCOUNT_EVENT,online,29.14,BND,29.14,BN,BN,,False,2025-03-22 10:00:00,0,10,5,150.93,3.0,1490.65,10.0,2586.23,30.0,False
acct_1171,cust_1023,cash,acct_main_cust_1023,ACCOUNT_EVENT,branch,254.9,BND,254.9,BN,BN,,False,2025-03-21 19:00:00,0,19,4,45.74000000000022,3.0,1303.8100000000002,10.0,4522.45,30.0,True
acct_1364,cust_1024,cash,acct_main_cust_1024,ACCOUNT_EVENT,branch,66.32,BND,66.32,BN,BN,,False,2025-03-29 20:00:00,0,20,5,18.54,3.0,1936.08,10.0,3163.32,30.0,True
acct_1111,cust_1026,cash,acct_main_cust_1026,ACCOUNT_EVENT,branch,47.82,BND,47.82,BN,BN,,False,2025-03-19 07:00:00,0,7,2,24.23,3.0,674.4399999999999,10.0,4698.9800000000005,30.0,True
acct_1114,cust_1035,bank,acct_main_cust_1035,ACCOUNT_EVENT,online,106.07,BND,106.07,BN,BN,,False,2025-03-19 10:00:00,0,10,2,250.23,3.0,454.04,10.0,2866.63,30.0,True
acct_747,cust_1036,cash,acct_main_cust_1036,ACCOUNT_EVENT,branch,182.52,BND,182.52,BN,BN,,False,2025-03-04 03:00:00,0,3,1,163.67,3.0,659.72,10.0,3073.36,30.0,True
acct_1072,cust_1038,bank,acct_main_cust_1038,ACCOUNT_EVENT,online,20.2,BND,20.2,BN,BN,,False,2025-03-17 16:00:00,0,16,0,175.27,3.0,1062.7700000000002,10.0,5172.81,30.0,True
acct_1202,cust_104,cash,acct_main_cust_104,ACCOUNT_EVENT,branch,74.18,BND,74.18,BN,BN,,False,2025-03-23 02:00:00,0,2,6,161.59,3.0,913.5199999999998,10.0,2196.95,30.0,True
acct_674,cust_1046,bank,acct_main_cust_1046,ACCOUNT_EVENT,online,42.99,BND,42.99,BN,BN,,False,2025-03-01 02:00:00,0,2,5,21.99,3.0,410.17,10.0,3087.35,30.0,True
acct_1330,cust_1052,bank,acct_main_cust_1052,ACCOUNT_EVENT,online,31.75,BND,31.75,BN,BN,,False,2025-03-28 10:00:00,0,10,4,309.62999999999994,3.0,413.33,10.0,3240.23,30.0,True
acct_1193,cust_1054,cash,acct_main_cust_1054,ACCOUNT_EVENT,branch,362.11,BND,362.11,BN,BN,,False,2025-03-22 17:00:00,0,17,5,19.800000000000026,3.0,161.06000000000046,10.0,1201.5200000000004,30.0,True
acct_978,cust_1064,cash,acct_main_cust_1064,ACCOUNT_EVENT,branch,65.31,BND,65.31,BN,BN,,False,2025-03-13 18:00:00,0,18,3,128.49,3.0,1773.96,10.0,2934.4300000000003,30.0,True
acct_841,cust_1065,bank,acct_main_cust_1065,ACCOUNT_EVENT,online,11.35,BND,11.35,BN,BN,,False,2025-03-08 01:00:00,0,1,5,101.53000000000002,3.0,397.68,10.0,8284.75,30.0,True
acct_1307,cust_1070,cash,acct_main_cust_1070,ACCOUNT_EVENT,branch,93.15,BND,93.15,BN,BN,,False,2025-03-27 11:00:00,0,11,3,17.95000000000001,3.0,235.12,10.0,1730.75,30.0,True
acct_1060,cust_1072,bank,acct_main_cust_1072,ACCOUNT_EVENT,online,175.55,BND,175.55,BN,BN,,False,2025-03-17 04:00:00,1,4,0,333.72,3.0,474.86,10.0,857.54,30.0,True
acct_1177,cust_1075,cash,acct_main_cust_1075,ACCOUNT_EVENT,branch,49.04,BND,49.04,BN,BN,,False,2025-03-22 01:00:00,0,1,5,580.55,3.0,808.1999999999999,10.0,4401.91,30.0,True
acct_994,cust_1076,cash,acct_main_cust_1076,ACCOUNT_EVENT,branch,83.27,BND,83.27,BN,BN,,False,2025-03-14 10:00:00,0,10,4,59.95,3.0,136.52,10.0,1589.99,30.0,True
acct_969,cust_1078,bank,acct_main_cust_1078,ACCOUNT_EVENT,online,22.01,BND,22.01,BN,BN,,False,2025-03-13 09:00:00,1,9,3,227.65,3.0,469.85,10.0,1007.89,30.0,True
acct_1283,cust_1080,bank,acct_main_cust_1080,ACCOUNT_EVENT,online,33.79,BND,33.79,BN,BN,,False,2025-03-26 11:00:00,0,11,2,1070.78,3.0,1386.82,10.0,2377.76,30.0,True
acct_1374,cust_1080,bank,acct_main_cust_1080,ACCOUNT_EVENT,online,33.97,BND,33.97,BN,BN,,False,2025-03-30 06:00:00,0,6,6,104.57,3.0,1417.73,10.0,2285.55,30.0,False
acct_922,cust_1086,cash,acct_main_cust_1086,ACCOUNT_EVENT,branch,340.05,BND,340.05,BN,BN,,False,2025-03-11 10:00:00,0,10,1,430.35,3.0,1654.28,10.0,3357.17,30.0,True
acct_1101,cust_1088,bank,acct_main_cust_1088,ACCOUNT_EVENT,online,45.71,BND,45.71,BN,BN,,False,2025-03-18 21:00:00,0,21,1,92.59,3.0,400.2000000000001,10.0,1160.35,30.0,True
acct_1088,cust_109,cash,acct_main_cust_109,ACCOUNT_EVENT,branch,52.19,BND,52.19,BN,BN,,False,2025-03-18 08:00:00,0,8,1,71.06000000000002,3.0,421.96,10.0,2078.68,30.0,True
acct_1113,cust_109,cash,acct_main_cust_109,ACCOUNT_EVENT,branch,140.23,BND,140.23,BN,BN,,False,2025-03-19 09:00:00,1,9,2,119.46,3.0,470.53,10.0,2078.87,30.0,False
acct_1294,cust_109,bank,acct_main_cust_109,ACCOUNT_EVENT,online,36.88,BND,36.88,BN,BN,,False,2025-03-26 22:00:00,0,22,2,258.69,3.0,590.29,10.0,2209.11,30.0,False
acct_1220,cust_1091,bank,acct_main_cust_1091,ACCOUNT_EVENT,online,62.39,BND,62.39,BN,BN,,False,2025-03-23 20:00:00,0,20,6,234.6,3.0,686.0999999999999,10.0,4116.2,30.0,True
acct_825,cust_1092,bank,acct_main_cust_1092,ACCOUNT_EVENT,online,18.05,BND,18.05,BN,BN,,False,2025-03-07 09:00:00,0,9,4,1311.3499999999997,3.0,1835.4200000000003,10.0,5157.24,30.0,True
acct_1255,cust_1095,bank,acct_main_cust_1095,ACCOUNT_EVENT,online,156.08,BND,156.08,BN,BN,,False,2025-03-25 07:00:00,0,7,1,132.98999999999995,3.0,910.3,10.0,2226.25,30.0,True
acct_813,cust_110,cash,acct_main_cust_110,ACCOUNT_EVENT,branch,180.3,BND,180.3,BN,BN,,False,2025-03-06 21:00:00,0,21,3,7.04,3.0,519.4300000000001,10.0,1878.65,30.0,True
acct_1117,cust_1107,cash,acct_main_cust_1107,ACCOUNT_EVENT,branch,93.91,BND,93.91,BN,BN,,False,2025-03-19 13:00:00,0,13,2,597.9800000000001,3.0,1182.3200000000002,10.0,2482.2000000000003,30.0,True
acct_804,cust_1108,bank,acct_main_cust_1108,ACCOUNT_EVENT,online,405.83,BND,405.83,BN,BN,,False,2025-03-06 12:00:00,0,12,3,190.08999999999983,3.0,511.9500000000001,10.0,2448.37,30.0,True
acct_919,cust_1109,cash,acct_main_cust_1109,ACCOUNT_EVENT,branch,40.91,BND,40.91,BN,BN,,False,2025-03-11 07:00:00,0,7,1,50.31,3.0,1041.39,10.0,4790.16,30.0,True
acct_1379,cust_1109,bank,acct_main_cust_1109,ACCOUNT_EVENT,online,82.82,BND,82.82,BN,BN,,False,2025-03-30 11:00:00,0,11,6,87.25999999999999,3.0,1010.5,10.0,4666.61,30.0,True
acct_837,cust_1112,bank,acct_main_cust_1112,ACCOUNT_EVENT,online,85.66,BND,85.66,BN,BN,,False,2025-03-07 21:00:00,0,21,4,430.1000000000001,3.0,1158.39,10.0,4225.61,30.0,True
acct_698,cust_1116,bank,acct_main_cust_1116,ACCOUNT_EVENT,online,114.92,BND,114.92,BN,BN,,False,2025-03-02 02:00:00,0,2,6,54.9599999999999,3.0,170.82,10.0,2384.95,30.0,False
acct_946,cust_1116,cash,acct_main_cust_1116,ACCOUNT_EVENT,branch,48.46,BND,48.46,BN,BN,,False,2025-03-12 10:00:00,0,10,2,164.8799999999999,3.0,283.04999999999995,10.0,2488.89,30.0,True
acct_733,cust_1119,cash,acct_main_cust_1119,ACCOUNT_EVENT,branch,77.46,BND,77.46,BN,BN,,False,2025-03-03 13:00:00,0,13,0,133.63000000000002,3.0,3228.41,10.0,6239.57,30.0,True
acct_1190,cust_1119,bank,acct_main_cust_1119,ACCOUNT_EVENT,online,702.8,BND,702.8,BN,BN,,False,2025-03-22 14:00:00,0,14,5,191.1,3.0,2949.87,10.0,6296.03,30.0,True
acct_796,cust_1121,bank,acct_main_cust_1121,ACCOUNT_EVENT,online,56.4,BND,56.4,BN,BN,,False,2025-03-06 04:00:00,0,4,3,98.49000000000002,3.0,331.61,10.0,1152.25,30.0,True
acct_789,cust_1124,cash,acct_main_cust_1124,ACCOUNT_EVENT,branch,37.52,BND,37.52,BN,BN,,False,2025-03-05 21:00:00,0,21,2,23.97,3.0,295.46,10.0,1485.16,30.0,True
acct_1012,cust_1124,bank,acct_main_cust_1124,ACCOUNT_EVENT,online,206.41,BND,206.41,BN,BN,,False,2025-03-15 04:00:00,0,4,5,46.49,3.0,312.87,10.0,1520.7,30.0,True
acct_828,cust_1125,cash,acct_main_cust_1125,ACCOUNT_EVENT,branch,74.64,BND,74.64,BN,BN,,False,2025-03-07 12:00:00,0,12,4,1756.89,3.0,2124.83,10.0,3870.47,30.0,True
acct_1381,cust_1126,cash,acct_main_cust_1126,ACCOUNT_EVENT,branch,77.78,BND,77.78,BN,BN,,False,2025-03-30 13:00:00,0,13,6,58.4,3.0,493.35,10.0,1546.42,30.0,True
acct_1384,cust_1126,cash,acct_main_cust_1126,ACCOUNT_EVENT,branch,49.4,BND,49.4,BN,BN,,False,2025-03-30 16:00:00,0,16,6,126.34,3.0,522.23,10.0,1588.8,30.0,False
acct_1062,cust_1139,bank,acct_main_cust_1139,ACCOUNT_EVENT,online,279.75,BND,279.75,BN,BN,,False,2025-03-17 06:00:00,0,6,0,15.4800000000001,3.0,220.91,10.0,1654.9699999999998,30.0,False
acct_1178,cust_1139,cash,acct_main_cust_1139,ACCOUNT_EVENT,branch,98.87,BND,98.87,BN,BN,,False,2025-03-22 02:00:00,0,2,5,293.6900000000001,3.0,498.87,10.0,1929.73,30.0,True
acct_1338,cust_114,bank,acct_main_cust_114,ACCOUNT_EVENT,online,74.08,BND,74.08,BN,BN,,False,2025-03-28 18:00:00,0,18,4,151.65,3.0,648.1199999999999,10.0,1473.62,30.0,True
acct_851,cust_1140,cash,acct_main_cust_1140,ACCOUNT_EVENT,branch,109.93,BND,109.93,BN,BN,,False,2025-03-08 11:00:00,0,11,5,134.27000000000004,3.0,878.54,10.0,2267.93,30.0,False
acct_1265,cust_1141,cash,acct_main_cust_1141,ACCOUNT_EVENT,branch,53.05,BND,53.05,BN,BN,,False,2025-03-25 17:00:00,0,17,1,716.2500000000001,3.0,1290.3200000000002,10.0,3296.9100000000003,30.0,True
acct_1360,cust_1149,bank,acct_main_cust_1149,ACCOUNT_EVENT,online,59.81,BND,59.81,BN,BN,,False,2025-03-29 16:00:00,0,16,5,438.89,3.0,807.0600000000002,10.0,4427.61,30.0,False
acct_1133,cust_1152,cash,acct_main_cust_1152,ACCOUNT_EVENT,branch,112.8,BND,112.8,BN,BN,,False,2025-03-20 05:00:00,0,5,3,2006.89,3.0,2323.86,10.0,3774.34,30.0,True
acct_1115,cust_1153,bank,acct_main_cust_1153,ACCOUNT_EVENT,online,93.08,BND,93.08,BN,BN,,False,2025-03-19 11:00:00,0,11,2,140.78,3.0,706.08,10.0,2657.09,30.0,True
acct_1348,cust_1154,bank,acct_main_cust_1154,ACCOUNT_EVENT,online,171.17,BND,171.17,BN,BN,,False,2025-03-29 04:00:00,0,4,5,233.31999999999996,3.0,593.01,10.0,1740.86,30.0,True
acct_1081,cust_1158,bank,acct_main_cust_1158,ACCOUNT_EVENT,online,91.39,BND,91.39,BN,BN,,False,2025-03-18 01:00:00,0,1,1,134.62000000000012,3.0,373.13,10.0,1570.4,30.0,True
acct_833,cust_1163,cash,acct_main_cust_1163,ACCOUNT_EVENT,branch,155.25,BND,155.25,BN,BN,,False,2025-03-07 17:00:00,0,17,4,254.85,3.0,919.95,10.0,2107.57,30.0,True
acct_857,cust_1165,cash,acct_main_cust_1165,ACCOUNT_EVENT,branch,85.21,BND,85.21,BN,BN,,False,2025-03-08 17:00:00,0,17,5,36.14,3.0,381.9,10.0,1819.21,30.0,True
acct_1126,cust_1167,bank,acct_main_cust_1167,ACCOUNT_EVENT,online,70.45,BND,70.45,BN,BN,,False,2025-03-19 22:00:00,0,22,2,140.91999999999996,3.0,428.84,10.0,2914.12,30.0,True
acct_1103,cust_1169,cash,acct_main_cust_1169,ACCOUNT_EVENT,branch,235.78,BND,235.78,BN,BN,,False,2025-03-18 23:00:00,0,23,1,173.77,3.0,535.81,10.0,1356.88,30.0,True
acct_1142,cust_1169,cash,acct_main_cust_1169,ACCOUNT_EVENT,branch,28.29,BND,28.29,BN,BN,,False,2025-03-20 14:00:00,0,14,3,387.0700000000001,3.0,768.01,10.0,1577.93,30.0,False
acct_765,cust_1171,cash,acct_main_cust_1171,ACCOUNT_EVENT,branch,490.71,BND,490.71,BN,BN,,False,2025-03-04 21:00:00,0,21,1,42.52,3.0,107.22,10.0,1226.64,30.0,True
acct_721,cust_118,bank,acct_main_cust_118,ACCOUNT_EVENT,online,158.6,BND,158.6,BN,BN,,False,2025-03-03 01:00:00,0,1,0,256.9600000000001,3.0,668.3700000000001,10.0,1384.28,30.0,True
acct_939,cust_1181,cash,acct_main_cust_1181,ACCOUNT_EVENT,branch,89.16,BND,89.16,BN,BN,,False,2025-03-12 03:00:00,0,3,2,170.56,3.0,350.17,10.0,1487.2800000000002,30.0,True
acct_1079,cust_119,cash,acct_main_cust_119,ACCOUNT_EVENT,branch,150.68,BND,150.68,BN,BN,,False,2025-03-17 23:00:00,0,23,0,78.41,3.0,411.46,10.0,1654.3300000000002,30.0,True
acct_759,cust_1192,cash,acct_main_cust_1192,ACCOUNT_EVENT,branch,55.31,BND,55.31,BN,BN,,False,2025-03-04 15:00:00,1,15,1,30.14,3.0,316.04999999999984,10.0,2012.32,30.0,True
acct_860,cust_1195,bank,acct_main_cust_1195,ACCOUNT_EVENT,online,100.87,BND,100.87,BN,BN,,False,2025-03-08 20:00:00,0,20,5,86.87,3.0,1496.22,10.0,2212.59,30.0,True
acct_1214,cust_1195,cash,acct_main_cust_1195,ACCOUNT_EVENT,branch,165.4,BND,165.4,BN,BN,,False,2025-03-23 14:00:00,0,14,6,157.75,3.0,1457.13,10.0,2303.4700000000003,30.0,True
acct_1344,cust_1195,cash,acct_main_cust_1195,ACCOUNT_EVENT,branch,29.58,BND,29.58,BN,BN,,False,2025-03-29 00:00:00,0,0,5,278.4,3.0,932.69,10.0,2462.9,30.0,False
acct_1241,cust_120,bank,acct_main_cust_120,ACCOUNT_EVENT,online,91.95,BND,91.95,BN,BN,,False,2025-03-24 17:00:00,0,17,0,99.62000000000003,3.0,683.33,10.0,2223.71,30.0,True
acct_738,cust_1201,cash,acct_main_cust_1201,ACCOUNT_EVENT,branch,133.52,BND,133.52,BN,BN,,False,2025-03-03 18:00:00,0,18,0,300.36,3.0,502.93000000000006,10.0,1402.16,30.0,False
acct_777,cust_1211,cash,acct_main_cust_1211,ACCOUNT_EVENT,branch,172.04,BND,172.04,BN,BN,,False,2025-03-05 09:00:00,0,9,2,170.43999999999997,3.0,805.13,10.0,2064.73,30.0,True
acct_795,cust_1219,cash,acct_main_cust_1219,ACCOUNT_EVENT,branch,36.41,BND,36.41,BN,BN,,False,2025-03-06 03:00:00,0,3,3,208.35000000000005,3.0,425.17,10.0,2386.48,30.0,False
acct_1102,cust_122,cash,acct_main_cust_122,ACCOUNT_EVENT,branch,51.36,BND,51.36,BN,BN,,False,2025-03-18 22:00:00,0,22,1,175.44,3.0,950.79,10.0,3853.56,30.0,True
acct_760,cust_1220,cash,acct_main_cust_1220,ACCOUNT_EVENT,branch,33.14,BND,33.14,BN,BN,,False,2025-03-04 16:00:00,0,16,1,1445.4899999999998,3.0,1915.89,10.0,3861.28,30.0,True
acct_792,cust_1221,bank,acct_main_cust_1221,ACCOUNT_EVENT,online,144.86,BND,144.86,BN,BN,,False,2025-03-06 00:00:00,0,0,3,955.74,3.0,1376.17,10.0,2154.56,30.0,True
acct_889,cust_1222,bank,acct_main_cust_1222,ACCOUNT_EVENT,online,95.67,BND,95.67,BN,BN,,False,2025-03-10 01:00:00,0,1,0,165.63999999999996,3.0,363.11,10.0,803.92,30.0,True
acct_872,cust_1227,bank,acct_main_cust_1227,ACCOUNT_EVENT,online,36.31,BND,36.31,BN,BN,,False,2025-03-09 08:00:00,0,8,6,104.85,3.0,2277.27,10.0,3044.07,30.0,True
acct_704,cust_1228,bank,acct_main_cust_1228,ACCOUNT_EVENT,online,48.33,BND,48.33,BN,BN,,False,2025-03-02 08:00:00,0,8,6,76.94,3.0,2012.7,10.0,4405.46,30.0,True
acct_1121,cust_1229,cash,acct_main_cust_1229,ACCOUNT_EVENT,branch,227.35,BND,227.35,BN,BN,,False,2025-03-19 17:00:00,0,17,2,50.24,3.0,612.7,10.0,2620.78,30.0,True
acct_900,cust_1230,cash,acct_main_cust_1230,ACCOUNT_EVENT,branch,96.83,BND,96.83,BN,BN,,False,2025-03-10 12:00:00,0,12,0,343.67,3.0,563.53,10.0,2081.39,30.0,True
acct_995,cust_1237,cash,acct_main_cust_1237,ACCOUNT_EVENT,branch,13.56,BND,13.56,BN,BN,,False,2025-03-14 11:00:00,0,11,4,585.42,3.0,1177.0099999999998,10.0,4081.51,30.0,True
acct_1016,cust_1255,bank,acct_main_cust_1255,ACCOUNT_EVENT,online,118.74,BND,118.74,BN,BN,,False,2025-03-15 08:00:00,0,8,5,190.83,3.0,1499.31,10.0,4540.73,30.0,False
acct_853,cust_1257,bank,acct_main_cust_1257,ACCOUNT_EVENT,online,51.93,BND,51.93,BN,BN,,False,2025-03-08 13:00:00,0,13,5,370.85,3.0,650.8700000000005,10.0,2442.6900000000005,30.0,True
acct_731,cust_1261,bank,acct_main_cust_1261,ACCOUNT_EVENT,online,126.65,BND,126.65,BN,BN,,False,2025-03-03 11:00:00,0,11,0,311.0,3.0,1467.13,10.0,2246.25,30.0,True
acct_1030,cust_1261,bank,acct_main_cust_1261,ACCOUNT_EVENT,online,108.03,BND,108.03,BN,BN,,False,2025-03-15 22:00:00,0,22,5,435.86,3.0,1493.78,10.0,2350.4,30.0,False
acct_805,cust_1262,bank,acct_main_cust_1262,ACCOUNT_EVENT,online,271.03,BND,271.03,BN,BN,,False,2025-03-06 13:00:00,0,13,3,362.0,3.0,443.1200000000002,10.0,3566.5399999999995,30.0,True
acct_1279,cust_1262,bank,acct_main_cust_1262,ACCOUNT_EVENT,online,106.26,BND,106.26,BN,BN,,False,2025-03-26 07:00:00,0,7,2,519.4399999999999,3.0,709.1600000000002,10.0,3503.17,30.0,False
acct_711,cust_1268,cash,acct_main_cust_1268,ACCOUNT_EVENT,branch,17.8,BND,17.8,BN,BN,,False,2025-03-02 15:00:00,0,15,6,717.8799999999999,3.0,1271.4299999999998,10.0,3471.29,30.0,True
acct_1118,cust_1273,cash,acct_main_cust_1273,ACCOUNT_EVENT,branch,48.03,BND,48.03,BN,BN,,False,2025-03-19 14:00:00,0,14,2,532.51,3.0,1460.5,10.0,2461.61,30.0,True
acct_859,cust_1275,cash,acct_main_cust_1275,ACCOUNT_EVENT,branch,88.77,BND,88.77,BN,BN,,False,2025-03-08 19:00:00,0,19,5,35.05000000000011,3.0,358.81,10.0,2926.54,30.0,True
acct_824,cust_1278,cash,acct_main_cust_1278,ACCOUNT_EVENT,branch,210.05,BND,210.05,BN,BN,,False,2025-03-07 08:00:00,0,8,4,247.08000000000024,3.0,1793.17,10.0,4718.280000000001,30.0,True
acct_927,cust_1280,cash,acct_main_cust_1280,ACCOUNT_EVENT,branch,133.46,BND,133.46,BN,BN,,False,2025-03-11 15:00:00,0,15,1,412.99,3.0,1191.1,10.0,1905.83,30.0,True
acct_1032,cust_1285,bank,acct_main_cust_1285,ACCOUNT_EVENT,online,51.77,BND,51.77,BN,BN,,False,2025-03-16 00:00:00,0,0,6,19.07,3.0,254.12,10.0,1583.2900000000002,30.0,True
acct_971,cust_1286,bank,acct_main_cust_1286,ACCOUNT_EVENT,online,520.95,BND,520.95,BN,BN,,False,2025-03-13 11:00:00,0,11,3,63.85,3.0,394.28000000000014,10.0,1883.85,30.0,False
acct_748,cust_1287,bank,acct_main_cust_1287,ACCOUNT_EVENT,online,34.53,BND,34.53,BN,BN,,False,2025-03-04 04:00:00,0,4,1,15.3,3.0,691.3299999999996,10.0,3940.24,30.0,True
acct_968,cust_1295,cash,acct_main_cust_1295,ACCOUNT_EVENT,branch,38.51,BND,38.51,BN,BN,,False,2025-03-13 08:00:00,0,8,3,27.749999999999943,3.0,981.06,10.0,2098.3100000000004,30.0,True
acct_1122,cust_1295,bank,acct_main_cust_1295,ACCOUNT_EVENT,online,122.45,BND,122.45,BN,BN,,False,2025-03-19 18:00:00,0,18,2,64.26999999999994,3.0,875.5699999999999,10.0,2121.82,30.0,True
acct_909,cust_1296,bank,acct_main_cust_1296,ACCOUNT_EVENT,online,255.02,BND,255.02,BN,BN,,False,2025-03-10 21:00:00,0,21,0,79.48,3.0,1828.45,10.0,21116.12,30.0,True
acct_1259,cust_1298,bank,acct_main_cust_1298,ACCOUNT_EVENT,online,111.51,BND,111.51,BN,BN,,False,2025-03-25 11:00:00,0,11,1,100.21,3.0,437.88,10.0,1943.96,30.0,True
acct_756,cust_1299,cash,acct_main_cust_1299,ACCOUNT_EVENT,branch,150.11,BND,150.11,BN,BN,,False,2025-03-04 12:00:00,0,12,1,4.66,3.0,451.82,10.0,2683.7,30.0,True
acct_1222,cust_1299,cash,acct_main_cust_1299,ACCOUNT_EVENT,branch,137.37,BND,137.37,BN,BN,,False,2025-03-23 22:00:00,0,22,6,152.92000000000002,3.0,578.94,10.0,2819.12,30.0,False
acct_772,cust_1302,bank,acct_main_cust_1302,ACCOUNT_EVENT,online,208.16,BND,208.16,BN,BN,,False,2025-03-05 04:00:00,0,4,2,811.73,3.0,1067.6799999999998,10.0,4275.48,30.0,True
acct_848,cust_1303,cash,acct_main_cust_1303,ACCOUNT_EVENT,branch,197.43,BND,197.43,BN,BN,,False,2025-03-08 08:00:00,0,8,5,11.660000000000114,3.0,645.8799999999999,10.0,2728.13,30.0,True
acct_1099,cust_1309,cash,acct_main_cust_1309,ACCOUNT_EVENT,branch,73.69,BND,73.69,BN,BN,,False,2025-03-18 19:00:00,0,19,1,78.98,3.0,894.2900000000001,10.0,3826.21,30.0,True
acct_915,cust_1311,bank,acct_main_cust_1311,ACCOUNT_EVENT,online,129.02,BND,129.02,BN,BN,,False,2025-03-11 03:00:00,0,3,1,81.93,3.0,975.44,10.0,1926.98,30.0,True
acct_973,cust_132,bank,acct_main_cust_132,ACCOUNT_EVENT,online,614.81,BND,614.81,BN,BN,,False,2025-03-13 13:00:00,1,13,3,620.2200000000001,3.0,912.52,10.0,3141.49,30.0,True
acct_1057,cust_1323,cash,acct_main_cust_1323,ACCOUNT_EVENT,branch,91.35,BND,91.35,BN,BN,,False,2025-03-17 01:00:00,0,1,0,430.42,3.0,703.5699999999999,10.0,2294.17,30.0,False
acct_1224,cust_1327,cash,acct_main_cust_1327,ACCOUNT_EVENT,branch,23.96,BND,23.96,BN,BN,,False,2025-03-24 00:00:00,0,0,0,11.69,3.0,1400.65,10.0,1968.72,30.0,True
acct_775,cust_1328,cash,acct_main_cust_1328,ACCOUNT_EVENT,branch,148.35,BND,148.35,BN,BN,,False,2025-03-05 07:00:00,0,7,2,68.50000000000003,3.0,115.83,10.0,1066.14,30.0,True
acct_1230,cust_1328,cash,acct_main_cust_1328,ACCOUNT_EVENT,branch,7.47,BND,7.47,BN,BN,,False,2025-03-24 06:00:00,0,6,0,215.71000000000004,3.0,263.29,10.0,1213.03,30.0,False
acct_1170,cust_133,cash,acct_main_cust_133,ACCOUNT_EVENT,branch,131.57,BND,131.57,BN,BN,,False,2025-03-21 18:00:00,0,18,4,98.28,3.0,338.5099999999999,10.0,2349.87,30.0,True
acct_793,cust_1331,cash,acct_main_cust_1331,ACCOUNT_EVENT,branch,141.1,BND,141.1,BN,BN,,False,2025-03-06 01:00:00,0,1,3,320.06,3.0,751.4000000000001,10.0,4816.39,30.0,True
acct_962,cust_1331,bank,acct_main_cust_1331,ACCOUNT_EVENT,online,93.05,BND,93.05,BN,BN,,False,2025-03-13 02:00:00,0,2,3,451.1,3.0,607.89,10.0,4957.490000000001,30.0,True
acct_1198,cust_1331,cash,acct_main_cust_1331,ACCOUNT_EVENT,branch,122.79,BND,122.79,BN,BN,,False,2025-03-22 22:00:00,0,22,5,244.15,3.0,686.99,10.0,5049.800000000001,30.0,False
acct_723,cust_1335,cash,acct_main_cust_1335,ACCOUNT_EVENT,branch,93.07,BND,93.07,BN,BN,,False,2025-03-03 03:00:00,0,3,0,31.819999999999773,3.0,2189.3399999999992,10.0,4498.31,30.0,True
acct_916,cust_1335,cash,acct_main_cust_1335,ACCOUNT_EVENT,branch,166.1,BND,166.1,BN,BN,,False,2025-03-11 04:00:00,0,4,1,121.05999999999976,3.0,2022.4099999999996,10.0,4480.22,30.0,False
acct_897,cust_1343,cash,acct_main_cust_1343,ACCOUNT_EVENT,branch,132.05,BND,132.05,BN,BN,,False,2025-03-10 09:00:00,0,9,0,125.99,3.0,310.09000000000003,10.0,763.61,30.0,True
acct_1124,cust_1344,cash,acct_main_cust_1344,ACCOUNT_EVENT,branch,66.84,BND,66.84,BN,BN,,False,2025-03-19 20:00:00,0,20,2,587.87,3.0,907.34,10.0,3937.35,30.0,True
acct_1137,cust_1347,cash,acct_main_cust_1347,ACCOUNT_EVENT,branch,60.29,BND,60.29,BN,BN,,False,2025-03-20 09:00:00,0,9,3,420.74,3.0,538.3600000000005,10.0,1504.3,30.0,False
acct_1029,cust_1349,bank,acct_main_cust_1349,ACCOUNT_EVENT,online,97.59,BND,97.59,BN,BN,,False,2025-03-15 21:00:00,0,21,5,265.27,3.0,442.31,10.0,6602.999999999999,30.0,True
acct_1337,cust_135,bank,acct_main_cust_135,ACCOUNT_EVENT,online,220.76,BND,220.76,BN,BN,,False,2025-03-28 17:00:00,0,17,4,144.92000000000002,3.0,333.35,10.0,6568.429999999999,30.0,False
acct_1341,cust_135,cash,acct_main_cust_135,ACCOUNT_EVENT,branch,389.89,BND,389.89,BN,BN,,False,2025-03-28 21:00:00,0,21,4,259.68,3.0,464.13,10.0,6787.65,30.0,True
acct_921,cust_1352,bank,acct_main_cust_1352,ACCOUNT_EVENT,online,74.39,BND,74.39,BN,BN,,False,2025-03-11 09:00:00,0,9,1,422.64,3.0,1622.59,10.0,2513.31,30.0,True
acct_1108,cust_1352,bank,acct_main_cust_1352,ACCOUNT_EVENT,online,58.96,BND,58.96,BN,BN,,False,2025-03-19 04:00:00,0,4,2,220.79,3.0,1686.53,10.0,2578.83,30.0,False
acct_834,cust_1355,cash,acct_main_cust_1355,ACCOUNT_EVENT,branch,111.4,BND,111.4,BN,BN,,False,2025-03-07 18:00:00,0,18,4,90.88,3.0,797.9000000000001,10.0,2941.6,30.0,True
acct_846,cust_1356,cash,acct_main_cust_1356,ACCOUNT_EVENT,branch,86.7,BND,86.7,BN,BN,,False,2025-03-08 06:00:00,0,6,5,358.43,3.0,997.03,10.0,3254.61,30.0,True
acct_1275,cust_136,bank,acct_main_cust_136,ACCOUNT_EVENT,online,157.17,BND,157.17,BN,BN,,False,2025-03-26 03:00:00,0,3,2,242.99,3.0,351.12,10.0,1746.4799999999998,30.0,True
acct_906,cust_1364,cash,acct_main_cust_1364,ACCOUNT_EVENT,branch,31.76,BND,31.76,BN,BN,,False,2025-03-10 18:00:00,0,18,0,209.58999999999995,3.0,493.73,10.0,1966.05,30.0,True
acct_816,cust_1367,bank,acct_main_cust_1367,ACCOUNT_EVENT,online,11.27,BND,11.27,BN,BN,,False,2025-03-07 00:00:00,0,0,4,22.78,3.0,1289.73,10.0,3466.1,30.0,True
acct_1253,cust_1368,cash,acct_main_cust_1368,ACCOUNT_EVENT,branch,83.03,BND,83.03,BN,BN,,False,2025-03-25 05:00:00,0,5,1,874.28,3.0,1295.23,10.0,2205.57,30.0,True
acct_1191,cust_1378,bank,acct_main_cust_1378,ACCOUNT_EVENT,online,314.05,BND,314.05,BN,BN,,False,2025-03-22 15:00:00,0,15,5,45.04,3.0,303.29,10.0,1456.78,30.0,True
acct_1006,cust_138,cash,acct_main_cust_138,ACCOUNT_EVENT,branch,121.36,BND,121.36,BN,BN,,False,2025-03-14 22:00:00,0,22,4,176.29999999999998,3.0,709.16,10.0,2015.89,30.0,False
acct_1098,cust_1380,cash,acct_main_cust_1380,ACCOUNT_EVENT,branch,86.0,BND,86.0,BN,BN,,False,2025-03-18 18:00:00,0,18,1,109.23,3.0,573.7900000000001,10.0,3042.34,30.0,True
acct_1276,cust_1384,cash,acct_main_cust_1384,ACCOUNT_EVENT,branch,33.59,BND,33.59,BN,BN,,False,2025-03-26 04:00:00,0,4,2,97.43,3.0,407.92,10.0,1553.08,30.0,False
acct_1141,cust_1385,bank,acct_main_cust_1385,ACCOUNT_EVENT,online,75.9,BND,75.9,BN,BN,,False,2025-03-20 13:00:00,0,13,3,135.84,3.0,292.48,10.0,908.55,30.0,True
acct_821,cust_1390,cash,acct_main_cust_1390,ACCOUNT_EVENT,branch,50.18,BND,50.18,BN,BN,,False,2025-03-07 05:00:00,0,5,4,163.61000000000004,3.0,452.91,10.0,2229.6400000000003,30.0,True
acct_1266,cust_1392,bank,acct_main_cust_1392,ACCOUNT_EVENT,online,191.69,BND,191.69,BN,BN,,False,2025-03-25 18:00:00,0,18,1,33.58999999999994,3.0,407.73,10.0,2158.1,30.0,True
acct_1035,cust_1393,bank,acct_main_cust_1393,ACCOUNT_EVENT,online,235.28,BND,235.28,BN,BN,,False,2025-03-16 03:00:00,0,3,6,100.87999999999997,3.0,718.9599999999999,10.0,1898.08,30.0,True
acct_722,cust_1397,bank,acct_main_cust_1397,ACCOUNT_EVENT,online,220.95,BND,220.95,BN,BN,,False,2025-03-03 02:00:00,0,2,0,64.67,3.0,637.6299999999999,10.0,4126.06,30.0,True
acct_697,cust_1399,bank,acct_main_cust_1399,ACCOUNT_EVENT,online,162.73,BND,162.73,BN,BN,,False,2025-03-02 01:00:00,0,1,6,170.94000000000014,3.0,321.19,10.0,1299.74,30.0,True
acct_998,cust_1403,cash,acct_main_cust_1403,ACCOUNT_EVENT,branch,68.85,BND,68.85,BN,BN,,False,2025-03-14 14:00:00,0,14,4,95.74,3.0,359.03000000000003,10.0,3069.56,30.0,True
acct_1010,cust_1405,bank,acct_main_cust_1405,ACCOUNT_EVENT,online,83.46,BND,83.46,BN,BN,,False,2025-03-15 02:00:00,0,2,5,776.31,3.0,1068.4999999999998,10.0,3323.61,30.0,False
acct_983,cust_1407,bank,acct_main_cust_1407,ACCOUNT_EVENT,online,99.85,BND,99.85,BN,BN,,False,2025-03-13 23:00:00,0,23,3,89.28000000000006,3.0,456.21,10.0,1553.32,30.0,True
acct_864,cust_1408,bank,acct_main_cust_1408,ACCOUNT_EVENT,online,118.93,BND,118.93,BN,BN,,False,2025-03-09 00:00:00,0,0,6,16.65,3.0,1163.96,10.0,2871.15,30.0,True
acct_1179,cust_141,bank,acct_main_cust_141,ACCOUNT_EVENT,online,149.27,BND,149.27,BN,BN,,False,2025-03-22 03:00:00,0,3,5,16.45000000000006,3.0,730.21,10.0,2045.33,30.0,True
acct_1123,cust_1413,cash,acct_main_cust_1413,ACCOUNT_EVENT,branch,28.77,BND,28.77,BN,BN,,False,2025-03-19 19:00:00,0,19,2,162.14,3.0,341.28,10.0,2035.07,30.0,True
acct_1225,cust_1413,bank,acct_main_cust_1413,ACCOUNT_EVENT,online,207.17,BND,207.17,BN,BN,,False,2025-03-24 01:00:00,0,1,0,186.91000000000005,3.0,370.04,10.0,2063.09,30.0,False
acct_1301,cust_1414,bank,acct_main_cust_1414,ACCOUNT_EVENT,online,67.68,BND,67.68,BN,BN,,False,2025-03-27 05:00:00,0,5,3,194.61,3.0,533.1099999999999,10.0,2813.94,30.0,True
acct_882,cust_1418,cash,acct_main_cust_1418,ACCOUNT_EVENT,branch,80.38,BND,80.38,BN,BN,,False,2025-03-09 18:00:00,0,18,6,164.88000000000002,3.0,434.08,10.0,3223.5,30.0,True
acct_1047,cust_1418,cash,acct_main_cust_1418,ACCOUNT_EVENT,branch,100.78,BND,100.78,BN,BN,,False,2025-03-16 15:00:00,0,15,6,216.26,3.0,513.5699999999999,10.0,3263.98,30.0,False
acct_809,cust_1419,bank,acct_main_cust_1419,ACCOUNT_EVENT,online,158.04,BND,158.04,BN,BN,,False,2025-03-06 17:00:00,0,17,3,15.249999999999986,3.0,568.14,10.0,3345.6,30.0,True
acct_996,cust_1423,cash,acct_main_cust_1423,ACCOUNT_EVENT,branch,53.75,BND,53.75,BN,BN,,False,2025-03-14 12:00:00,0,12,4,13.689999999999994,3.0,648.8399999999998,10.0,1395.56,30.0,True
acct_1067,cust_1424,bank,acct_main_cust_1424,ACCOUNT_EVENT,online,188.91,BND,188.91,BN,BN,,False,2025-03-17 11:00:00,0,11,0,121.81,3.0,1056.32,10.0,2848.4100000000003,30.0,True
acct_873,cust_1425,bank,acct_main_cust_1425,ACCOUNT_EVENT,online,159.38,BND,159.38,BN,BN,,False,2025-03-09 09:00:00,0,9,6,441.22,3.0,577.86,10.0,2152.78,30.0,True
acct_1154,cust_1427,cash,acct_main_cust_1427,ACCOUNT_EVENT,branch,120.42,BND,120.42,BN,BN,,False,2025-03-21 02:00:00,0,2,4,201.6500000000001,3.0,817.4900000000001,10.0,2005.94,30.0,True
acct_717,cust_1429,bank,acct_main_cust_1429,ACCOUNT_EVENT,online,142.88,BND,142.88,BN,BN,,False,2025-03-02 21:00:00,0,21,6,170.17,3.0,663.04,10.0,1468.91,30.0,True
acct_1054,cust_1430,bank,acct_main_cust_1430,ACCOUNT_EVENT,online,186.9,BND,186.9,BN,BN,,False,2025-03-16 22:00:00,0,22,6,210.18,3.0,751.6199999999999,10.0,3854.59,30.0,True
acct_758,cust_1437,bank,acct_main_cust_1437,ACCOUNT_EVENT,online,200.75,BND,200.75,BN,BN,,False,2025-03-04 14:00:00,0,14,1,79.83,3.0,1596.66,10.0,3536.68,30.0,True
acct_1280,cust_1438,cash,acct_main_cust_1438,ACCOUNT_EVENT,branch,109.92,BND,109.92,BN,BN,,False,2025-03-26 08:00:00,0,8,2,384.48,3.0,2049.05,10.0,2474.55,30.0,True
acct_769,cust_1440,cash,acct_main_cust_1440,ACCOUNT_EVENT,branch,29.56,BND,29.56,BN,BN,,False,2025-03-05 01:00:00,0,1,2,229.95,3.0,819.24,10.0,2594.96,30.0,True
acct_910,cust_1442,bank,acct_main_cust_1442,ACCOUNT_EVENT,online,80.64,BND,80.64,BN,BN,,False,2025-03-10 22:00:00,0,22,0,439.97,3.0,902.63,10.0,4239.279999999999,30.0,True
acct_672,cust_1445,bank,acct_main_cust_1445,ACCOUNT_EVENT,online,222.44,BND,222.44,BN,BN,,False,2025-03-01 00:00:00,0,0,5,151.3,3.0,1460.85,10.0,3154.4100000000003,30.0,True
acct_938,cust_1451,bank,acct_main_cust_1451,ACCOUNT_EVENT,online,51.68,BND,51.68,BN,BN,,False,2025-03-12 02:00:00,0,2,2,33.739999999999945,3.0,167.11,10.0,1596.39,30.0,True
acct_1376,cust_1461,cash,acct_main_cust_1461,ACCOUNT_EVENT,branch,46.66,BND,46.66,BN,BN,,False,2025-03-30 08:00:00,0,8,6,205.0699999999999,3.0,897.97,10.0,2315.2,30.0,False
acct_1165,cust_1469,cash,acct_main_cust_1469,ACCOUNT_EVENT,branch,78.53,BND,78.53,BN,BN,,False,2025-03-21 13:00:00,0,13,4,24.5,3.0,592.08,10.0,2925.2700000000004,30.0,False
acct_734,cust_1486,cash,acct_main_cust_1486,ACCOUNT_EVENT,branch,158.88,BND,158.88,BN,BN,,False,2025-03-03 14:00:00,0,14,0,175.21,3.0,254.22000000000003,10.0,1440.75,30.0,True
acct_1305,cust_1487,cash,acct_main_cust_1487,ACCOUNT_EVENT,branch,136.92,BND,136.92,BN,BN,,False,2025-03-27 09:00:00,0,9,3,1028.55,3.0,1458.4599999999998,10.0,2296.34,30.0,True
acct_1353,cust_1492,cash,acct_main_cust_1492,ACCOUNT_EVENT,branch,93.05,BND,93.05,BN,BN,,False,2025-03-29 09:00:00,0,9,5,319.51,3.0,575.31,10.0,3545.15,30.0,True
acct_959,cust_1493,cash,acct_main_cust_1493,ACCOUNT_EVENT,branch,65.96,BND,65.96,BN,BN,,False,2025-03-12 23:00:00,0,23,2,286.66,3.0,619.29,10.0,2174.88,30.0,False
acct_1076,cust_1493,bank,acct_main_cust_1493,ACCOUNT_EVENT,online,224.8,BND,224.8,BN,BN,,False,2025-03-17 20:00:00,0,20,0,351.62,3.0,645.26,10.0,2212.5800000000004,30.0,True
acct_1048,cust_1494,bank,acct_main_cust_1494,ACCOUNT_EVENT,online,71.6,BND,71.6,BN,BN,,False,2025-03-16 16:00:00,0,16,6,77.55,3.0,1353.5,10.0,3403.33,30.0,True
acct_1357,cust_1497,cash,acct_main_cust_1497,ACCOUNT_EVENT,branch,28.2,BND,28.2,BN,BN,,False,2025-03-29 13:00:00,0,13,5,12.689999999999984,3.0,118.04,10.0,762.31,30.0,True
acct_1372,cust_1505,cash,acct_main_cust_1505,ACCOUNT_EVENT,branch,34.1,BND,34.1,BN,BN,,False,2025-03-30 04:00:00,0,4,6,233.10999999999976,3.0,1008.0299999999996,10.0,3586.7,30.0,True
acct_1065,cust_1507,bank,acct_main_cust_1507,ACCOUNT_EVENT,online,28.57,BND,28.57,BN,BN,,False,2025-03-17 09:00:00,0,9,0,203.16000000000005,3.0,748.58,10.0,3922.55,30.0,True
acct_719,cust_1513,bank,acct_main_cust_1513,ACCOUNT_EVENT,online,57.72,BND,57.72,BN,BN,,False,2025-03-02 23:00:00,0,23,6,192.48,3.0,377.76,10.0,1078.64,30.0,True
acct_1144,cust_1516,bank,acct_main_cust_1516,ACCOUNT_EVENT,online,109.49,BND,109.49,BN,BN,,False,2025-03-20 16:00:00,0,16,3,731.72,3.0,1203.02,10.0,2461.69,30.0,True
acct_1037,cust_152,cash,acct_main_cust_152,ACCOUNT_EVENT,branch,56.77,BND,56.77,BN,BN,,False,2025-03-16 05:00:00,0,5,6,104.81,3.0,390.28,10.0,1767.66,30.0,True
acct_762,cust_1522,bank,acct_main_cust_1522,ACCOUNT_EVENT,online,123.57,BND,123.57,BN,BN,,False,2025-03-04 18:00:00,0,18,1,140.59999999999988,3.0,237.76,10.0,4189.58,30.0,True
acct_740,cust_1525,bank,acct_main_cust_1525,ACCOUNT_EVENT,online,91.21,BND,91.21,BN,BN,,False,2025-03-03 20:00:00,0,20,0,210.41,3.0,534.91,10.0,3036.24,30.0,True
acct_1324,cust_1526,bank,acct_main_cust_1526,ACCOUNT_EVENT,online,165.09,BND,165.09,BN,BN,,False,2025-03-28 04:00:00,0,4,4,20.33,3.0,307.28,10.0,1438.29,30.0,True
acct_1363,cust_1526,bank,acct_main_cust_1526,ACCOUNT_EVENT,online,68.18,BND,68.18,BN,BN,,False,2025-03-29 19:00:00,1,19,5,183.44,3.0,410.89,10.0,1602.09,30.0,False
acct_878,cust_153,bank,acct_main_cust_153,ACCOUNT_EVENT,online,91.73,BND,91.73,BN,BN,,False,2025-03-09 14:00:00,0,14,6,87.03,3.0,2423.05,10.0,3894.55,30.0,True
acct_736,cust_1531,cash,acct_main_cust_1531,ACCOUNT_EVENT,branch,25.85,BND,25.85,BN,BN,,False,2025-03-03 16:00:00,0,16,0,36.13,3.0,302.08,10.0,1012.29,30.0,True
acct_1290,cust_1532,bank,acct_main_cust_1532,ACCOUNT_EVENT,online,108.38,BND,108.38,BN,BN,,False,2025-03-26 18:00:00,0,18,2,183.45,3.0,756.34,10.0,1520.43,30.0,True
acct_683,cust_1533,bank,acct_main_cust_1533,ACCOUNT_EVENT,online,28.08,BND,28.08,BN,BN,,False,2025-03-01 11:00:00,0,11,5,11.53,3.0,465.4199999999998,10.0,4122.52,30.0,True
acct_842,cust_1533,bank,acct_main_cust_1533,ACCOUNT_EVENT,online,75.39,BND,75.39,BN,BN,,False,2025-03-08 02:00:00,0,2,5,37.83,3.0,443.4999999999998,10.0,4131.599999999999,30.0,False
acct_979,cust_1534,bank,acct_main_cust_1534,ACCOUNT_EVENT,online,307.19,BND,307.19,BN,BN,,False,2025-03-13 19:00:00,0,19,3,199.66,3.0,598.8199999999999,10.0,2341.74,30.0,False
acct_835,cust_1539,bank,acct_main_cust_1539,ACCOUNT_EVENT,online,119.93,BND,119.93,BN,BN,,False,2025-03-07 19:00:00,0,19,4,172.45999999999998,3.0,1451.81,10.0,3130.03,30.0,False
acct_1145,cust_1539,bank,acct_main_cust_1539,ACCOUNT_EVENT,online,16.73,BND,16.73,BN,BN,,False,2025-03-20 17:00:00,0,17,3,255.39,3.0,1496.75,10.0,3174.65,30.0,False
acct_1250,cust_1541,cash,acct_main_cust_1541,ACCOUNT_EVENT,branch,160.65,BND,160.65,BN,BN,,False,2025-03-25 02:00:00,0,2,1,131.06,3.0,1374.32,10.0,2508.97,30.0,True
acct_937,cust_1543,cash,acct_main_cust_1543,ACCOUNT_EVENT,branch,151.64,BND,151.64,BN,BN,,False,2025-03-12 01:00:00,0,1,2,137.43999999999977,3.0,320.1199999999998,10.0,3384.2100000000005,30.0,True
acct_1149,cust_1543,cash,acct_main_cust_1543,ACCOUNT_EVENT,branch,288.31,BND,288.31,BN,BN,,False,2025-03-20 21:00:00,0,21,3,269.07999999999976,3.0,428.6199999999998,10.0,3530.8500000000004,30.0,False
acct_1304,cust_1547,bank,acct_main_cust_1547,ACCOUNT_EVENT,online,32.02,BND,32.02,BN,BN,,False,2025-03-27 08:00:00,0,8,3,43.98,3.0,961.01,10.0,2621.4999999999995,30.0,True
acct_1277,cust_1549,cash,acct_main_cust_1549,ACCOUNT_EVENT,branch,255.06,BND,255.06,BN,BN,,False,2025-03-26 05:00:00,0,5,2,660.67,3.0,1092.36,10.0,2399.32,30.0,False
acct_814,cust_1550,bank,acct_main_cust_1550,ACCOUNT_EVENT,online,85.94,BND,85.94,BN,BN,,False,2025-03-06 22:00:00,0,22,3,438.37,3.0,696.4,10.0,1713.6,30.0,True
acct_1315,cust_1550,bank,acct_main_cust_1550,ACCOUNT_EVENT,online,189.57,BND,189.57,BN,BN,,False,2025-03-27 19:00:00,0,19,3,503.75,3.0,717.01,10.0,1798.7700000000002,30.0,False
acct_1132,cust_1553,cash,acct_main_cust_1553,ACCOUNT_EVENT,branch,74.66,BND,74.66,BN,BN,,False,2025-03-20 04:00:00,0,4,3,130.24,3.0,462.13,10.0,2399.2,30.0,False
acct_1268,cust_1553,cash,acct_main_cust_1553,ACCOUNT_EVENT,branch,119.42,BND,119.42,BN,BN,,False,2025-03-25 20:00:00,0,20,1,201.11,3.0,510.79,10.0,2472.86,30.0,False
acct_1244,cust_1554,cash,acct_main_cust_1554,ACCOUNT_EVENT,branch,86.34,BND,86.34,BN,BN,,False,2025-03-24 20:00:00,0,20,0,11.62,3.0,1431.3299999999997,10.0,2605.31,30.0,True
acct_924,cust_1555,bank,acct_main_cust_1555,ACCOUNT_EVENT,online,192.77,BND,192.77,BN,BN,,False,2025-03-11 12:00:00,0,12,1,27.660000000000117,3.0,909.16,10.0,1457.3200000000002,30.0,True
acct_764,cust_1557,bank,acct_main_cust_1557,ACCOUNT_EVENT,online,26.94,BND,26.94,BN,BN,,False,2025-03-04 20:00:00,0,20,1,55.79000000000024,3.0,268.0400000000002,10.0,4362.23,30.0,False
acct_1340,cust_1558,bank,acct_main_cust_1558,ACCOUNT_EVENT,online,153.4,BND,153.4,BN,BN,,False,2025-03-28 20:00:00,0,20,4,20.11,3.0,205.82,10.0,2185.46,30.0,True
acct_1300,cust_156,bank,acct_main_cust_156,ACCOUNT_EVENT,online,136.53,BND,136.53,BN,BN,,False,2025-03-27 04:00:00,0,4,3,437.71,3.0,914.99,10.0,2067.88,30.0,True
acct_1216,cust_1561,bank,acct_main_cust_1561,ACCOUNT_EVENT,online,372.9,BND,372.9,BN,BN,,False,2025-03-23 16:00:00,0,16,6,504.98,3.0,789.3000000000001,10.0,1668.47,30.0,True
acct_749,cust_1562,cash,acct_main_cust_1562,ACCOUNT_EVENT,branch,70.57,BND,70.57,BN,BN,,False,2025-03-04 05:00:00,0,5,1,474.74,3.0,1909.43,10.0,3061.93,30.0,True
acct_1249,cust_1568,bank,acct_main_cust_1568,ACCOUNT_EVENT,online,75.79,BND,75.79,BN,BN,,False,2025-03-25 01:00:00,0,1,1,8.5,3.0,418.3599999999999,10.0,1610.34,30.0,True
acct_695,cust_1570,cash,acct_main_cust_1570,ACCOUNT_EVENT,branch,154.99,BND,154.99,BN,BN,,False,2025-03-01 23:00:00,0,23,5,162.32999999999998,3.0,954.51,10.0,2302.79,30.0,True
acct_712,cust_1570,cash,acct_main_cust_1570,ACCOUNT_EVENT,branch,156.11,BND,156.11,BN,BN,,False,2025-03-02 16:00:00,1,16,6,243.32,3.0,1029.96,10.0,2273.48,30.0,False
acct_1009,cust_1571,cash,acct_main_cust_1571,ACCOUNT_EVENT,branch,87.11,BND,87.11,BN,BN,,False,2025-03-15 01:00:00,0,1,5,49.85999999999994,3.0,496.83,10.0,1617.73,30.0,True
acct_960,cust_158,bank,acct_main_cust_158,ACCOUNT_EVENT,online,74.99,BND,74.99,BN,BN,,False,2025-03-13 00:00:00,0,0,3,108.70000000000002,3.0,559.9,10.0,1600.19,30.0,True
acct_818,cust_1580,cash,acct_main_cust_1580,ACCOUNT_EVENT,branch,101.77,BND,101.77,BN,BN,,False,2025-03-07 02:00:00,0,2,4,83.68999999999997,3.0,488.2,10.0,1466.25,30.0,True
acct_675,cust_1582,cash,acct_main_cust_1582,ACCOUNT_EVENT,branch,193.45,BND,193.45,BN,BN,,False,2025-03-01 03:00:00,0,3,5,89.36000000000011,3.0,243.78,10.0,2190.2200000000003,30.0,True
acct_1200,cust_1583,cash,acct_main_cust_1583,ACCOUNT_EVENT,branch,126.99,BND,126.99,BN,BN,,False,2025-03-23 00:00:00,0,0,6,84.31,3.0,942.53,10.0,3236.74,30.0,True
acct_774,cust_1588,bank,acct_main_cust_1588,ACCOUNT_EVENT,online,81.2,BND,81.2,BN,BN,,False,2025-03-05 06:00:00,0,6,2,171.9,3.0,846.4300000000002,10.0,3032.43,30.0,True
acct_1322,cust_159,bank,acct_main_cust_159,ACCOUNT_EVENT,online,24.79,BND,24.79,BN,BN,,False,2025-03-28 02:00:00,0,2,4,19.99000000000012,3.0,240.19,10.0,1345.56,30.0,True
acct_955,cust_1590,bank,acct_main_cust_1590,ACCOUNT_EVENT,online,111.99,BND,111.99,BN,BN,,False,2025-03-12 19:00:00,0,19,2,227.56,3.0,337.52,10.0,2419.83,30.0,False
acct_1066,cust_1596,cash,acct_main_cust_1596,ACCOUNT_EVENT,branch,66.4,BND,66.4,BN,BN,,False,2025-03-17 10:00:00,0,10,0,98.37,3.0,279.1,10.0,950.11,30.0,True
acct_913,cust_1600,bank,acct_main_cust_1600,ACCOUNT_EVENT,online,116.54,BND,116.54,BN,BN,,False,2025-03-11 01:00:00,0,1,1,160.7,3.0,362.58,10.0,1101.09,30.0,True
acct_1336,cust_1605,cash,acct_main_cust_1605,ACCOUNT_EVENT,branch,62.15,BND,62.15,BN,BN,,False,2025-03-28 16:00:00,0,16,4,482.33,3.0,1289.59,10.0,2315.08,30.0,True
acct_746,cust_1612,bank,acct_main_cust_1612,ACCOUNT_EVENT,online,326.47,BND,326.47,BN,BN,,False,2025-03-04 02:00:00,0,2,1,232.23,3.0,532.17,10.0,2620.05,30.0,True
acct_1187,cust_1620,cash,acct_main_cust_1620,ACCOUNT_EVENT,branch,205.81,BND,205.81,BN,BN,,False,2025-03-22 11:00:00,0,11,5,120.38,3.0,3013.72,10.0,3560.02,30.0,True
acct_1210,cust_1623,cash,acct_main_cust_1623,ACCOUNT_EVENT,branch,160.59,BND,160.59,BN,BN,,False,2025-03-23 10:00:00,0,10,6,350.46000000000004,3.0,973.24,10.0,2306.36,30.0,True
acct_1231,cust_1630,cash,acct_main_cust_1630,ACCOUNT_EVENT,branch,20.93,BND,20.93,BN,BN,,False,2025-03-24 07:00:00,0,7,0,97.22,3.0,2072.74,10.0,3775.86,30.0,True
acct_715,cust_1633,bank,acct_main_cust_1633,ACCOUNT_EVENT,online,50.64,BND,50.64,BN,BN,,False,2025-03-02 19:00:00,0,19,6,331.69999999999976,3.0,629.1600000000001,10.0,2584.4999999999995,30.0,True
acct_1161,cust_1638,bank,acct_main_cust_1638,ACCOUNT_EVENT,online,275.87,BND,275.87,BN,BN,,False,2025-03-21 09:00:00,0,9,4,70.78,3.0,224.5,10.0,8573.41,30.0,True
acct_1339,cust_1640,bank,acct_main_cust_1640,ACCOUNT_EVENT,online,121.73,BND,121.73,BN,BN,,False,2025-03-28 19:00:00,0,19,4,399.72,3.0,1148.7,10.0,2596.09,30.0,True
acct_797,cust_1641,cash,acct_main_cust_1641,ACCOUNT_EVENT,branch,93.26,BND,93.26,BN,BN,,False,2025-03-06 05:00:00,0,5,3,53.79,3.0,892.9899999999998,10.0,2217.39,30.0,True
acct_1112,cust_1642,bank,acct_main_cust_1642,ACCOUNT_EVENT,online,204.45,BND,204.45,BN,BN,,False,2025-03-19 08:00:00,0,8,2,426.0,3.0,2656.48,10.0,3373.0600000000004,30.0,True
acct_1130,cust_1644,bank,acct_main_cust_1644,ACCOUNT_EVENT,online,80.26,BND,80.26,BN,BN,,False,2025-03-20 02:00:00,0,2,3,58.89000000000006,3.0,501.75,10.0,2163.45,30.0,False
acct_892,cust_1646,cash,acct_main_cust_1646,ACCOUNT_EVENT,branch,117.28,BND,117.28,BN,BN,,False,2025-03-10 04:00:00,1,4,0,139.4,3.0,504.99,10.0,1243.6,30.0,False
acct_1371,cust_1648,cash,acct_main_cust_1648,ACCOUNT_EVENT,branch,136.95,BND,136.95,BN,BN,,False,2025-03-30 03:00:00,0,3,6,33.34,3.0,1097.4199999999998,10.0,2116.4,30.0,True
acct_1247,cust_1649,cash,acct_main_cust_1649,ACCOUNT_EVENT,branch,35.76,BND,35.76,BN,BN,,False,2025-03-24 23:00:00,0,23,0,98.84,3.0,136.77999999999994,10.0,3887.19,30.0,False
acct_1058,cust_1657,cash,acct_main_cust_1657,ACCOUNT_EVENT,branch,51.22,BND,51.22,BN,BN,,False,2025-03-17 02:00:00,0,2,0,71.38000000000001,3.0,199.82,10.0,1378.5300000000002,30.0,True
acct_1302,cust_1657,cash,acct_main_cust_1657,ACCOUNT_EVENT,branch,104.78,BND,104.78,BN,BN,,False,2025-03-27 06:00:00,0,6,3,92.71,3.0,221.99,10.0,1427.77,30.0,False
acct_942,cust_166,bank,acct_main_cust_166,ACCOUNT_EVENT,online,79.99,BND,79.99,BN,BN,,False,2025-03-12 06:00:00,0,6,2,359.6499999999999,3.0,1025.0,10.0,2410.58,30.0,True
acct_684,cust_1662,bank,acct_main_cust_1662,ACCOUNT_EVENT,online,181.75,BND,181.75,BN,BN,,False,2025-03-01 12:00:00,0,12,5,201.1,3.0,354.04,10.0,4011.13,30.0,False
acct_1349,cust_1663,bank,acct_main_cust_1663,ACCOUNT_EVENT,online,34.19,BND,34.19,BN,BN,,False,2025-03-29 05:00:00,0,5,5,85.67999999999999,3.0,462.78,10.0,1172.81,30.0,True
acct_706,cust_1669,bank,acct_main_cust_1669,ACCOUNT_EVENT,online,75.17,BND,75.17,BN,BN,,False,2025-03-02 10:00:00,0,10,6,293.7499999999999,3.0,494.84,10.0,2081.38,30.0,False
acct_1168,cust_167,bank,acct_main_cust_167,ACCOUNT_EVENT,online,45.57,BND,45.57,BN,BN,,False,2025-03-21 16:00:00,0,16,4,113.7,3.0,633.92,10.0,1873.15,30.0,False
acct_1162,cust_1672,cash,acct_main_cust_1672,ACCOUNT_EVENT,branch,102.97,BND,102.97,BN,BN,,False,2025-03-21 10:00:00,0,10,4,480.1399999999999,3.0,708.0799999999999,10.0,2271.64,30.0,True
acct_1248,cust_1675,cash,acct_main_cust_1675,ACCOUNT_EVENT,branch,58.42,BND,58.42,BN,BN,,False,2025-03-25 00:00:00,0,0,1,19.099999999999994,3.0,152.26,10.0,3598.1,30.0,True
acct_1289,cust_1678,cash,acct_main_cust_1678,ACCOUNT_EVENT,branch,55.22,BND,55.22,BN,BN,,False,2025-03-26 17:00:00,0,17,2,322.6,3.0,470.03,10.0,4562.84,30.0,True
acct_678,cust_1686,bank,acct_main_cust_1686,ACCOUNT_EVENT,online,71.32,BND,71.32,BN,BN,,False,2025-03-01 06:00:00,0,6,5,66.08,3.0,398.92,10.0,1579.78,30.0,False
acct_713,cust_1688,bank,acct_main_cust_1688,ACCOUNT_EVENT,online,341.77,BND,341.77,BN,BN,,False,2025-03-02 17:00:00,0,17,6,46.54999999999988,3.0,837.7299999999999,10.0,1948.04,30.0,True
acct_676,cust_1690,bank,acct_main_cust_1690,ACCOUNT_EVENT,online,130.36,BND,130.36,BN,BN,,False,2025-03-01 04:00:00,0,4,5,37.319999999998174,3.0,611.09,10.0,9486.93,30.0,True
acct_869,cust_1692,bank,acct_main_cust_1692,ACCOUNT_EVENT,online,28.11,BND,28.11,BN,BN,,False,2025-03-09 05:00:00,0,5,6,288.07000000000005,3.0,335.5,10.0,1498.9,30.0,True
acct_802,cust_1697,cash,acct_main_cust_1697,ACCOUNT_EVENT,branch,83.08,BND,83.08,BN,BN,,False,2025-03-06 10:00:00,0,10,3,47.55999999999989,3.0,339.34,10.0,2648.77,30.0,True
acct_699,cust_1703,cash,acct_main_cust_1703,ACCOUNT_EVENT,branch,143.38,BND,143.38,BN,BN,,False,2025-03-02 03:00:00,0,3,6,361.13,3.0,522.23,10.0,1894.9,30.0,True
acct_928,cust_1706,bank,acct_main_cust_1706,ACCOUNT_EVENT,online,51.73,BND,51.73,BN,BN,,False,2025-03-11 16:00:00,0,16,1,105.47,3.0,239.89,10.0,1394.67,30.0,True
acct_1183,cust_1708,bank,acct_main_cust_1708,ACCOUNT_EVENT,online,69.82,BND,69.82,BN,BN,,False,2025-03-22 07:00:00,0,7,5,661.31,3.0,1340.7199999999998,10.0,2560.65,30.0,True
acct_895,cust_171,bank,acct_main_cust_171,ACCOUNT_EVENT,online,1158.33,BND,1158.33,BN,BN,,False,2025-03-10 07:00:00,0,7,0,197.48,3.0,315.92,10.0,7356.549999999999,30.0,True
acct_1106,cust_1711,cash,acct_main_cust_1711,ACCOUNT_EVENT,branch,96.98,BND,96.98,BN,BN,,False,2025-03-19 02:00:00,1,2,2,14.33,3.0,114.04,10.0,1535.1999999999998,30.0,True
acct_1313,cust_1713,cash,acct_main_cust_1713,ACCOUNT_EVENT,branch,99.88,BND,99.88,BN,BN,,False,2025-03-27 17:00:00,0,17,3,190.21,3.0,1050.07,10.0,1706.9,30.0,True
acct_1392,cust_1713,bank,acct_main_cust_1713,ACCOUNT_EVENT,online,32.03,BND,32.03,BN,BN,,False,2025-03-31 00:00:00,0,0,0,274.92,3.0,1131.96,10.0,1805.27,30.0,True
acct_1143,cust_1714,cash,acct_main_cust_1714,ACCOUNT_EVENT,branch,45.25,BND,45.25,BN,BN,,False,2025-03-20 15:00:00,0,15,3,252.38,3.0,460.66,10.0,6897.26,30.0,True
acct_1303,cust_1714,bank,acct_main_cust_1714,ACCOUNT_EVENT,online,170.59,BND,170.59,BN,BN,,False,2025-03-27 07:00:00,0,7,3,295.65000000000003,3.0,485.9,10.0,6824.24,30.0,True
acct_1146,cust_1716,bank,acct_main_cust_1716,ACCOUNT_EVENT,online,91.26,BND,91.26,BN,BN,,False,2025-03-20 18:00:00,0,18,3,14.59,3.0,542.4799999999999,10.0,1665.39,30.0,True
acct_1287,cust_1720,bank,acct_main_cust_1720,ACCOUNT_EVENT,online,119.84,BND,119.84,BN,BN,,False,2025-03-26 15:00:00,0,15,2,28.3,3.0,252.33,10.0,1382.68,30.0,True
acct_980,cust_1722,bank,acct_main_cust_1722,ACCOUNT_EVENT,online,74.64,BND,74.64,BN,BN,,False,2025-03-13 20:00:00,0,20,3,51.98,3.0,400.56000000000006,10.0,1946.31,30.0,True
acct_884,cust_1723,cash,acct_main_cust_1723,ACCOUNT_EVENT,branch,49.47,BND,49.47,BN,BN,,False,2025-03-09 20:00:00,1,20,6,59.57,3.0,245.24,10.0,2495.72,30.0,True
acct_911,cust_1723,cash,acct_main_cust_1723,ACCOUNT_EVENT,branch,29.66,BND,29.66,BN,BN,,False,2025-03-10 23:00:00,0,23,0,109.04,3.0,219.71,10.0,2503.31,30.0,False
acct_726,cust_1727,cash,acct_main_cust_1727,ACCOUNT_EVENT,branch,98.13,BND,98.13,BN,BN,,False,2025-03-03 06:00:00,0,6,0,119.29,3.0,637.05,10.0,1406.97,30.0,True
acct_1228,cust_1728,bank,acct_main_cust_1728,ACCOUNT_EVENT,online,65.58,BND,65.58,BN,BN,,False,2025-03-24 04:00:00,0,4,0,101.88,3.0,176.74,10.0,1695.9199999999998,30.0,True
acct_1109,cust_173,bank,acct_main_cust_173,ACCOUNT_EVENT,online,188.0,BND,188.0,BN,BN,,False,2025-03-19 05:00:00,0,5,2,249.43,3.0,589.1999999999999,10.0,3254.89,30.0,True
acct_840,cust_1733,bank,acct_main_cust_1733,ACCOUNT_EVENT,online,156.05,BND,156.05,BN,BN,,False,2025-03-08 00:00:00,0,0,5,284.11,3.0,688.95,10.0,2038.21,30.0,True
acct_812,cust_1735,cash,acct_main_cust_1735,ACCOUNT_EVENT,branch,221.77,BND,221.77,BN,BN,,False,2025-03-06 20:00:00,0,20,3,49.07000000000003,3.0,639.9800000000001,10.0,1715.97,30.0,True
acct_1100,cust_1735,bank,acct_main_cust_1735,ACCOUNT_EVENT,online,55.55,BND,55.55,BN,BN,,False,2025-03-18 20:00:00,0,20,1,269.33000000000004,3.0,607.0400000000001,10.0,1927.74,30.0,True
acct_687,cust_1741,cash,acct_main_cust_1741,ACCOUNT_EVENT,branch,152.74,BND,152.74,BN,BN,,False,2025-03-01 15:00:00,0,15,5,97.81,3.0,270.45,10.0,2278.1,30.0,True
acct_957,cust_1744,bank,acct_main_cust_1744,ACCOUNT_EVENT,online,65.38,BND,65.38,BN,BN,,False,2025-03-12 21:00:00,0,21,2,7.699999999999943,3.0,129.86,10.0,1828.47,30.0,True
acct_1235,cust_1744,bank,acct_main_cust_1744,ACCOUNT_EVENT,online,35.84,BND,35.84,BN,BN,,False,2025-03-24 11:00:00,0,11,0,72.15999999999994,3.0,194.24,10.0,1885.86,30.0,False
acct_791,cust_1746,cash,acct_main_cust_1746,ACCOUNT_EVENT,branch,232.13,BND,232.13,BN,BN,,False,2025-03-05 23:00:00,0,23,2,93.77,3.0,147.99,10.0,3589.09,30.0,True
acct_932,cust_175,cash,acct_main_cust_175,ACCOUNT_EVENT,branch,147.42,BND,147.42,BN,BN,,False,2025-03-11 20:00:00,0,20,1,24.12,3.0,327.34000000000003,10.0,3110.76,30.0,True
acct_1258,cust_175,bank,acct_main_cust_175,ACCOUNT_EVENT,online,57.3,BND,57.3,BN,BN,,False,2025-03-25 10:00:00,0,10,1,170.54,3.0,472.07,10.0,3240.18,30.0,False
acct_1167,cust_1750,bank,acct_main_cust_1750,ACCOUNT_EVENT,online,69.98,BND,69.98,BN,BN,,False,2025-03-21 15:00:00,0,15,4,31.14,3.0,511.77,10.0,1277.63,30.0,True
acct_958,cust_1751,bank,acct_main_cust_1751,ACCOUNT_EVENT,online,121.05,BND,121.05,BN,BN,,False,2025-03-12 22:00:00,0,22,2,9.49,3.0,1395.03,10.0,2275.62,30.0,True
acct_1391,cust_1753,bank,acct_main_cust_1753,ACCOUNT_EVENT,online,471.08,BND,471.08,BN,BN,,False,2025-03-30 23:00:00,0,23,6,342.49,3.0,715.11,10.0,2694.79,30.0,True
acct_1267,cust_1755,cash,acct_main_cust_1755,ACCOUNT_EVENT,branch,112.23,BND,112.23,BN,BN,,False,2025-03-25 19:00:00,0,19,1,431.28,3.0,714.79,10.0,1065.95,30.0,False
acct_887,cust_1757,cash,acct_main_cust_1757,ACCOUNT_EVENT,branch,127.48,BND,127.48,BN,BN,,False,2025-03-09 23:00:00,0,23,6,113.65,3.0,605.7500000000001,10.0,2571.31,30.0,True
acct_1042,cust_1760,bank,acct_main_cust_1760,ACCOUNT_EVENT,online,75.62,BND,75.62,BN,BN,,False,2025-03-16 10:00:00,0,10,6,421.43,3.0,824.2399999999999,10.0,2470.55,30.0,True
acct_700,cust_1763,bank,acct_main_cust_1763,ACCOUNT_EVENT,online,102.94,BND,102.94,BN,BN,,False,2025-03-02 04:00:00,0,4,6,299.67999999999995,3.0,504.6,10.0,1512.3,30.0,True
acct_714,cust_1763,bank,acct_main_cust_1763,ACCOUNT_EVENT,online,128.08,BND,128.08,BN,BN,,False,2025-03-02 18:00:00,0,18,6,400.12,3.0,492.54,10.0,1614.24,30.0,False
acct_1018,cust_1766,bank,acct_main_cust_1766,ACCOUNT_EVENT,online,70.37,BND,70.37,BN,BN,,False,2025-03-15 10:00:00,0,10,5,42.27999999999978,3.0,454.81,10.0,4818.18,30.0,True
acct_1299,cust_1769,bank,acct_main_cust_1769,ACCOUNT_EVENT,online,88.54,BND,88.54,BN,BN,,False,2025-03-27 03:00:00,0,3,3,49.79,3.0,277.31,10.0,1976.54,30.0,False
acct_1262,cust_177,bank,acct_main_cust_177,ACCOUNT_EVENT,online,47.34,BND,47.34,BN,BN,,False,2025-03-25 14:00:00,0,14,1,55.98000000000006,3.0,535.9300000000001,10.0,3165.52,30.0,True
acct_1213,cust_1770,cash,acct_main_cust_1770,ACCOUNT_EVENT,branch,90.17,BND,90.17,BN,BN,,False,2025-03-23 13:00:00,0,13,6,1331.16,3.0,1588.78,10.0,2558.31,30.0,False
acct_768,cust_1772,bank,acct_main_cust_1772,ACCOUNT_EVENT,online,112.99,BND,112.99,BN,BN,,False,2025-03-05 00:00:00,0,0,2,195.95,3.0,467.1400000000001,10.0,1509.48,30.0,True
acct_682,cust_1775,bank,acct_main_cust_1775,ACCOUNT_EVENT,online,35.26,BND,35.26,BN,BN,,False,2025-03-01 10:00:00,0,10,5,301.5399999999998,3.0,2990.0400000000004,10.0,5552.21,30.0,False
acct_1074,cust_1776,bank,acct_main_cust_1776,ACCOUNT_EVENT,online,122.22,BND,122.22,BN,BN,,False,2025-03-17 18:00:00,0,18,0,52.87,3.0,632.0099999999999,10.0,2566.74,30.0,True
acct_972,cust_1777,bank,acct_main_cust_1777,ACCOUNT_EVENT,online,38.26,BND,38.26,BN,BN,,False,2025-03-13 12:00:00,0,12,3,20.79,3.0,476.17,10.0,2569.77,30.0,True
acct_847,cust_178,cash,acct_main_cust_178,ACCOUNT_EVENT,branch,95.72,BND,95.72,BN,BN,,False,2025-03-08 07:00:00,0,7,5,20.86,3.0,1050.1699999999998,10.0,3143.18,30.0,True
acct_1359,cust_1780,cash,acct_main_cust_1780,ACCOUNT_EVENT,branch,26.62,BND,26.62,BN,BN,,False,2025-03-29 15:00:00,0,15,5,88.17999999999999,3.0,204.27,10.0,2381.32,30.0,True
acct_1370,cust_1782,bank,acct_main_cust_1782,ACCOUNT_EVENT,online,73.03,BND,73.03,BN,BN,,False,2025-03-30 02:00:00,0,2,6,132.08000000000004,3.0,435.8600000000001,10.0,2574.29,30.0,True
acct_1365,cust_1784,bank,acct_main_cust_1784,ACCOUNT_EVENT,online,36.38,BND,36.38,BN,BN,,False,2025-03-29 21:00:00,0,21,5,112.03,3.0,1790.7300000000002,10.0,3125.48,30.0,True
acct_929,cust_1785,bank,acct_main_cust_1785,ACCOUNT_EVENT,online,94.52,BND,94.52,BN,BN,,False,2025-03-11 17:00:00,0,17,1,336.57,3.0,653.05,10.0,3952.18,30.0,False
acct_862,cust_1791,cash,acct_main_cust_1791,ACCOUNT_EVENT,branch,194.14,BND,194.14,BN,BN,,False,2025-03-08 22:00:00,0,22,5,323.9200000000001,3.0,596.01,10.0,2197.63,30.0,True
acct_1352,cust_1791,cash,acct_main_cust_1791,ACCOUNT_EVENT,branch,75.09,BND,75.09,BN,BN,,False,2025-03-29 08:00:00,0,8,5,217.82000000000005,3.0,744.3,10.0,2366.78,30.0,False
acct_1116,cust_1793,cash,acct_main_cust_1793,ACCOUNT_EVENT,branch,482.57,BND,482.57,BN,BN,,False,2025-03-19 12:00:00,0,12,2,136.84,3.0,710.27,10.0,2416.5600000000004,30.0,True
acct_1239,cust_1794,cash,acct_main_cust_1794,ACCOUNT_EVENT,branch,263.66,BND,263.66,BN,BN,,False,2025-03-24 15:00:00,0,15,0,127.04,3.0,258.78,10.0,2047.1,30.0,False
acct_694,cust_1796,bank,acct_main_cust_1796,ACCOUNT_EVENT,online,27.44,BND,27.44,BN,BN,,False,2025-03-01 22:00:00,0,22,5,204.41000000000005,3.0,802.74,10.0,1696.92,30.0,True
acct_1286,cust_1796,cash,acct_main_cust_1796,ACCOUNT_EVENT,branch,79.51,BND,79.51,BN,BN,,False,2025-03-26 14:00:00,0,14,2,221.85,3.0,820.34,10.0,1714.37,30.0,True
acct_737,cust_1798,cash,acct_main_cust_1798,ACCOUNT_EVENT,branch,59.4,BND,59.4,BN,BN,,False,2025-03-03 17:00:00,0,17,0,133.23999999999998,3.0,1090.2299999999998,10.0,2836.42,30.0,True
acct_1182,cust_1799,cash,acct_main_cust_1799,ACCOUNT_EVENT,branch,233.8,BND,233.8,BN,BN,,False,2025-03-22 06:00:00,0,6,5,58.870000000000005,3.0,1855.69,10.0,3175.75,30.0,True
acct_1086,cust_180,bank,acct_main_cust_180,ACCOUNT_EVENT,online,127.21,BND,127.21,BN,BN,,False,2025-03-18 06:00:00,0,6,1,10.96,3.0,540.01,10.0,3352.87,30.0,True
acct_788,cust_1800,bank,acct_main_cust_1800,ACCOUNT_EVENT,online,412.24,BND,412.24,BN,BN,,False,2025-03-05 20:00:00,0,20,2,76.91,3.0,450.5900000000002,10.0,2574.55,30.0,True
acct_944,cust_1802,cash,acct_main_cust_1802,ACCOUNT_EVENT,branch,62.5,BND,62.5,BN,BN,,False,2025-03-12 08:00:00,0,8,2,346.98,3.0,725.76,10.0,1989.13,30.0,False
acct_1188,cust_1810,bank,acct_main_cust_1810,ACCOUNT_EVENT,online,145.18,BND,145.18,BN,BN,,False,2025-03-22 12:00:00,0,12,5,343.51,3.0,2350.5600000000004,10.0,2949.94,30.0,False
acct_952,cust_1812,bank,acct_main_cust_1812,ACCOUNT_EVENT,online,259.42,BND,259.42,BN,BN,,False,2025-03-12 16:00:00,0,16,2,71.96000000000006,3.0,457.57,10.0,1506.85,30.0,True
acct_822,cust_1814,cash,acct_main_cust_1814,ACCOUNT_EVENT,branch,47.83,BND,47.83,BN,BN,,False,2025-03-07 06:00:00,0,6,4,86.17,3.0,443.9,10.0,4675.780000000001,30.0,True
acct_1369,cust_1816,bank,acct_main_cust_1816,ACCOUNT_EVENT,online,18.41,BND,18.41,BN,BN,,False,2025-03-30 01:00:00,0,1,6,67.8,3.0,572.3200000000003,10.0,4899.299999999999,30.0,True
acct_1075,cust_1817,bank,acct_main_cust_1817,ACCOUNT_EVENT,online,97.14,BND,97.14,BN,BN,,False,2025-03-17 19:00:00,0,19,0,107.29,3.0,924.98,10.0,2180.13,30.0,True
acct_757,cust_1819,cash,acct_main_cust_1819,ACCOUNT_EVENT,branch,100.75,BND,100.75,BN,BN,,False,2025-03-04 13:00:00,0,13,1,77.0,3.0,251.44,10.0,2169.39,30.0,True
acct_881,cust_1820,cash,acct_main_cust_1820,ACCOUNT_EVENT,branch,64.24,BND,64.24,BN,BN,,False,2025-03-09 17:00:00,0,17,6,98.81,3.0,290.89,10.0,1811.03,30.0,True
acct_779,cust_1823,cash,acct_main_cust_1823,ACCOUNT_EVENT,branch,38.44,BND,38.44,BN,BN,,False,2025-03-05 11:00:00,0,11,2,8.540000000000058,3.0,579.46,10.0,2098.1600000000003,30.0,True
acct_1001,cust_1824,cash,acct_main_cust_1824,ACCOUNT_EVENT,branch,16.28,BND,16.28,BN,BN,,False,2025-03-14 17:00:00,0,17,4,71.36999999999989,3.0,606.25,10.0,1887.12,30.0,False
acct_992,cust_1828,cash,acct_main_cust_1828,ACCOUNT_EVENT,branch,120.28,BND,120.28,BN,BN,,False,2025-03-14 08:00:00,0,8,4,456.6,3.0,851.01,10.0,1517.38,30.0,True
acct_849,cust_1830,cash,acct_main_cust_1830,ACCOUNT_EVENT,branch,58.38,BND,58.38,BN,BN,,False,2025-03-08 09:00:00,0,9,5,301.97,3.0,421.5899999999999,10.0,5414.86,30.0,True
acct_1367,cust_1830,bank,acct_main_cust_1830,ACCOUNT_EVENT,online,39.52,BND,39.52,BN,BN,,False,2025-03-29 23:00:00,0,23,5,344.87,3.0,396.1199999999999,10.0,5471.45,30.0,False
acct_953,cust_1832,bank,acct_main_cust_1832,ACCOUNT_EVENT,online,53.62,BND,53.62,BN,BN,,False,2025-03-12 17:00:00,0,17,2,89.32000000000001,3.0,486.81,10.0,2223.9,30.0,True
acct_689,cust_1838,bank,acct_main_cust_1838,ACCOUNT_EVENT,online,254.04,BND,254.04,BN,BN,,False,2025-03-01 17:00:00,0,17,5,90.92,3.0,233.48,10.0,3508.63,30.0,False
acct_790,cust_184,bank,acct_main_cust_184,ACCOUNT_EVENT,online,102.29,BND,102.29,BN,BN,,False,2025-03-05 22:00:00,0,22,2,96.48,3.0,241.24,10.0,1556.88,30.0,True
acct_735,cust_1842,bank,acct_main_cust_1842,ACCOUNT_EVENT,online,457.27,BND,457.27,BN,BN,,False,2025-03-03 15:00:00,0,15,0,52.55,3.0,523.0800000000002,10.0,2327.12,30.0,True
acct_1368,cust_1843,bank,acct_main_cust_1843,ACCOUNT_EVENT,online,35.34,BND,35.34,BN,BN,,False,2025-03-30 00:00:00,0,0,6,137.86,3.0,1865.3,10.0,2931.62,30.0,False
acct_1328,cust_1847,bank,acct_main_cust_1847,ACCOUNT_EVENT,online,84.36,BND,84.36,BN,BN,,False,2025-03-28 08:00:00,0,8,4,205.81999999999996,3.0,949.39,10.0,2203.89,30.0,True
acct_855,cust_1849,bank,acct_main_cust_1849,ACCOUNT_EVENT,online,62.24,BND,62.24,BN,BN,,False,2025-03-08 15:00:00,0,15,5,59.68000000000005,3.0,805.41,10.0,2091.81,30.0,True
acct_1354,cust_1856,bank,acct_main_cust_1856,ACCOUNT_EVENT,online,45.55,BND,45.55,BN,BN,,False,2025-03-29 10:00:00,0,10,5,153.7,3.0,332.27999999999986,10.0,2533.91,30.0,True
acct_1291,cust_1861,cash,acct_main_cust_1861,ACCOUNT_EVENT,branch,110.99,BND,110.99,BN,BN,,False,2025-03-26 19:00:00,0,19,2,118.08,3.0,579.0500000000001,10.0,3118.45,30.0,True
acct_783,cust_1864,cash,acct_main_cust_1864,ACCOUNT_EVENT,branch,28.43,BND,28.43,BN,BN,,False,2025-03-05 15:00:00,0,15,2,378.7799999999999,3.0,759.5499999999996,10.0,1689.2500000000002,30.0,True
acct_975,cust_1865,cash,acct_main_cust_1865,ACCOUNT_EVENT,branch,98.11,BND,98.11,BN,BN,,False,2025-03-13 15:00:00,0,15,3,31.18,3.0,579.0200000000001,10.0,1746.76,30.0,True
acct_1196,cust_1866,bank,acct_main_cust_1866,ACCOUNT_EVENT,online,237.78,BND,237.78,BN,BN,,False,2025-03-22 20:00:00,0,20,5,98.78,3.0,1137.5,10.0,3452.96,30.0,True
acct_1159,cust_1868,cash,acct_main_cust_1868,ACCOUNT_EVENT,branch,61.58,BND,61.58,BN,BN,,False,2025-03-21 07:00:00,0,7,4,139.27999999999997,3.0,230.72,10.0,2863.48,30.0,False
acct_1203,cust_1868,cash,acct_main_cust_1868,ACCOUNT_EVENT,branch,118.77,BND,118.77,BN,BN,,False,2025-03-23 03:00:00,0,3,6,198.7,3.0,284.6,10.0,2851.06,30.0,False
acct_1096,cust_1869,cash,acct_main_cust_1869,ACCOUNT_EVENT,branch,108.14,BND,108.14,BN,BN,,False,2025-03-18 16:00:00,0,16,1,87.83999999999999,3.0,1051.37,10.0,2350.86,30.0,True
acct_741,cust_1870,cash,acct_main_cust_1870,ACCOUNT_EVENT,branch,48.73,BND,48.73,BN,BN,,False,2025-03-03 21:00:00,0,21,0,18.05,3.0,236.08,10.0,1622.79,30.0,True
acct_707,cust_1871,cash,acct_main_cust_1871,ACCOUNT_EVENT,branch,158.41,BND,158.41,BN,BN,,False,2025-03-02 11:00:00,0,11,6,316.83000000000004,3.0,655.5899999999999,10.0,2588.71,30.0,True
acct_1383,cust_1883,cash,acct_main_cust_1883,ACCOUNT_EVENT,branch,394.46,BND,394.46,BN,BN,,False,2025-03-30 15:00:00,0,15,6,153.34000000000017,3.0,616.73,10.0,1229.35,30.0,False
acct_1125,cust_1884,bank,acct_main_cust_1884,ACCOUNT_EVENT,online,278.48,BND,278.48,BN,BN,,False,2025-03-19 21:00:00,0,21,2,922.12,3.0,1062.59,10.0,4385.58,30.0,True
acct_1335,cust_189,bank,acct_main_cust_189,ACCOUNT_EVENT,online,54.97,BND,54.97,BN,BN,,False,2025-03-28 15:00:00,0,15,4,75.42999999999999,3.0,1889.23,10.0,3853.74,30.0,True
acct_949,cust_1891,bank,acct_main_cust_1891,ACCOUNT_EVENT,online,243.93,BND,243.93,BN,BN,,False,2025-03-12 13:00:00,0,13,2,24.020000000000056,3.0,251.39,10.0,1343.86,30.0,True
acct_1201,cust_1895,bank,acct_main_cust_1895,ACCOUNT_EVENT,online,118.18,BND,118.18,BN,BN,,False,2025-03-23 01:00:00,0,1,6,61.93,3.0,1115.4599999999998,10.0,4116.43,30.0,True
acct_1309,cust_1896,cash,acct_main_cust_1896,ACCOUNT_EVENT,branch,105.86,BND,105.86,BN,BN,,False,2025-03-27 13:00:00,0,13,3,23.04,3.0,214.85,10.0,830.51,30.0,True
acct_1002,cust_1897,bank,acct_main_cust_1897,ACCOUNT_EVENT,online,30.31,BND,30.31,BN,BN,,False,2025-03-14 18:00:00,0,18,4,80.32,3.0,422.4900000000004,10.0,3093.54,30.0,False
acct_743,cust_1899,bank,acct_main_cust_1899,ACCOUNT_EVENT,online,228.06,BND,228.06,BN,BN,,False,2025-03-03 23:00:00,0,23,0,35.4,3.0,470.13000000000005,10.0,2319.5,30.0,True
acct_1378,cust_19,bank,acct_main_cust_19,ACCOUNT_EVENT,online,164.44,BND,164.44,BN,BN,,False,2025-03-30 10:00:00,0,10,6,39.99,3.0,124.36999999999988,10.0,1294.6,30.0,True
acct_1140,cust_1902,bank,acct_main_cust_1902,ACCOUNT_EVENT,online,296.65,BND,296.65,BN,BN,,False,2025-03-20 12:00:00,0,12,3,166.0499999999999,3.0,872.67,10.0,2439.9,30.0,True
acct_1068,cust_1906,bank,acct_main_cust_1906,ACCOUNT_EVENT,online,74.43,BND,74.43,BN,BN,,False,2025-03-17 12:00:00,0,12,0,79.01999999999984,3.0,548.3300000000002,10.0,2597.69,30.0,True
acct_1077,cust_1906,bank,acct_main_cust_1906,ACCOUNT_EVENT,online,109.34,BND,109.34,BN,BN,,False,2025-03-17 21:00:00,0,21,0,139.37999999999982,3.0,325.7600000000001,10.0,2670.34,30.0,False
acct_954,cust_191,bank,acct_main_cust_191,ACCOUNT_EVENT,online,39.65,BND,39.65,BN,BN,,False,2025-03-12 18:00:00,0,18,2,124.3,3.0,930.26,10.0,1860.49,30.0,True
acct_799,cust_1910,cash,acct_main_cust_1910,ACCOUNT_EVENT,branch,139.97,BND,139.97,BN,BN,,False,2025-03-06 07:00:00,0,7,3,2103.88,3.0,2556.4000000000005,10.0,4972.68,30.0,True
acct_1056,cust_1911,cash,acct_main_cust_1911,ACCOUNT_EVENT,branch,117.57,BND,117.57,BN,BN,,False,2025-03-17 00:00:00,0,0,0,76.95,3.0,1760.4,10.0,5285.72,30.0,True
acct_1326,cust_1913,bank,acct_main_cust_1913,ACCOUNT_EVENT,online,99.92,BND,99.92,BN,BN,,False,2025-03-28 06:00:00,0,6,4,144.82,3.0,386.06,10.0,5293.29,30.0,True
acct_1318,cust_1914,bank,acct_main_cust_1914,ACCOUNT_EVENT,online,45.12,BND,45.12,BN,BN,,False,2025-03-27 22:00:00,0,22,3,164.77000000000024,3.0,494.63,10.0,4118.03,30.0,True
acct_947,cust_192,cash,acct_main_cust_192,ACCOUNT_EVENT,branch,110.7,BND,110.7,BN,BN,,False,2025-03-12 11:00:00,0,11,2,274.6800000000001,3.0,1259.8399999999997,10.0,2550.95,30.0,True
acct_1150,cust_192,bank,acct_main_cust_192,ACCOUNT_EVENT,online,159.59,BND,159.59,BN,BN,,False,2025-03-20 22:00:00,0,22,3,223.99000000000007,3.0,1340.59,10.0,2651.6600000000003,30.0,True
acct_1274,cust_1920,bank,acct_main_cust_1920,ACCOUNT_EVENT,online,292.4,BND,292.4,BN,BN,,False,2025-03-26 02:00:00,0,2,2,363.69000000000005,3.0,714.6400000000001,10.0,1893.55,30.0,True
acct_744,cust_1921,cash,acct_main_cust_1921,ACCOUNT_EVENT,branch,49.3,BND,49.3,BN,BN,,False,2025-03-04 00:00:00,0,0,1,81.53999999999999,3.0,544.2800000000001,10.0,1996.98,30.0,True
acct_926,cust_1922,cash,acct_main_cust_1922,ACCOUNT_EVENT,branch,151.81,BND,151.81,BN,BN,,False,2025-03-11 14:00:00,0,14,1,232.1,3.0,857.13,10.0,1643.64,30.0,True
acct_1092,cust_1928,bank,acct_main_cust_1928,ACCOUNT_EVENT,online,106.03,BND,106.03,BN,BN,,False,2025-03-18 12:00:00,0,12,1,263.72,3.0,2479.28,10.0,4145.21,30.0,True
acct_761,cust_1931,bank,acct_main_cust_1931,ACCOUNT_EVENT,online,37.05,BND,37.05,BN,BN,,False,2025-03-04 17:00:00,0,17,1,240.64999999999984,3.0,512.89,10.0,1670.56,30.0,True
acct_1320,cust_1934,cash,acct_main_cust_1934,ACCOUNT_EVENT,branch,131.1,BND,131.1,BN,BN,,False,2025-03-28 00:00:00,0,0,4,273.92999999999995,3.0,525.6700000000004,10.0,4630.02,30.0,True
acct_1027,cust_1935,cash,acct_main_cust_1935,ACCOUNT_EVENT,branch,24.76,BND,24.76,BN,BN,,False,2025-03-15 19:00:00,0,19,5,312.34000000000003,3.0,697.36,10.0,1232.61,30.0,False
acct_1164,cust_1935,cash,acct_main_cust_1935,ACCOUNT_EVENT,branch,248.14,BND,248.14,BN,BN,,False,2025-03-21 12:00:00,0,12,4,335.81,3.0,512.9200000000001,10.0,1256.37,30.0,False
acct_727,cust_1937,cash,acct_main_cust_1937,ACCOUNT_EVENT,branch,44.39,BND,44.39,BN,BN,,False,2025-03-03 07:00:00,0,7,0,143.91000000000048,3.0,275.20999999999987,10.0,1482.76,30.0,True
acct_940,cust_1937,bank,acct_main_cust_1937,ACCOUNT_EVENT,online,34.7,BND,34.7,BN,BN,,False,2025-03-12 04:00:00,0,4,2,169.08000000000044,3.0,309.60999999999984,10.0,1512.15,30.0,True
acct_1120,cust_1937,cash,acct_main_cust_1937,ACCOUNT_EVENT,branch,222.67,BND,222.67,BN,BN,,False,2025-03-19 16:00:00,0,16,2,90.59000000000046,3.0,343.3199999999999,10.0,1544.95,30.0,False
acct_997,cust_1939,cash,acct_main_cust_1939,ACCOUNT_EVENT,branch,43.1,BND,43.1,BN,BN,,False,2025-03-14 13:00:00,0,13,4,80.02000000000007,3.0,491.7,10.0,1359.23,30.0,False
acct_1017,cust_1952,bank,acct_main_cust_1952,ACCOUNT_EVENT,online,115.85,BND,115.85,BN,BN,,False,2025-03-15 09:00:00,0,9,5,263.18,3.0,927.3,10.0,1787.36,30.0,True
acct_811,cust_1958,cash,acct_main_cust_1958,ACCOUNT_EVENT,branch,107.19,BND,107.19,BN,BN,,False,2025-03-06 19:00:00,0,19,3,263.98,3.0,598.34,10.0,2569.34,30.0,False
acct_876,cust_196,bank,acct_main_cust_196,ACCOUNT_EVENT,online,83.22,BND,83.22,BN,BN,,False,2025-03-09 12:00:00,0,12,6,55.77000000000023,3.0,1934.71,10.0,2924.62,30.0,True
acct_883,cust_196,cash,acct_main_cust_196,ACCOUNT_EVENT,branch,316.1,BND,316.1,BN,BN,,False,2025-03-09 19:00:00,0,19,6,137.99000000000024,3.0,445.19,10.0,3004.26,30.0,True
acct_1033,cust_1960,cash,acct_main_cust_1960,ACCOUNT_EVENT,branch,99.34,BND,99.34,BN,BN,,False,2025-03-16 01:00:00,0,1,6,338.18,3.0,907.39,10.0,2135.14,30.0,False
acct_1311,cust_1962,bank,acct_main_cust_1962,ACCOUNT_EVENT,online,56.42,BND,56.42,BN,BN,,False,2025-03-27 15:00:00,0,15,3,224.01,3.0,297.79,10.0,2773.53,30.0,False
acct_1314,cust_1965,bank,acct_main_cust_1965,ACCOUNT_EVENT,online,75.54,BND,75.54,BN,BN,,False,2025-03-27 18:00:00,0,18,3,253.37,3.0,1230.8599999999994,10.0,8532.82,30.0,False
acct_1343,cust_1967,cash,acct_main_cust_1967,ACCOUNT_EVENT,branch,134.1,BND,134.1,BN,BN,,False,2025-03-28 23:00:00,0,23,4,30.66,3.0,284.23,10.0,2490.31,30.0,True
acct_1356,cust_1968,bank,acct_main_cust_1968,ACCOUNT_EVENT,online,54.98,BND,54.98,BN,BN,,False,2025-03-29 12:00:00,0,12,5,80.79,3.0,562.02,10.0,1323.17,30.0,False
acct_874,cust_1969,cash,acct_main_cust_1969,ACCOUNT_EVENT,branch,96.08,BND,96.08,BN,BN,,False,2025-03-09 10:00:00,0,10,6,134.95,3.0,194.56999999999988,10.0,1543.14,30.0,True
acct_1272,cust_1969,bank,acct_main_cust_1969,ACCOUNT_EVENT,online,164.21,BND,164.21,BN,BN,,False,2025-03-26 00:00:00,0,0,2,185.13,3.0,283.3499999999999,10.0,1592.2700000000002,30.0,True
acct_898,cust_1972,bank,acct_main_cust_1972,ACCOUNT_EVENT,online,413.52,BND,413.52,BN,BN,,False,2025-03-10 10:00:00,0,10,0,66.14999999999999,3.0,161.74,10.0,1604.5,30.0,True
acct_1136,cust_1976,bank,acct_main_cust_1976,ACCOUNT_EVENT,online,73.0,BND,73.0,BN,BN,,False,2025-03-20 08:00:00,0,8,3,593.7099999999999,3.0,1147.37,10.0,3154.05,30.0,True
acct_1110,cust_1978,bank,acct_main_cust_1978,ACCOUNT_EVENT,online,138.51,BND,138.51,BN,BN,,False,2025-03-19 06:00:00,0,6,2,344.8,3.0,743.5200000000001,10.0,1572.37,30.0,True
acct_776,cust_1981,bank,acct_main_cust_1981,ACCOUNT_EVENT,online,46.54,BND,46.54,BN,BN,,False,2025-03-05 08:00:00,0,8,2,94.81,3.0,777.7900000000001,10.0,2423.83,30.0,False
acct_868,cust_1986,cash,acct_main_cust_1986,ACCOUNT_EVENT,branch,58.1,BND,58.1,BN,BN,,False,2025-03-09 04:00:00,0,4,6,23.46,3.0,204.7,10.0,3744.64,30.0,True
acct_987,cust_1987,bank,acct_main_cust_1987,ACCOUNT_EVENT,online,18.57,BND,18.57,BN,BN,,False,2025-03-14 03:00:00,0,3,4,115.06,3.0,2686.71,10.0,3661.94,30.0,True
acct_830,cust_199,bank,acct_main_cust_199,ACCOUNT_EVENT,online,90.77,BND,90.77,BN,BN,,False,2025-03-07 14:00:00,0,14,4,91.17,3.0,580.48,10.0,4025.7,30.0,True
acct_1061,cust_1995,cash,acct_main_cust_1995,ACCOUNT_EVENT,branch,71.74,BND,71.74,BN,BN,,False,2025-03-17 05:00:00,0,5,0,200.5,3.0,775.6,10.0,2323.98,30.0,True
acct_807,cust_1998,cash,acct_main_cust_1998,ACCOUNT_EVENT,branch,145.66,BND,145.66,BN,BN,,False,2025-03-06 15:00:00,0,15,3,139.59999999999997,3.0,511.71,10.0,2217.8100000000004,30.0,False
acct_990,cust_1998,bank,acct_main_cust_1998,ACCOUNT_EVENT,online,77.68,BND,77.68,BN,BN,,False,2025-03-14 06:00:00,0,6,4,273.58,3.0,436.87,10.0,2352.01,30.0,False
acct_923,cust_2,bank,acct_main_cust_2,ACCOUNT_EVENT,online,75.4,BND,75.4,BN,BN,,False,2025-03-11 11:00:00,0,11,1,17.23,3.0,1054.1899999999998,10.0,3227.17,30.0,True
acct_999,cust_202,bank,acct_main_cust_202,ACCOUNT_EVENT,online,76.8,BND,76.8,BN,BN,,False,2025-03-14 15:00:00,0,15,4,191.32,3.0,1233.45,10.0,2299.8500000000004,30.0,True
acct_1038,cust_207,cash,acct_main_cust_207,ACCOUNT_EVENT,branch,158.23,BND,158.23,BN,BN,,False,2025-03-16 06:00:00,0,6,6,275.46000000000004,3.0,464.91,10.0,1051.16,30.0,False
acct_1156,cust_211,cash,acct_main_cust_211,ACCOUNT_EVENT,branch,50.54,BND,50.54,BN,BN,,False,2025-03-21 04:00:00,0,4,4,111.54,3.0,941.46,10.0,1936.89,30.0,False
acct_993,cust_213,cash,acct_main_cust_213,ACCOUNT_EVENT,branch,49.19,BND,49.19,BN,BN,,False,2025-03-14 09:00:00,0,9,4,120.8,3.0,3944.22,10.0,5405.22,30.0,True
acct_1160,cust_213,cash,acct_main_cust_213,ACCOUNT_EVENT,branch,31.23,BND,31.23,BN,BN,,False,2025-03-21 08:00:00,0,8,4,169.0,3.0,3921.03,10.0,5426.58,30.0,False
acct_1094,cust_214,bank,acct_main_cust_214,ACCOUNT_EVENT,online,177.44,BND,177.44,BN,BN,,False,2025-03-18 14:00:00,0,14,1,447.84,3.0,990.3,10.0,2498.47,30.0,True
acct_1373,cust_214,cash,acct_main_cust_214,ACCOUNT_EVENT,branch,34.16,BND,34.16,BN,BN,,False,2025-03-30 05:00:00,0,5,6,619.94,3.0,1149.74,10.0,2666.92,30.0,True
acct_1308,cust_216,bank,acct_main_cust_216,ACCOUNT_EVENT,online,184.92,BND,184.92,BN,BN,,False,2025-03-27 12:00:00,0,12,3,69.34,3.0,941.4,10.0,2841.72,30.0,True
acct_865,cust_218,bank,acct_main_cust_218,ACCOUNT_EVENT,online,14.41,BND,14.41,BN,BN,,False,2025-03-09 01:00:00,0,1,6,22.87,3.0,1404.5700000000002,10.0,7821.08,30.0,True
acct_1055,cust_218,cash,acct_main_cust_218,ACCOUNT_EVENT,branch,37.31,BND,37.31,BN,BN,,False,2025-03-16 23:00:00,0,23,6,19.29,3.0,1137.06,10.0,7686.62,30.0,True
acct_1064,cust_220,bank,acct_main_cust_220,ACCOUNT_EVENT,online,44.4,BND,44.4,BN,BN,,False,2025-03-17 08:00:00,0,8,0,268.79,3.0,767.01,10.0,1517.1500000000003,30.0,True
acct_1085,cust_223,cash,acct_main_cust_223,ACCOUNT_EVENT,branch,94.99,BND,94.99,BN,BN,,False,2025-03-18 05:00:00,0,5,1,157.10000000000002,3.0,946.23,10.0,2169.3100000000004,30.0,True
acct_1008,cust_230,cash,acct_main_cust_230,ACCOUNT_EVENT,branch,134.99,BND,134.99,BN,BN,,False,2025-03-15 00:00:00,0,0,5,97.18000000000006,3.0,347.76,10.0,1484.31,30.0,True
acct_1261,cust_232,cash,acct_main_cust_232,ACCOUNT_EVENT,branch,135.4,BND,135.4,BN,BN,,False,2025-03-25 13:00:00,0,13,1,62.370000000000005,3.0,266.68,10.0,1429.43,30.0,True
acct_852,cust_235,bank,acct_main_cust_235,ACCOUNT_EVENT,online,290.26,BND,290.26,BN,BN,,False,2025-03-08 12:00:00,0,12,5,119.2,3.0,609.8,10.0,2626.58,30.0,False
acct_1036,cust_237,cash,acct_main_cust_237,ACCOUNT_EVENT,branch,198.15,BND,198.15,BN,BN,,False,2025-03-16 04:00:00,0,4,6,35.59999999999998,3.0,135.22,10.0,1437.73,30.0,True
acct_1296,cust_240,bank,acct_main_cust_240,ACCOUNT_EVENT,online,36.37,BND,36.37,BN,BN,,False,2025-03-27 00:00:00,0,0,3,368.06999999999977,3.0,492.08,10.0,2372.86,30.0,True
acct_1319,cust_241,cash,acct_main_cust_241,ACCOUNT_EVENT,branch,44.72,BND,44.72,BN,BN,,False,2025-03-27 23:00:00,0,23,3,27.78,3.0,793.11,10.0,1586.6799999999998,30.0,True
acct_724,cust_244,cash,acct_main_cust_244,ACCOUNT_EVENT,branch,121.59,BND,121.59,BN,BN,,False,2025-03-03 04:00:00,0,4,0,58.78000000000006,3.0,673.0300000000001,10.0,2457.15,30.0,True
acct_1052,cust_249,cash,acct_main_cust_249,ACCOUNT_EVENT,branch,23.85,BND,23.85,BN,BN,,False,2025-03-16 20:00:00,0,20,6,281.88,3.0,682.48,10.0,4170.44,30.0,True
acct_902,cust_25,bank,acct_main_cust_25,ACCOUNT_EVENT,online,88.46,BND,88.46,BN,BN,,False,2025-03-10 14:00:00,0,14,0,89.08,3.0,334.92,10.0,2359.52,30.0,True
acct_1347,cust_254,bank,acct_main_cust_254,ACCOUNT_EVENT,online,29.79,BND,29.79,BN,BN,,False,2025-03-29 03:00:00,0,3,5,57.07999999999978,3.0,1615.15,10.0,2785.8,30.0,True
acct_754,cust_256,cash,acct_main_cust_256,ACCOUNT_EVENT,branch,65.13,BND,65.13,BN,BN,,False,2025-03-04 10:00:00,0,10,1,1952.88,3.0,2162.06,10.0,4231.41,30.0,True
acct_1211,cust_259,cash,acct_main_cust_259,ACCOUNT_EVENT,branch,33.28,BND,33.28,BN,BN,,False,2025-03-23 11:00:00,0,11,6,194.77,3.0,462.54,10.0,2456.9400000000005,30.0,True
acct_806,cust_260,cash,acct_main_cust_260,ACCOUNT_EVENT,branch,98.8,BND,98.8,BN,BN,,False,2025-03-06 14:00:00,0,14,3,23.420000000000226,3.0,501.91,10.0,3923.83,30.0,True
acct_838,cust_262,cash,acct_main_cust_262,ACCOUNT_EVENT,branch,49.77,BND,49.77,BN,BN,,False,2025-03-07 22:00:00,0,22,4,103.48,3.0,735.24,10.0,3304.25,30.0,True
acct_888,cust_262,bank,acct_main_cust_262,ACCOUNT_EVENT,online,66.87,BND,66.87,BN,BN,,False,2025-03-10 00:00:00,0,0,0,151.75,3.0,762.88,10.0,3354.02,30.0,True
acct_1227,cust_266,cash,acct_main_cust_266,ACCOUNT_EVENT,branch,100.68,BND,100.68,BN,BN,,False,2025-03-24 03:00:00,0,3,0,293.46000000000004,3.0,811.61,10.0,4319.47,30.0,True
acct_728,cust_270,cash,acct_main_cust_270,ACCOUNT_EVENT,branch,25.66,BND,25.66,BN,BN,,False,2025-03-03 08:00:00,0,8,0,169.59,3.0,496.43,10.0,2299.9,30.0,True
acct_984,cust_270,cash,acct_main_cust_270,ACCOUNT_EVENT,branch,43.04,BND,43.04,BN,BN,,False,2025-03-14 00:00:00,0,0,4,185.25,3.0,493.79,10.0,2294.36,30.0,False
acct_1172,cust_278,cash,acct_main_cust_278,ACCOUNT_EVENT,branch,42.23,BND,42.23,BN,BN,,False,2025-03-21 20:00:00,0,20,4,494.65,3.0,1572.04,10.0,2500.51,30.0,True
acct_1331,cust_280,bank,acct_main_cust_280,ACCOUNT_EVENT,online,68.37,BND,68.37,BN,BN,,False,2025-03-28 11:00:00,0,11,4,40.75999999999997,3.0,429.52,10.0,1518.84,30.0,True
acct_1334,cust_281,cash,acct_main_cust_281,ACCOUNT_EVENT,branch,34.86,BND,34.86,BN,BN,,False,2025-03-28 14:00:00,0,14,4,81.8,3.0,142.93,10.0,2388.04,30.0,True
acct_808,cust_285,bank,acct_main_cust_285,ACCOUNT_EVENT,online,50.49,BND,50.49,BN,BN,,False,2025-03-06 16:00:00,0,16,3,55.98,3.0,1124.4700000000005,10.0,2163.08,30.0,True
acct_964,cust_288,bank,acct_main_cust_288,ACCOUNT_EVENT,online,62.05,BND,62.05,BN,BN,,False,2025-03-13 04:00:00,0,4,3,218.9899999999999,3.0,1469.82,10.0,3611.12,30.0,True
acct_1270,cust_297,bank,acct_main_cust_297,ACCOUNT_EVENT,online,18.39,BND,18.39,BN,BN,,False,2025-03-25 22:00:00,0,22,1,8.950000000000028,3.0,202.17,10.0,838.55,30.0,True
acct_1105,cust_299,cash,acct_main_cust_299,ACCOUNT_EVENT,branch,274.66,BND,274.66,BN,BN,,False,2025-03-19 01:00:00,0,1,2,524.6999999999999,3.0,1666.44,10.0,3521.09,30.0,True
acct_1205,cust_3,cash,acct_main_cust_3,ACCOUNT_EVENT,branch,129.72,BND,129.72,BN,BN,,False,2025-03-23 05:00:00,0,5,6,46.0,3.0,621.2800000000001,10.0,1360.31,30.0,True
acct_730,cust_30,cash,acct_main_cust_30,ACCOUNT_EVENT,branch,68.14,BND,68.14,BN,BN,,False,2025-03-03 10:00:00,0,10,0,359.9799999999999,3.0,781.64,10.0,2566.65,30.0,True
acct_1020,cust_302,cash,acct_main_cust_302,ACCOUNT_EVENT,branch,81.2,BND,81.2,BN,BN,,False,2025-03-15 12:00:00,0,12,5,193.2100000000001,3.0,478.53,10.0,1708.0100000000002,30.0,False
acct_1218,cust_304,bank,acct_main_cust_304,ACCOUNT_EVENT,online,93.66,BND,93.66,BN,BN,,False,2025-03-23 18:00:00,0,18,6,261.08000000000004,3.0,497.66,10.0,1731.4199999999998,30.0,True
acct_784,cust_305,bank,acct_main_cust_305,ACCOUNT_EVENT,online,35.5,BND,35.5,BN,BN,,False,2025-03-05 16:00:00,0,16,2,48.00000000000003,3.0,721.37,10.0,1731.6799999999998,30.0,True
acct_1028,cust_312,bank,acct_main_cust_312,ACCOUNT_EVENT,online,44.58,BND,44.58,BN,BN,,False,2025-03-15 20:00:00,0,20,5,59.08,3.0,200.84,10.0,1526.91,30.0,True
acct_1232,cust_318,bank,acct_main_cust_318,ACCOUNT_EVENT,online,177.89,BND,177.89,BN,BN,,False,2025-03-24 08:00:00,0,8,0,226.61,3.0,901.1799999999996,10.0,2944.71,30.0,True
acct_1080,cust_323,bank,acct_main_cust_323,ACCOUNT_EVENT,online,115.44,BND,115.44,BN,BN,,False,2025-03-18 00:00:00,0,0,1,198.72,3.0,469.82,10.0,2188.2,30.0,True
acct_798,cust_329,bank,acct_main_cust_329,ACCOUNT_EVENT,online,61.29,BND,61.29,BN,BN,,False,2025-03-06 06:00:00,0,6,3,248.8200000000001,3.0,1078.9,10.0,2582.78,30.0,True
acct_914,cust_332,bank,acct_main_cust_332,ACCOUNT_EVENT,online,139.88,BND,139.88,BN,BN,,False,2025-03-11 02:00:00,0,2,1,43.79,3.0,3393.73,10.0,6574.34,30.0,True
acct_970,cust_335,bank,acct_main_cust_335,ACCOUNT_EVENT,online,211.33,BND,211.33,BN,BN,,False,2025-03-13 10:00:00,0,10,3,98.18999999999998,3.0,984.86,10.0,4995.26,30.0,True
acct_1254,cust_336,cash,acct_main_cust_336,ACCOUNT_EVENT,branch,209.98,BND,209.98,BN,BN,,False,2025-03-25 06:00:00,0,6,1,45.94000000000023,3.0,194.45,10.0,1928.39,30.0,True
acct_692,cust_337,cash,acct_main_cust_337,ACCOUNT_EVENT,branch,71.2,BND,71.2,BN,BN,,False,2025-03-01 20:00:00,0,20,5,494.52000000000027,3.0,768.04,10.0,1352.86,30.0,True
acct_1073,cust_337,bank,acct_main_cust_337,ACCOUNT_EVENT,online,35.15,BND,35.15,BN,BN,,False,2025-03-17 17:00:00,0,17,0,552.3700000000002,3.0,745.54,10.0,1420.49,30.0,True
acct_701,cust_346,bank,acct_main_cust_346,ACCOUNT_EVENT,online,48.64,BND,48.64,BN,BN,,False,2025-03-02 05:00:00,0,5,6,155.03,3.0,777.1199999999999,10.0,1660.1799999999998,30.0,True
acct_985,cust_348,cash,acct_main_cust_348,ACCOUNT_EVENT,branch,105.15,BND,105.15,BN,BN,,False,2025-03-14 01:00:00,0,1,4,27.830000000000112,3.0,224.26,10.0,4356.7300000000005,30.0,True
acct_1238,cust_348,bank,acct_main_cust_348,ACCOUNT_EVENT,online,383.4,BND,383.4,BN,BN,,False,2025-03-24 14:00:00,1,14,0,131.0000000000001,3.0,319.41,10.0,4460.09,30.0,True
acct_1351,cust_349,bank,acct_main_cust_349,ACCOUNT_EVENT,online,36.84,BND,36.84,BN,BN,,False,2025-03-29 07:00:00,0,7,5,947.04,3.0,1263.2500000000002,10.0,2624.46,30.0,True
acct_785,cust_35,bank,acct_main_cust_35,ACCOUNT_EVENT,online,48.26,BND,48.26,BN,BN,,False,2025-03-05 17:00:00,0,17,2,118.29,3.0,516.75,10.0,1403.41,30.0,True
acct_780,cust_353,bank,acct_main_cust_353,ACCOUNT_EVENT,online,76.17,BND,76.17,BN,BN,,False,2025-03-05 12:00:00,0,12,2,516.79,3.0,1234.39,10.0,2385.95,30.0,True
acct_1282,cust_353,bank,acct_main_cust_353,ACCOUNT_EVENT,online,148.97,BND,148.97,BN,BN,,False,2025-03-26 10:00:00,0,10,2,78.06,3.0,1078.98,10.0,2287.63,30.0,False
acct_988,cust_355,cash,acct_main_cust_355,ACCOUNT_EVENT,branch,105.64,BND,105.64,BN,BN,,False,2025-03-14 04:00:00,0,4,4,111.68,3.0,187.35,10.0,2585.04,30.0,True
acct_1386,cust_361,cash,acct_main_cust_361,ACCOUNT_EVENT,branch,49.6,BND,49.6,BN,BN,,False,2025-03-30 18:00:00,0,18,6,128.3,3.0,178.37,10.0,1712.14,30.0,True
acct_832,cust_362,cash,acct_main_cust_362,ACCOUNT_EVENT,branch,14.76,BND,14.76,BN,BN,,False,2025-03-07 16:00:00,0,16,4,22.510000000000023,3.0,89.22999999999999,10.0,1705.33,30.0,True
acct_1087,cust_366,cash,acct_main_cust_366,ACCOUNT_EVENT,branch,47.63,BND,47.63,BN,BN,,False,2025-03-18 07:00:00,0,7,1,98.48999999999994,3.0,342.34000000000003,10.0,2156.09,30.0,True
acct_943,cust_367,cash,acct_main_cust_367,ACCOUNT_EVENT,branch,28.14,BND,28.14,BN,BN,,False,2025-03-12 07:00:00,0,7,2,136.74000000000007,3.0,453.06,10.0,1922.78,30.0,True
acct_907,cust_371,bank,acct_main_cust_371,ACCOUNT_EVENT,online,50.37,BND,50.37,BN,BN,,False,2025-03-10 19:00:00,0,19,0,69.75,3.0,1042.89,10.0,2013.97,30.0,True
acct_1246,cust_379,cash,acct_main_cust_379,ACCOUNT_EVENT,branch,153.52,BND,153.52,BN,BN,,False,2025-03-24 22:00:00,0,22,0,60.430000000000014,3.0,336.76,10.0,3969.21,30.0,True
acct_1288,cust_38,cash,acct_main_cust_38,ACCOUNT_EVENT,branch,79.71,BND,79.71,BN,BN,,False,2025-03-26 16:00:00,0,16,2,255.11,3.0,752.27,10.0,1965.07,30.0,True
acct_1044,cust_380,cash,acct_main_cust_380,ACCOUNT_EVENT,branch,147.04,BND,147.04,BN,BN,,False,2025-03-16 12:00:00,0,12,6,6.93,3.0,349.54999999999995,10.0,2330.66,30.0,True
acct_763,cust_381,bank,acct_main_cust_381,ACCOUNT_EVENT,online,127.12,BND,127.12,BN,BN,,False,2025-03-04 19:00:00,0,19,1,409.4099999999999,3.0,584.06,10.0,2117.2899999999995,30.0,True
acct_680,cust_383,cash,acct_main_cust_383,ACCOUNT_EVENT,branch,139.43,BND,139.43,BN,BN,,False,2025-03-01 08:00:00,0,8,5,112.42,3.0,647.49,10.0,3907.07,30.0,True
acct_800,cust_384,bank,acct_main_cust_384,ACCOUNT_EVENT,online,16.06,BND,16.06,BN,BN,,False,2025-03-06 08:00:00,0,8,3,39.95,3.0,762.52,10.0,4934.59,30.0,True
acct_771,cust_385,bank,acct_main_cust_385,ACCOUNT_EVENT,online,308.25,BND,308.25,BN,BN,,False,2025-03-05 03:00:00,0,3,2,36.18,3.0,1467.12,10.0,4116.6900000000005,30.0,True
acct_1034,cust_387,bank,acct_main_cust_387,ACCOUNT_EVENT,online,40.27,BND,40.27,BN,BN,,False,2025-03-16 02:00:00,0,2,6,389.8,3.0,688.33,10.0,3194.07,30.0,True
acct_1129,cust_388,cash,acct_main_cust_388,ACCOUNT_EVENT,branch,241.07,BND,241.07,BN,BN,,False,2025-03-20 01:00:00,0,1,3,137.28000000000023,3.0,325.69,10.0,1867.5,30.0,False
acct_1273,cust_388,cash,acct_main_cust_388,ACCOUNT_EVENT,branch,59.34,BND,59.34,BN,BN,,False,2025-03-26 01:00:00,0,1,2,368.35000000000025,3.0,531.0699999999999,10.0,2025.72,30.0,False
acct_1329,cust_389,cash,acct_main_cust_389,ACCOUNT_EVENT,branch,345.3,BND,345.3,BN,BN,,False,2025-03-28 09:00:00,0,9,4,155.82000000000002,3.0,199.67,10.0,1231.8100000000002,30.0,False
acct_677,cust_39,bank,acct_main_cust_39,ACCOUNT_EVENT,online,52.51,BND,52.51,BN,BN,,False,2025-03-01 05:00:00,0,5,5,343.35000000000014,3.0,504.07,10.0,1439.42,30.0,False
acct_956,cust_390,bank,acct_main_cust_390,ACCOUNT_EVENT,online,288.09,BND,288.09,BN,BN,,False,2025-03-12 20:00:00,0,20,2,30.44999999999998,3.0,177.78,10.0,1532.92,30.0,True
acct_920,cust_395,cash,acct_main_cust_395,ACCOUNT_EVENT,branch,436.17,BND,436.17,BN,BN,,False,2025-03-11 08:00:00,0,8,1,28.090000000000003,3.0,100.54,10.0,732.77,30.0,True
acct_1263,cust_395,bank,acct_main_cust_395,ACCOUNT_EVENT,online,43.63,BND,43.63,BN,BN,,False,2025-03-25 15:00:00,0,15,1,452.16,3.0,532.22,10.0,1165.14,30.0,True
acct_1153,cust_397,cash,acct_main_cust_397,ACCOUNT_EVENT,branch,88.72,BND,88.72,BN,BN,,False,2025-03-21 01:00:00,0,1,4,270.16,3.0,441.08,10.0,2309.49,30.0,True
acct_817,cust_398,bank,acct_main_cust_398,ACCOUNT_EVENT,online,80.63,BND,80.63,BN,BN,,False,2025-03-07 01:00:00,0,1,4,120.0000000000002,3.0,696.1399999999998,10.0,3466.17,30.0,True
acct_843,cust_401,cash,acct_main_cust_401,ACCOUNT_EVENT,branch,171.99,BND,171.99,BN,BN,,False,2025-03-08 03:00:00,0,3,5,161.58999999999995,3.0,308.37,10.0,1188.87,30.0,False
acct_831,cust_407,bank,acct_main_cust_407,ACCOUNT_EVENT,online,83.9,BND,83.9,BN,BN,,False,2025-03-07 15:00:00,0,15,4,127.36,3.0,464.55,10.0,2261.88,30.0,True
acct_951,cust_412,bank,acct_main_cust_412,ACCOUNT_EVENT,online,312.08,BND,312.08,BN,BN,,False,2025-03-12 15:00:00,0,15,2,328.98999999999995,3.0,526.1300000000001,10.0,1582.24,30.0,True
acct_912,cust_415,bank,acct_main_cust_415,ACCOUNT_EVENT,online,83.46,BND,83.46,BN,BN,,False,2025-03-11 00:00:00,0,0,1,95.47000000000004,3.0,194.51,10.0,1134.4,30.0,True
acct_1387,cust_42,bank,acct_main_cust_42,ACCOUNT_EVENT,online,90.78,BND,90.78,BN,BN,,False,2025-03-30 19:00:00,0,19,6,247.1199999999999,3.0,949.07,10.0,3303.82,30.0,False
acct_725,cust_424,bank,acct_main_cust_424,ACCOUNT_EVENT,online,245.18,BND,245.18,BN,BN,,False,2025-03-03 05:00:00,0,5,0,39.070000000000064,3.0,145.38,10.0,779.55,30.0,True
acct_1131,cust_426,cash,acct_main_cust_426,ACCOUNT_EVENT,branch,391.14,BND,391.14,BN,BN,,False,2025-03-20 03:00:00,0,3,3,65.74,3.0,488.57,10.0,2380.8,30.0,True
acct_1026,cust_430,bank,acct_main_cust_430,ACCOUNT_EVENT,online,211.82,BND,211.82,BN,BN,,False,2025-03-15 18:00:00,0,18,5,171.17999999999998,3.0,397.62,10.0,1718.39,30.0,False
acct_903,cust_434,cash,acct_main_cust_434,ACCOUNT_EVENT,branch,265.02,BND,265.02,BN,BN,,False,2025-03-10 15:00:00,0,15,0,36.790000000000006,3.0,534.93,10.0,1017.36,30.0,False
acct_1104,cust_435,cash,acct_main_cust_435,ACCOUNT_EVENT,branch,32.06,BND,32.06,BN,BN,,False,2025-03-19 00:00:00,0,0,2,33.45,3.0,2021.4,10.0,3031.98,30.0,True
acct_1013,cust_437,bank,acct_main_cust_437,ACCOUNT_EVENT,online,125.63,BND,125.63,BN,BN,,False,2025-03-15 05:00:00,0,5,5,63.14,3.0,655.559999999999,10.0,8023.95,30.0,True
acct_1264,cust_437,bank,acct_main_cust_437,ACCOUNT_EVENT,online,249.94,BND,249.94,BN,BN,,False,2025-03-25 16:00:00,0,16,1,161.35,3.0,759.189999999999,10.0,8129.59,30.0,False
acct_934,cust_446,bank,acct_main_cust_446,ACCOUNT_EVENT,online,135.62,BND,135.62,BN,BN,,False,2025-03-11 22:00:00,0,22,1,95.51,3.0,283.82,10.0,1658.85,30.0,True
acct_1199,cust_448,bank,acct_main_cust_448,ACCOUNT_EVENT,online,28.08,BND,28.08,BN,BN,,False,2025-03-22 23:00:00,1,23,5,944.95,3.0,1191.88,10.0,2517.98,30.0,True
acct_891,cust_449,bank,acct_main_cust_449,ACCOUNT_EVENT,online,265.48,BND,265.48,BN,BN,,False,2025-03-10 03:00:00,0,3,0,71.88,3.0,308.22,10.0,5995.07,30.0,True
acct_708,cust_452,cash,acct_main_cust_452,ACCOUNT_EVENT,branch,340.72,BND,340.72,BN,BN,,False,2025-03-02 12:00:00,0,12,6,352.06,3.0,580.4000000000001,10.0,1586.71,30.0,True
acct_1221,cust_452,bank,acct_main_cust_452,ACCOUNT_EVENT,online,67.52,BND,67.52,BN,BN,,False,2025-03-23 21:00:00,0,21,6,631.3000000000001,3.0,913.14,10.0,1917.94,30.0,False
acct_1015,cust_454,bank,acct_main_cust_454,ACCOUNT_EVENT,online,94.55,BND,94.55,BN,BN,,False,2025-03-15 07:00:00,0,7,5,51.769999999999975,3.0,420.19,10.0,1401.63,30.0,True
acct_1260,cust_455,cash,acct_main_cust_455,ACCOUNT_EVENT,branch,39.94,BND,39.94,BN,BN,,False,2025-03-25 12:00:00,0,12,1,107.71,3.0,362.56,10.0,942.97,30.0,True
acct_1388,cust_457,cash,acct_main_cust_457,ACCOUNT_EVENT,branch,64.66,BND,64.66,BN,BN,,False,2025-03-30 20:00:00,0,20,6,107.96,3.0,336.57,10.0,5459.9800000000005,30.0,False
acct_1229,cust_458,bank,acct_main_cust_458,ACCOUNT_EVENT,online,61.09,BND,61.09,BN,BN,,False,2025-03-24 05:00:00,0,5,0,84.18,3.0,482.25,10.0,2230.98,30.0,True
acct_770,cust_463,cash,acct_main_cust_463,ACCOUNT_EVENT,branch,107.86,BND,107.86,BN,BN,,False,2025-03-05 02:00:00,0,2,2,113.28,3.0,1661.0800000000002,10.0,2231.98,30.0,True
acct_732,cust_464,bank,acct_main_cust_464,ACCOUNT_EVENT,online,57.11,BND,57.11,BN,BN,,False,2025-03-03 12:00:00,0,12,0,168.44,3.0,710.3800000000001,10.0,2350.23,30.0,True
acct_879,cust_467,cash,acct_main_cust_467,ACCOUNT_EVENT,branch,388.81,BND,388.81,BN,BN,,False,2025-03-09 15:00:00,0,15,6,349.9900000000001,3.0,1962.39,10.0,3916.75,30.0,True
acct_1139,cust_468,cash,acct_main_cust_468,ACCOUNT_EVENT,branch,186.66,BND,186.66,BN,BN,,False,2025-03-20 11:00:00,0,11,3,138.52000000000007,3.0,901.94,10.0,2037.3,30.0,True
acct_1361,cust_470,cash,acct_main_cust_470,ACCOUNT_EVENT,branch,364.36,BND,364.36,BN,BN,,False,2025-03-29 17:00:00,0,17,5,109.48,3.0,1530.97,10.0,2986.73,30.0,True
acct_801,cust_476,bank,acct_main_cust_476,ACCOUNT_EVENT,online,53.4,BND,53.4,BN,BN,,False,2025-03-06 09:00:00,0,9,3,177.74000000000024,3.0,797.88,10.0,4956.33,30.0,True
acct_1233,cust_476,bank,acct_main_cust_476,ACCOUNT_EVENT,online,161.99,BND,161.99,BN,BN,,False,2025-03-24 09:00:00,0,9,0,202.0200000000002,3.0,638.33,10.0,5008.44,30.0,False
acct_1189,cust_478,cash,acct_main_cust_478,ACCOUNT_EVENT,branch,35.16,BND,35.16,BN,BN,,False,2025-03-22 13:00:00,0,13,5,54.24,3.0,475.2,10.0,1242.22,30.0,True
acct_752,cust_485,bank,acct_main_cust_485,ACCOUNT_EVENT,online,209.64,BND,209.64,BN,BN,,False,2025-03-04 08:00:00,0,8,1,168.10000000000002,3.0,953.52,10.0,1513.07,30.0,True
acct_1093,cust_485,bank,acct_main_cust_485,ACCOUNT_EVENT,online,108.34,BND,108.34,BN,BN,,False,2025-03-18 13:00:00,0,13,1,373.25,3.0,1151.17,10.0,1598.01,30.0,False
acct_810,cust_486,cash,acct_main_cust_486,ACCOUNT_EVENT,branch,132.37,BND,132.37,BN,BN,,False,2025-03-06 18:00:00,0,18,3,206.29,3.0,731.2,10.0,3420.71,30.0,True
acct_1206,cust_491,cash,acct_main_cust_491,ACCOUNT_EVENT,branch,65.5,BND,65.5,BN,BN,,False,2025-03-23 06:00:00,0,6,6,649.99,3.0,1314.75,10.0,2750.37,30.0,True
acct_989,cust_499,bank,acct_main_cust_499,ACCOUNT_EVENT,online,58.64,BND,58.64,BN,BN,,False,2025-03-14 05:00:00,0,5,4,51.15,3.0,215.22999999999996,10.0,846.51,30.0,True
acct_1278,cust_50,bank,acct_main_cust_50,ACCOUNT_EVENT,online,32.71,BND,32.71,BN,BN,,False,2025-03-26 06:00:00,0,6,2,56.37999999999997,3.0,520.85,10.0,3171.32,30.0,False
acct_1169,cust_504,bank,acct_main_cust_504,ACCOUNT_EVENT,online,104.88,BND,104.88,BN,BN,,False,2025-03-21 17:00:00,0,17,4,194.38999999999987,3.0,433.52,10.0,2482.69,30.0,False
acct_1019,cust_505,cash,acct_main_cust_505,ACCOUNT_EVENT,branch,67.08,BND,67.08,BN,BN,,False,2025-03-15 11:00:00,0,11,5,181.79,3.0,610.3,10.0,1273.9299999999998,30.0,False
acct_1212,cust_506,cash,acct_main_cust_506,ACCOUNT_EVENT,branch,288.97,BND,288.97,BN,BN,,False,2025-03-23 12:00:00,0,12,6,107.37,3.0,1093.01,10.0,2505.6600000000003,30.0,True
acct_1252,cust_510,bank,acct_main_cust_510,ACCOUNT_EVENT,online,171.97,BND,171.97,BN,BN,,False,2025-03-25 04:00:00,0,4,1,6.0600000000000005,3.0,836.79,10.0,2685.33,30.0,True
acct_673,cust_516,cash,acct_main_cust_516,ACCOUNT_EVENT,branch,77.95,BND,77.95,BN,BN,,False,2025-03-01 01:00:00,0,1,5,1345.88,3.0,1703.5300000000002,10.0,4208.7300000000005,30.0,True
acct_820,cust_516,cash,acct_main_cust_516,ACCOUNT_EVENT,branch,40.55,BND,40.55,BN,BN,,False,2025-03-07 04:00:00,0,4,4,1294.8300000000002,3.0,1766.4800000000002,10.0,4284.1900000000005,30.0,False
acct_1005,cust_52,bank,acct_main_cust_52,ACCOUNT_EVENT,online,80.22,BND,80.22,BN,BN,,False,2025-03-14 21:00:00,0,21,4,1067.14,3.0,1351.8399999999997,10.0,2230.44,30.0,True
acct_844,cust_522,bank,acct_main_cust_522,ACCOUNT_EVENT,online,36.91,BND,36.91,BN,BN,,False,2025-03-08 04:00:00,1,4,5,772.81,3.0,1115.9300000000003,10.0,2512.6000000000004,30.0,True
acct_1285,cust_525,cash,acct_main_cust_525,ACCOUNT_EVENT,branch,298.11,BND,298.11,BN,BN,,False,2025-03-26 13:00:00,0,13,2,196.36000000000007,3.0,929.05,10.0,1645.22,30.0,True
acct_1071,cust_527,bank,acct_main_cust_527,ACCOUNT_EVENT,online,61.3,BND,61.3,BN,BN,,False,2025-03-17 15:00:00,0,15,0,66.48999999999994,3.0,289.13,10.0,2223.47,30.0,True
acct_729,cust_528,bank,acct_main_cust_528,ACCOUNT_EVENT,online,417.14,BND,417.14,BN,BN,,False,2025-03-03 09:00:00,0,9,0,146.02999999999997,3.0,905.51,10.0,1410.04,30.0,True
acct_1333,cust_528,cash,acct_main_cust_528,ACCOUNT_EVENT,branch,66.8,BND,66.8,BN,BN,,False,2025-03-28 13:00:00,0,13,4,545.3399999999999,3.0,822.65,10.0,1812.28,30.0,False
acct_1158,cust_53,bank,acct_main_cust_53,ACCOUNT_EVENT,online,69.36,BND,69.36,BN,BN,,False,2025-03-21 06:00:00,0,6,4,345.8000000000001,3.0,1886.68,10.0,2705.21,30.0,False
acct_1090,cust_531,bank,acct_main_cust_531,ACCOUNT_EVENT,online,141.16,BND,141.16,BN,BN,,False,2025-03-18 10:00:00,0,10,1,126.78,3.0,1064.19,10.0,2522.81,30.0,True
acct_691,cust_534,bank,acct_main_cust_534,ACCOUNT_EVENT,online,136.45,BND,136.45,BN,BN,,False,2025-03-01 19:00:00,0,19,5,283.58000000000004,3.0,495.25,10.0,1552.91,30.0,True
acct_688,cust_536,bank,acct_main_cust_536,ACCOUNT_EVENT,online,29.64,BND,29.64,BN,BN,,False,2025-03-01 16:00:00,0,16,5,796.79,3.0,939.08,10.0,1936.85,30.0,True
acct_703,cust_538,cash,acct_main_cust_538,ACCOUNT_EVENT,branch,99.39,BND,99.39,BN,BN,,False,2025-03-02 07:00:00,0,7,6,290.85,3.0,506.73,10.0,1751.96,30.0,False
acct_755,cust_54,cash,acct_main_cust_54,ACCOUNT_EVENT,branch,370.68,BND,370.68,BN,BN,,False,2025-03-04 11:00:00,0,11,1,45.48,3.0,579.52,10.0,4221.59,30.0,True
acct_773,cust_547,bank,acct_main_cust_547,ACCOUNT_EVENT,online,35.33,BND,35.33,BN,BN,,False,2025-03-05 05:00:00,0,5,2,44.67000000000011,3.0,813.23,10.0,4688.9400000000005,30.0,True
acct_1321,cust_547,cash,acct_main_cust_547,ACCOUNT_EVENT,branch,178.85,BND,178.85,BN,BN,,False,2025-03-28 01:00:00,0,1,4,78.4800000000001,3.0,649.56,10.0,4687.27,30.0,True
acct_863,cust_552,cash,acct_main_cust_552,ACCOUNT_EVENT,branch,35.22,BND,35.22,BN,BN,,False,2025-03-08 23:00:00,0,23,5,200.7800000000001,3.0,834.5800000000002,10.0,4114.22,30.0,True
acct_1317,cust_552,bank,acct_main_cust_552,ACCOUNT_EVENT,online,70.85,BND,70.85,BN,BN,,False,2025-03-27 21:00:00,0,21,3,186.00000000000009,3.0,580.4700000000003,10.0,4148.4400000000005,30.0,True
acct_1127,cust_553,bank,acct_main_cust_553,ACCOUNT_EVENT,online,60.0,BND,60.0,BN,BN,,False,2025-03-19 23:00:00,0,23,2,119.91000000000004,3.0,812.48,10.0,2342.45,30.0,False
acct_948,cust_562,bank,acct_main_cust_562,ACCOUNT_EVENT,online,284.38,BND,284.38,BN,BN,,False,2025-03-12 12:00:00,0,12,2,14.169999999999874,3.0,1018.32,10.0,2704.39,30.0,True
acct_1031,cust_564,cash,acct_main_cust_564,ACCOUNT_EVENT,branch,73.18,BND,73.18,BN,BN,,False,2025-03-15 23:00:00,0,23,5,51.28,3.0,1447.5600000000002,10.0,2016.81,30.0,True
acct_1045,cust_566,bank,acct_main_cust_566,ACCOUNT_EVENT,online,1119.04,BND,1119.04,BN,BN,,False,2025-03-16 13:00:00,0,13,6,307.57,3.0,498.95,10.0,1502.3,30.0,True
acct_1385,cust_566,cash,acct_main_cust_566,ACCOUNT_EVENT,branch,548.87,BND,548.87,BN,BN,,False,2025-03-30 17:00:00,0,17,6,1345.35,3.0,1493.99,10.0,2620.34,30.0,False
acct_871,cust_567,cash,acct_main_cust_567,ACCOUNT_EVENT,branch,130.48,BND,130.48,BN,BN,,False,2025-03-09 07:00:00,0,7,6,77.94,3.0,688.6,10.0,1418.18,30.0,True
acct_1014,cust_567,bank,acct_main_cust_567,ACCOUNT_EVENT,online,43.23,BND,43.23,BN,BN,,False,2025-03-15 06:00:00,0,6,5,199.43,3.0,534.49,10.0,1543.3,30.0,False
acct_1281,cust_568,bank,acct_main_cust_568,ACCOUNT_EVENT,online,130.78,BND,130.78,BN,BN,,False,2025-03-26 09:00:00,0,9,2,116.69,3.0,365.16,10.0,1359.47,30.0,False
acct_1053,cust_578,bank,acct_main_cust_578,ACCOUNT_EVENT,online,54.35,BND,54.35,BN,BN,,False,2025-03-16 21:00:00,0,21,6,910.91,3.0,2630.33,10.0,4227.52,30.0,True
acct_925,cust_585,cash,acct_main_cust_585,ACCOUNT_EVENT,branch,162.11,BND,162.11,BN,BN,,False,2025-03-11 13:00:00,1,13,1,333.74,3.0,1188.05,10.0,2116.37,30.0,True
acct_823,cust_586,bank,acct_main_cust_586,ACCOUNT_EVENT,online,85.36,BND,85.36,BN,BN,,False,2025-03-07 07:00:00,0,7,4,184.83,3.0,513.6200000000001,10.0,1453.13,30.0,True
acct_1226,cust_586,cash,acct_main_cust_586,ACCOUNT_EVENT,branch,165.44,BND,165.44,BN,BN,,False,2025-03-24 02:00:00,0,2,0,167.25,3.0,584.08,10.0,1511.6,30.0,True
acct_870,cust_590,cash,acct_main_cust_590,ACCOUNT_EVENT,branch,23.34,BND,23.34,BN,BN,,False,2025-03-09 06:00:00,0,6,6,104.12000000000006,3.0,632.8299999999999,10.0,1995.39,30.0,True
acct_681,cust_591,cash,acct_main_cust_591,ACCOUNT_EVENT,branch,30.94,BND,30.94,BN,BN,,False,2025-03-01 09:00:00,1,9,5,37.06,3.0,688.07,10.0,1446.64,30.0,False
acct_850,cust_591,bank,acct_main_cust_591,ACCOUNT_EVENT,online,190.61,BND,190.61,BN,BN,,False,2025-03-08 10:00:00,0,10,5,43.0,3.0,699.01,10.0,1463.0199999999998,30.0,True
acct_1163,cust_591,cash,acct_main_cust_591,ACCOUNT_EVENT,branch,81.15,BND,81.15,BN,BN,,False,2025-03-21 11:00:00,0,11,4,228.23,3.0,863.62,10.0,1648.14,30.0,False
acct_1173,cust_596,bank,acct_main_cust_596,ACCOUNT_EVENT,online,107.4,BND,107.4,BN,BN,,False,2025-03-21 21:00:00,0,21,4,271.74000000000007,3.0,586.89,10.0,1546.89,30.0,True
acct_1041,cust_597,bank,acct_main_cust_597,ACCOUNT_EVENT,online,73.02,BND,73.02,BN,BN,,False,2025-03-16 09:00:00,0,9,6,86.05,3.0,971.74,10.0,4170.349999999999,30.0,True
acct_1147,cust_598,cash,acct_main_cust_598,ACCOUNT_EVENT,branch,91.68,BND,91.68,BN,BN,,False,2025-03-20 19:00:00,0,19,3,300.8400000000002,3.0,628.1899999999997,10.0,1665.32,30.0,True
acct_1382,cust_598,bank,acct_main_cust_598,ACCOUNT_EVENT,online,63.07,BND,63.07,BN,BN,,False,2025-03-30 14:00:00,0,14,6,391.6300000000002,3.0,717.8699999999998,10.0,1705.15,30.0,True
acct_1003,cust_600,cash,acct_main_cust_600,ACCOUNT_EVENT,branch,83.27,BND,83.27,BN,BN,,False,2025-03-14 19:00:00,0,19,4,324.49000000000024,3.0,525.0400000000002,10.0,4265.56,30.0,True
acct_1039,cust_601,cash,acct_main_cust_601,ACCOUNT_EVENT,branch,76.41,BND,76.41,BN,BN,,False,2025-03-16 07:00:00,0,7,6,98.45000000000002,3.0,850.45,10.0,1452.3,30.0,True
acct_991,cust_604,bank,acct_main_cust_604,ACCOUNT_EVENT,online,90.51,BND,90.51,BN,BN,,False,2025-03-14 07:00:00,0,7,4,357.4,3.0,983.98,10.0,2122.19,30.0,False
acct_1025,cust_606,cash,acct_main_cust_606,ACCOUNT_EVENT,branch,124.61,BND,124.61,BN,BN,,False,2025-03-15 17:00:00,0,17,5,19.93,3.0,515.3,10.0,1507.96,30.0,True
acct_1024,cust_614,bank,acct_main_cust_614,ACCOUNT_EVENT,online,80.05,BND,80.05,BN,BN,,False,2025-03-15 16:00:00,0,16,5,40.02,3.0,194.32,10.0,1957.15,30.0,True
acct_886,cust_618,cash,acct_main_cust_618,ACCOUNT_EVENT,branch,457.82,BND,457.82,BN,BN,,False,2025-03-09 22:00:00,0,22,6,145.7900000000001,3.0,414.44,10.0,2962.16,30.0,True
acct_767,cust_619,bank,acct_main_cust_619,ACCOUNT_EVENT,online,116.82,BND,116.82,BN,BN,,False,2025-03-04 23:00:00,0,23,1,483.99,3.0,707.64,10.0,2149.83,30.0,True
acct_1023,cust_619,bank,acct_main_cust_619,ACCOUNT_EVENT,online,70.06,BND,70.06,BN,BN,,False,2025-03-15 15:00:00,0,15,5,130.81,3.0,811.8599999999999,10.0,2265.88,30.0,False
acct_982,cust_621,bank,acct_main_cust_621,ACCOUNT_EVENT,online,154.54,BND,154.54,BN,BN,,False,2025-03-13 22:00:00,0,22,3,162.23000000000002,3.0,662.32,10.0,1375.18,30.0,True
acct_1089,cust_621,cash,acct_main_cust_621,ACCOUNT_EVENT,branch,162.51,BND,162.51,BN,BN,,False,2025-03-18 09:00:00,0,9,1,312.28,3.0,815.86,10.0,1463.15,30.0,False
acct_908,cust_622,cash,acct_main_cust_622,ACCOUNT_EVENT,branch,93.82,BND,93.82,BN,BN,,False,2025-03-10 20:00:00,0,20,0,175.46,3.0,471.85,10.0,1616.59,30.0,True
acct_950,cust_624,cash,acct_main_cust_624,ACCOUNT_EVENT,branch,55.71,BND,55.71,BN,BN,,False,2025-03-12 14:00:00,0,14,2,201.75,3.0,659.8,10.0,3098.19,30.0,True
acct_1000,cust_625,cash,acct_main_cust_625,ACCOUNT_EVENT,branch,62.71,BND,62.71,BN,BN,,False,2025-03-14 16:00:00,0,16,4,56.09,3.0,574.6199999999999,10.0,1958.62,30.0,False
acct_1059,cust_625,bank,acct_main_cust_625,ACCOUNT_EVENT,online,186.7,BND,186.7,BN,BN,,False,2025-03-17 03:00:00,0,3,0,103.13,3.0,628.3399999999999,10.0,2005.96,30.0,True
acct_787,cust_636,bank,acct_main_cust_636,ACCOUNT_EVENT,online,60.44,BND,60.44,BN,BN,,False,2025-03-05 19:00:00,0,19,2,228.84,3.0,555.31,10.0,1094.16,30.0,True
acct_815,cust_637,cash,acct_main_cust_637,ACCOUNT_EVENT,branch,49.43,BND,49.43,BN,BN,,False,2025-03-06 23:00:00,0,23,3,72.49,3.0,156.15,10.0,1476.13,30.0,True
acct_1078,cust_637,cash,acct_main_cust_637,ACCOUNT_EVENT,branch,167.47,BND,167.47,BN,BN,,False,2025-03-17 22:00:00,0,22,0,88.82,3.0,204.58,10.0,1483.9499999999998,30.0,False
acct_941,cust_641,cash,acct_main_cust_641,ACCOUNT_EVENT,branch,78.16,BND,78.16,BN,BN,,False,2025-03-12 05:00:00,0,5,2,60.28,3.0,447.96,10.0,1170.3,30.0,False
acct_778,cust_642,bank,acct_main_cust_642,ACCOUNT_EVENT,online,160.5,BND,160.5,BN,BN,,False,2025-03-05 10:00:00,0,10,2,880.6800000000001,3.0,1081.7299999999998,10.0,2974.07,30.0,True
acct_1243,cust_647,cash,acct_main_cust_647,ACCOUNT_EVENT,branch,73.91,BND,73.91,BN,BN,,False,2025-03-24 19:00:00,0,19,0,238.68000000000012,3.0,1616.7700000000002,10.0,6559.4400000000005,30.0,True
acct_1345,cust_647,cash,acct_main_cust_647,ACCOUNT_EVENT,branch,35.93,BND,35.93,BN,BN,,False,2025-03-29 01:00:00,0,1,5,310.8100000000002,3.0,1305.6799999999998,10.0,6329.09,30.0,False
acct_1269,cust_650,cash,acct_main_cust_650,ACCOUNT_EVENT,branch,481.44,BND,481.44,BN,BN,,False,2025-03-25 21:00:00,0,21,1,291.45,3.0,907.07,10.0,3715.85,30.0,True
acct_1007,cust_655,cash,acct_main_cust_655,ACCOUNT_EVENT,branch,124.57,BND,124.57,BN,BN,,False,2025-03-14 23:00:00,0,23,4,139.73000000000002,3.0,1107.45,10.0,2342.13,30.0,False
acct_1180,cust_655,bank,acct_main_cust_655,ACCOUNT_EVENT,online,79.46,BND,79.46,BN,BN,,False,2025-03-22 04:00:00,1,4,5,243.41,3.0,1209.66,10.0,2439.48,30.0,True
acct_1107,cust_659,cash,acct_main_cust_659,ACCOUNT_EVENT,branch,150.77,BND,150.77,BN,BN,,False,2025-03-19 03:00:00,0,3,2,35.689999999999884,3.0,853.0400000000001,10.0,2940.72,30.0,True
acct_1284,cust_66,cash,acct_main_cust_66,ACCOUNT_EVENT,branch,23.56,BND,23.56,BN,BN,,False,2025-03-26 12:00:00,0,12,2,295.9,3.0,484.5600000000001,10.0,3513.26,30.0,True
acct_899,cust_660,bank,acct_main_cust_660,ACCOUNT_EVENT,online,11.8,BND,11.8,BN,BN,,False,2025-03-10 11:00:00,0,11,0,61.29,3.0,2585.07,10.0,4018.6,30.0,True
acct_751,cust_661,cash,acct_main_cust_661,ACCOUNT_EVENT,branch,86.76,BND,86.76,BN,BN,,False,2025-03-04 07:00:00,0,7,1,375.75,3.0,466.2199999999999,10.0,2827.69,30.0,False
acct_901,cust_661,bank,acct_main_cust_661,ACCOUNT_EVENT,online,156.91,BND,156.91,BN,BN,,False,2025-03-10 13:00:00,0,13,0,413.51,3.0,523.8799999999999,10.0,2850.95,30.0,True
acct_690,cust_677,cash,acct_main_cust_677,ACCOUNT_EVENT,branch,74.61,BND,74.61,BN,BN,,False,2025-03-01 18:00:00,0,18,5,192.5,3.0,414.44,10.0,3033.87,30.0,False
acct_803,cust_679,cash,acct_main_cust_679,ACCOUNT_EVENT,branch,134.11,BND,134.11,BN,BN,,False,2025-03-06 11:00:00,0,11,3,120.58999999999988,3.0,280.44,10.0,1470.34,30.0,False
acct_1316,cust_679,bank,acct_main_cust_679,ACCOUNT_EVENT,online,185.78,BND,185.78,BN,BN,,False,2025-03-27 20:00:00,0,20,3,222.9199999999999,3.0,404.28,10.0,1589.45,30.0,True
acct_1327,cust_68,cash,acct_main_cust_68,ACCOUNT_EVENT,branch,130.37,BND,130.37,BN,BN,,False,2025-03-28 07:00:00,0,7,4,104.68,3.0,167.17000000000002,10.0,1576.91,30.0,True
acct_1389,cust_681,cash,acct_main_cust_681,ACCOUNT_EVENT,branch,234.92,BND,234.92,BN,BN,,False,2025-03-30 21:00:00,0,21,6,531.9499999999999,3.0,2666.18,10.0,3897.24,30.0,True
acct_710,cust_686,bank,acct_main_cust_686,ACCOUNT_EVENT,online,48.14,BND,48.14,BN,BN,,False,2025-03-02 14:00:00,0,14,6,14.46000000000003,3.0,333.0400000000001,10.0,2009.92,30.0,True
acct_1135,cust_687,cash,acct_main_cust_687,ACCOUNT_EVENT,branch,35.97,BND,35.97,BN,BN,,False,2025-03-20 07:00:00,0,7,3,352.3,3.0,433.3,10.0,1644.65,30.0,True
acct_1091,cust_688,bank,acct_main_cust_688,ACCOUNT_EVENT,online,223.98,BND,223.98,BN,BN,,False,2025-03-18 11:00:00,0,11,1,119.67000000000004,3.0,273.65,10.0,1341.8200000000002,30.0,False
acct_1148,cust_689,cash,acct_main_cust_689,ACCOUNT_EVENT,branch,68.06,BND,68.06,BN,BN,,False,2025-03-20 20:00:00,0,20,3,129.07,3.0,577.0999999999999,10.0,2709.1400000000003,30.0,True
acct_1234,cust_69,bank,acct_main_cust_69,ACCOUNT_EVENT,online,37.0,BND,37.0,BN,BN,,False,2025-03-24 10:00:00,0,10,0,6.13,3.0,253.79,10.0,1823.7,30.0,True
acct_935,cust_692,bank,acct_main_cust_692,ACCOUNT_EVENT,online,68.51,BND,68.51,BN,BN,,False,2025-03-11 23:00:00,1,23,1,21.27000000000006,3.0,203.3,10.0,1454.73,30.0,True
acct_1043,cust_692,bank,acct_main_cust_692,ACCOUNT_EVENT,online,36.31,BND,36.31,BN,BN,,False,2025-03-16 11:00:00,0,11,6,88.49000000000007,3.0,209.81,10.0,1519.67,30.0,False
acct_918,cust_699,cash,acct_main_cust_699,ACCOUNT_EVENT,branch,55.32,BND,55.32,BN,BN,,False,2025-03-11 06:00:00,0,6,1,126.49,3.0,1138.88,10.0,2120.58,30.0,True
acct_976,cust_706,bank,acct_main_cust_706,ACCOUNT_EVENT,online,222.55,BND,222.55,BN,BN,,False,2025-03-13 16:00:00,0,16,3,85.25,3.0,938.35,10.0,1838.68,30.0,True
acct_679,cust_708,bank,acct_main_cust_708,ACCOUNT_EVENT,online,137.97,BND,137.97,BN,BN,,False,2025-03-01 07:00:00,0,7,5,306.26,3.0,580.28,10.0,2155.01,30.0,True
acct_1245,cust_709,bank,acct_main_cust_709,ACCOUNT_EVENT,online,38.7,BND,38.7,BN,BN,,False,2025-03-24 21:00:00,0,21,0,141.75,3.0,751.1100000000001,10.0,1394.27,30.0,False
acct_896,cust_711,cash,acct_main_cust_711,ACCOUNT_EVENT,branch,9.4,BND,9.4,BN,BN,,False,2025-03-10 08:00:00,0,8,0,771.69,3.0,1036.2,10.0,2125.55,30.0,True
acct_1119,cust_714,cash,acct_main_cust_714,ACCOUNT_EVENT,branch,21.68,BND,21.68,BN,BN,,False,2025-03-19 15:00:00,0,15,2,196.14,3.0,359.07,10.0,1249.72,30.0,True
acct_1083,cust_715,cash,acct_main_cust_715,ACCOUNT_EVENT,branch,216.39,BND,216.39,BN,BN,,False,2025-03-18 03:00:00,0,3,1,831.38,3.0,1369.68,10.0,2150.51,30.0,True
acct_1215,cust_715,cash,acct_main_cust_715,ACCOUNT_EVENT,branch,273.78,BND,273.78,BN,BN,,False,2025-03-23 15:00:00,0,15,6,1039.79,3.0,1396.58,10.0,2116.6,30.0,False
acct_1242,cust_718,cash,acct_main_cust_718,ACCOUNT_EVENT,branch,87.92,BND,87.92,BN,BN,,False,2025-03-24 18:00:00,0,18,0,456.87999999999954,3.0,1495.35,10.0,4793.47,30.0,True
acct_794,cust_721,cash,acct_main_cust_721,ACCOUNT_EVENT,branch,30.29,BND,30.29,BN,BN,,False,2025-03-06 02:00:00,0,2,3,29.64,3.0,316.9500000000001,10.0,1955.98,30.0,True
acct_1207,cust_721,cash,acct_main_cust_721,ACCOUNT_EVENT,branch,114.93,BND,114.93,BN,BN,,False,2025-03-23 07:00:00,0,7,6,59.16,3.0,297.26000000000016,10.0,1979.27,30.0,False
acct_782,cust_723,bank,acct_main_cust_723,ACCOUNT_EVENT,online,207.59,BND,207.59,BN,BN,,False,2025-03-05 14:00:00,0,14,2,228.74,3.0,390.31,10.0,2522.9300000000003,30.0,True
acct_1197,cust_724,bank,acct_main_cust_724,ACCOUNT_EVENT,online,46.14,BND,46.14,BN,BN,,False,2025-03-22 21:00:00,0,21,5,233.61,3.0,1486.05,10.0,3612.02,30.0,False
acct_718,cust_726,cash,acct_main_cust_726,ACCOUNT_EVENT,branch,122.29,BND,122.29,BN,BN,,False,2025-03-02 22:00:00,0,22,6,714.9000000000001,3.0,1135.2799999999995,10.0,3268.4100000000003,30.0,True
acct_827,cust_729,cash,acct_main_cust_729,ACCOUNT_EVENT,branch,66.88,BND,66.88,BN,BN,,False,2025-03-07 11:00:00,0,11,4,81.1,3.0,805.6199999999999,10.0,1936.81,30.0,False
acct_1298,cust_734,bank,acct_main_cust_734,ACCOUNT_EVENT,online,33.32,BND,33.32,BN,BN,,False,2025-03-27 02:00:00,0,2,3,7.3799999999999715,3.0,475.73,10.0,1532.75,30.0,True
acct_1332,cust_735,bank,acct_main_cust_735,ACCOUNT_EVENT,online,40.06,BND,40.06,BN,BN,,False,2025-03-28 12:00:00,0,12,4,9.99,3.0,712.54,10.0,2020.06,30.0,True
acct_686,cust_736,bank,acct_main_cust_736,ACCOUNT_EVENT,online,146.83,BND,146.83,BN,BN,,False,2025-03-01 14:00:00,0,14,5,216.6,3.0,830.26,10.0,1476.33,30.0,True
acct_1095,cust_736,bank,acct_main_cust_736,ACCOUNT_EVENT,online,58.12,BND,58.12,BN,BN,,False,2025-03-18 15:00:00,0,15,1,354.89,3.0,834.67,10.0,1603.16,30.0,False
acct_836,cust_738,bank,acct_main_cust_738,ACCOUNT_EVENT,online,101.76,BND,101.76,BN,BN,,False,2025-03-07 20:00:00,1,20,4,29.110000000000017,3.0,194.17,10.0,2157.59,30.0,True
acct_961,cust_738,bank,acct_main_cust_738,ACCOUNT_EVENT,online,137.71,BND,137.71,BN,BN,,False,2025-03-13 01:00:00,0,1,3,129.95000000000002,3.0,275.93,10.0,2258.46,30.0,False
acct_856,cust_747,bank,acct_main_cust_747,ACCOUNT_EVENT,online,57.11,BND,57.11,BN,BN,,False,2025-03-08 16:00:00,0,16,5,401.7400000000001,3.0,871.86,10.0,2725.84,30.0,True
acct_858,cust_748,cash,acct_main_cust_748,ACCOUNT_EVENT,branch,27.63,BND,27.63,BN,BN,,False,2025-03-08 18:00:00,0,18,5,18.71,3.0,1049.58,10.0,2693.93,30.0,True
acct_1208,cust_749,bank,acct_main_cust_749,ACCOUNT_EVENT,online,17.14,BND,17.14,BN,BN,,False,2025-03-23 08:00:00,0,8,6,89.67999999999999,3.0,627.99,10.0,3775.18,30.0,True
acct_986,cust_75,bank,acct_main_cust_75,ACCOUNT_EVENT,online,116.57,BND,116.57,BN,BN,,False,2025-03-14 02:00:00,0,2,4,591.96,3.0,1284.5,10.0,1969.92,30.0,True
acct_1380,cust_752,bank,acct_main_cust_752,ACCOUNT_EVENT,online,24.29,BND,24.29,BN,BN,,False,2025-03-30 12:00:00,0,12,6,1625.16,3.0,2484.99,10.0,3497.5,30.0,True
acct_1295,cust_753,cash,acct_main_cust_753,ACCOUNT_EVENT,branch,45.85,BND,45.85,BN,BN,,False,2025-03-26 23:00:00,0,23,2,58.17,3.0,194.82000000000025,10.0,1888.15,30.0,True
acct_1070,cust_756,cash,acct_main_cust_756,ACCOUNT_EVENT,branch,87.96,BND,87.96,BN,BN,,False,2025-03-17 14:00:00,0,14,0,256.7900000000001,3.0,657.48,10.0,2877.89,30.0,True
acct_1040,cust_757,bank,acct_main_cust_757,ACCOUNT_EVENT,online,133.43,BND,133.43,BN,BN,,False,2025-03-16 08:00:00,0,8,6,199.22,3.0,840.74,10.0,2407.5,30.0,False
acct_1084,cust_759,cash,acct_main_cust_759,ACCOUNT_EVENT,branch,63.32,BND,63.32,BN,BN,,False,2025-03-18 04:00:00,0,4,1,341.69,3.0,720.0200000000001,10.0,1854.49,30.0,True
acct_1293,cust_762,bank,acct_main_cust_762,ACCOUNT_EVENT,online,514.71,BND,514.71,BN,BN,,False,2025-03-26 21:00:00,0,21,2,22.25,3.0,46.26,10.0,3933.56,30.0,True
acct_866,cust_765,bank,acct_main_cust_765,ACCOUNT_EVENT,online,73.75,BND,73.75,BN,BN,,False,2025-03-09 02:00:00,0,2,6,574.38,3.0,1175.8,10.0,2162.53,30.0,True
acct_867,cust_770,bank,acct_main_cust_770,ACCOUNT_EVENT,online,16.74,BND,16.74,BN,BN,,False,2025-03-09 03:00:00,0,3,6,1248.53,3.0,1583.29,10.0,5992.52,30.0,True
acct_786,cust_777,cash,acct_main_cust_777,ACCOUNT_EVENT,branch,192.6,BND,192.6,BN,BN,,False,2025-03-05 18:00:00,0,18,2,228.26,3.0,629.17,10.0,2539.52,30.0,True
acct_1194,cust_778,cash,acct_main_cust_778,ACCOUNT_EVENT,branch,147.46,BND,147.46,BN,BN,,False,2025-03-22 18:00:00,0,18,5,23.67000000000001,3.0,185.97,10.0,987.8,30.0,True
acct_826,cust_779,cash,acct_main_cust_779,ACCOUNT_EVENT,branch,106.18,BND,106.18,BN,BN,,False,2025-03-07 10:00:00,0,10,4,67.23000000000006,3.0,454.07,10.0,1866.36,30.0,True
acct_819,cust_78,cash,acct_main_cust_78,ACCOUNT_EVENT,branch,53.88,BND,53.88,BN,BN,,False,2025-03-07 03:00:00,0,3,4,71.08,3.0,905.1,10.0,2555.37,30.0,False
acct_696,cust_780,bank,acct_main_cust_780,ACCOUNT_EVENT,online,59.66,BND,59.66,BN,BN,,False,2025-03-02 00:00:00,0,0,6,30.93999999999997,3.0,457.06,10.0,1025.11,30.0,True
acct_1050,cust_781,cash,acct_main_cust_781,ACCOUNT_EVENT,branch,99.43,BND,99.43,BN,BN,,False,2025-03-16 18:00:00,0,18,6,153.76,3.0,2023.82,10.0,3558.01,30.0,True
acct_1390,cust_782,bank,acct_main_cust_782,ACCOUNT_EVENT,online,44.85,BND,44.85,BN,BN,,False,2025-03-30 22:00:00,0,22,6,21.24,3.0,2484.7,10.0,3214.15,30.0,True
acct_1217,cust_783,bank,acct_main_cust_783,ACCOUNT_EVENT,online,614.52,BND,614.52,BN,BN,,False,2025-03-23 17:00:00,0,17,6,72.19000000000005,3.0,913.35,10.0,2204.03,30.0,True
acct_1152,cust_785,cash,acct_main_cust_785,ACCOUNT_EVENT,branch,62.33,BND,62.33,BN,BN,,False,2025-03-21 00:00:00,0,0,4,540.3100000000001,3.0,901.7,10.0,4791.099999999999,30.0,True
acct_904,cust_787,bank,acct_main_cust_787,ACCOUNT_EVENT,online,92.32,BND,92.32,BN,BN,,False,2025-03-10 16:00:00,0,16,0,388.13,3.0,1120.31,10.0,2919.87,30.0,True
acct_705,cust_794,cash,acct_main_cust_794,ACCOUNT_EVENT,branch,90.92,BND,90.92,BN,BN,,False,2025-03-02 09:00:00,0,9,6,166.48,3.0,543.4399999999999,10.0,2347.22,30.0,True
acct_829,cust_795,cash,acct_main_cust_795,ACCOUNT_EVENT,branch,116.57,BND,116.57,BN,BN,,False,2025-03-07 13:00:00,0,13,4,270.89000000000004,3.0,472.75,10.0,1468.79,30.0,True
acct_1022,cust_797,bank,acct_main_cust_797,ACCOUNT_EVENT,online,41.55,BND,41.55,BN,BN,,False,2025-03-15 14:00:00,0,14,5,291.15,3.0,920.97,10.0,2647.21,30.0,True
acct_839,cust_803,cash,acct_main_cust_803,ACCOUNT_EVENT,branch,54.9,BND,54.9,BN,BN,,False,2025-03-07 23:00:00,0,23,4,58.98,3.0,1226.92,10.0,1949.29,30.0,True
acct_739,cust_804,cash,acct_main_cust_804,ACCOUNT_EVENT,branch,108.07,BND,108.07,BN,BN,,False,2025-03-03 19:00:00,0,19,0,265.18,3.0,1436.7800000000002,10.0,2575.37,30.0,True
acct_742,cust_81,bank,acct_main_cust_81,ACCOUNT_EVENT,online,188.75,BND,188.75,BN,BN,,False,2025-03-03 22:00:00,0,22,0,21.730000000000143,3.0,364.93,10.0,1944.64,30.0,True
acct_1346,cust_811,bank,acct_main_cust_811,ACCOUNT_EVENT,online,85.06,BND,85.06,BN,BN,,False,2025-03-29 02:00:00,0,2,5,28.54,3.0,132.23,10.0,1428.8,30.0,True
acct_1219,cust_813,cash,acct_main_cust_813,ACCOUNT_EVENT,branch,42.57,BND,42.57,BN,BN,,False,2025-03-23 19:00:00,0,19,6,310.36,3.0,1807.08,10.0,5164.3,30.0,True
acct_1325,cust_814,cash,acct_main_cust_814,ACCOUNT_EVENT,branch,23.04,BND,23.04,BN,BN,,False,2025-03-28 05:00:00,0,5,4,30.969999999999946,3.0,471.81,10.0,1467.5800000000002,30.0,True
acct_1204,cust_815,cash,acct_main_cust_815,ACCOUNT_EVENT,branch,50.74,BND,50.74,BN,BN,,False,2025-03-23 04:00:00,0,4,6,165.99999999999991,3.0,257.80000000000024,10.0,2208.27,30.0,True
acct_1342,cust_817,cash,acct_main_cust_817,ACCOUNT_EVENT,branch,61.76,BND,61.76,BN,BN,,False,2025-03-28 22:00:00,0,22,4,59.91,3.0,735.5900000000001,10.0,2952.4,30.0,False
acct_854,cust_818,bank,acct_main_cust_818,ACCOUNT_EVENT,online,232.54,BND,232.54,BN,BN,,False,2025-03-08 14:00:00,0,14,5,53.940000000000005,3.0,390.45,10.0,1821.75,30.0,True
acct_1063,cust_824,cash,acct_main_cust_824,ACCOUNT_EVENT,branch,287.55,BND,287.55,BN,BN,,False,2025-03-17 07:00:00,0,7,0,59.23,3.0,455.09,10.0,1621.84,30.0,True
acct_1195,cust_825,bank,acct_main_cust_825,ACCOUNT_EVENT,online,118.99,BND,118.99,BN,BN,,False,2025-03-22 19:00:00,0,19,5,412.9900000000001,3.0,1184.99,10.0,1586.9,30.0,True
acct_880,cust_83,cash,acct_main_cust_83,ACCOUNT_EVENT,branch,140.82,BND,140.82,BN,BN,,False,2025-03-09 16:00:00,0,16,6,68.48,3.0,427.93,10.0,1616.69,30.0,True
acct_1236,cust_835,cash,acct_main_cust_835,ACCOUNT_EVENT,branch,179.45,BND,179.45,BN,BN,,False,2025-03-24 12:00:00,0,12,0,146.63,3.0,469.07,10.0,1261.21,30.0,True
acct_1366,cust_835,bank,acct_main_cust_835,ACCOUNT_EVENT,online,30.69,BND,30.69,BN,BN,,False,2025-03-29 22:00:00,0,22,5,263.36,3.0,621.53,10.0,1370.7099999999998,30.0,False
acct_1375,cust_836,cash,acct_main_cust_836,ACCOUNT_EVENT,branch,31.63,BND,31.63,BN,BN,,False,2025-03-30 07:00:00,0,7,6,334.29,3.0,557.1500000000001,10.0,4330.7,30.0,False
acct_917,cust_84,bank,acct_main_cust_84,ACCOUNT_EVENT,online,94.15,BND,94.15,BN,BN,,False,2025-03-11 05:00:00,0,5,1,6.65,3.0,1250.71,10.0,3519.15,30.0,True
acct_977,cust_840,bank,acct_main_cust_840,ACCOUNT_EVENT,online,115.41,BND,115.41,BN,BN,,False,2025-03-13 17:00:00,0,17,3,13.570000000000112,3.0,71.77,10.0,1504.4699999999998,30.0,True
acct_1011,cust_841,cash,acct_main_cust_841,ACCOUNT_EVENT,branch,118.94,BND,118.94,BN,BN,,False,2025-03-15 03:00:00,0,3,5,190.63,3.0,1034.2599999999998,10.0,1955.46,30.0,True
acct_905,cust_842,cash,acct_main_cust_842,ACCOUNT_EVENT,branch,51.46,BND,51.46,BN,BN,,False,2025-03-10 17:00:00,0,17,0,69.00999999999999,3.0,657.56,10.0,1813.08,30.0,True
acct_1049,cust_842,bank,acct_main_cust_842,ACCOUNT_EVENT,online,50.33,BND,50.33,BN,BN,,False,2025-03-16 17:00:00,0,17,6,72.14,3.0,707.23,10.0,1863.65,30.0,True
acct_1176,cust_843,bank,acct_main_cust_843,ACCOUNT_EVENT,online,75.49,BND,75.49,BN,BN,,False,2025-03-22 00:00:00,0,0,5,29.67,3.0,239.76,10.0,2455.17,30.0,True
acct_1069,cust_844,cash,acct_main_cust_844,ACCOUNT_EVENT,branch,46.31,BND,46.31,BN,BN,,False,2025-03-17 13:00:00,0,13,0,17.509999999999998,3.0,553.84,10.0,2404.59,30.0,True
acct_1237,cust_844,cash,acct_main_cust_844,ACCOUNT_EVENT,branch,60.14,BND,60.14,BN,BN,,False,2025-03-24 13:00:00,0,13,0,61.84,3.0,595.35,10.0,2440.03,30.0,False
acct_861,cust_854,cash,acct_main_cust_854,ACCOUNT_EVENT,branch,217.27,BND,217.27,BN,BN,,False,2025-03-08 21:00:00,0,21,5,134.86,3.0,879.95,10.0,1962.73,30.0,True
acct_781,cust_862,cash,acct_main_cust_862,ACCOUNT_EVENT,branch,30.29,BND,30.29,BN,BN,,False,2025-03-05 13:00:00,1,13,2,239.52000000000007,3.0,360.17,10.0,1902.96,30.0,True
acct_1312,cust_87,cash,acct_main_cust_87,ACCOUNT_EVENT,branch,63.67,BND,63.67,BN,BN,,False,2025-03-27 16:00:00,0,16,3,266.75000000000006,3.0,1218.1999999999998,10.0,1961.12,30.0,True
acct_877,cust_875,cash,acct_main_cust_875,ACCOUNT_EVENT,branch,274.27,BND,274.27,BN,BN,,False,2025-03-09 13:00:00,0,13,6,707.4099999999999,3.0,862.02,10.0,2131.67,30.0,False
acct_1292,cust_875,bank,acct_main_cust_875,ACCOUNT_EVENT,online,211.38,BND,211.38,BN,BN,,False,2025-03-26 20:00:00,0,20,2,462.7799999999999,3.0,1084.5,10.0,2329.35,30.0,True
acct_1323,cust_876,cash,acct_main_cust_876,ACCOUNT_EVENT,branch,89.26,BND,89.26,BN,BN,,False,2025-03-28 03:00:00,0,3,4,264.28,3.0,531.16,10.0,1717.63,30.0,True
acct_766,cust_877,cash,acct_main_cust_877,ACCOUNT_EVENT,branch,45.76,BND,45.76,BN,BN,,False,2025-03-04 22:00:00,0,22,1,176.45000000000002,3.0,394.2000000000001,10.0,1370.9,30.0,True
acct_753,cust_878,cash,acct_main_cust_878,ACCOUNT_EVENT,branch,120.19,BND,120.19,BN,BN,,False,2025-03-04 09:00:00,0,9,1,196.99,3.0,507.66,10.0,2823.66,30.0,True
acct_890,cust_88,bank,acct_main_cust_88,ACCOUNT_EVENT,online,127.57,BND,127.57,BN,BN,,False,2025-03-10 02:00:00,0,2,0,830.6400000000001,3.0,1401.5199999999998,10.0,3555.71,30.0,True
acct_1256,cust_880,cash,acct_main_cust_880,ACCOUNT_EVENT,branch,284.97,BND,284.97,BN,BN,,False,2025-03-25 08:00:00,0,8,1,155.92000000000002,3.0,1153.6499999999996,10.0,1938.62,30.0,True
acct_1350,cust_883,cash,acct_main_cust_883,ACCOUNT_EVENT,branch,142.83,BND,142.83,BN,BN,,False,2025-03-29 06:00:00,0,6,5,41.96000000000023,3.0,206.68,10.0,1051.25,30.0,True
acct_693,cust_887,bank,acct_main_cust_887,ACCOUNT_EVENT,online,172.62,BND,172.62,BN,BN,,False,2025-03-01 21:00:00,0,21,5,47.14,3.0,659.4300000000001,10.0,2114.87,30.0,True
acct_1021,cust_892,bank,acct_main_cust_892,ACCOUNT_EVENT,online,113.39,BND,113.39,BN,BN,,False,2025-03-15 13:00:00,0,13,5,1701.37,3.0,1935.48,10.0,2785.45,30.0,True
acct_1297,cust_894,bank,acct_main_cust_894,ACCOUNT_EVENT,online,154.79,BND,154.79,BN,BN,,False,2025-03-27 01:00:00,0,1,3,171.12,3.0,1205.02,10.0,2570.24,30.0,True
acct_1355,cust_897,bank,acct_main_cust_897,ACCOUNT_EVENT,online,298.46,BND,298.46,BN,BN,,False,2025-03-29 11:00:00,0,11,5,157.94000000000003,3.0,543.3299999999999,10.0,2144.2500000000005,30.0,False
acct_1185,cust_90,bank,acct_main_cust_90,ACCOUNT_EVENT,online,267.66,BND,267.66,BN,BN,,False,2025-03-22 09:00:00,0,9,5,36.67,3.0,235.63,10.0,9503.22,30.0,True
acct_1251,cust_90,cash,acct_main_cust_90,ACCOUNT_EVENT,branch,112.94,BND,112.94,BN,BN,,False,2025-03-25 03:00:00,0,3,1,269.34000000000003,3.0,473.3,10.0,9655.989999999998,30.0,True
acct_1138,cust_903,bank,acct_main_cust_903,ACCOUNT_EVENT,online,124.59,BND,124.59,BN,BN,,False,2025-03-20 10:00:00,0,10,3,210.44,3.0,1131.85,10.0,2854.21,30.0,True
acct_893,cust_91,bank,acct_main_cust_91,ACCOUNT_EVENT,online,41.9,BND,41.9,BN,BN,,False,2025-03-10 05:00:00,0,5,0,407.59,3.0,565.48,10.0,2190.99,30.0,True
acct_981,cust_91,cash,acct_main_cust_91,ACCOUNT_EVENT,branch,95.76,BND,95.76,BN,BN,,False,2025-03-13 21:00:00,0,21,3,396.59,3.0,577.38,10.0,2170.9,30.0,False
acct_1157,cust_910,bank,acct_main_cust_910,ACCOUNT_EVENT,online,113.76,BND,113.76,BN,BN,,False,2025-03-21 05:00:00,0,5,4,62.52999999999972,3.0,609.51,10.0,1487.6900000000005,30.0,True
acct_1306,cust_913,cash,acct_main_cust_913,ACCOUNT_EVENT,branch,411.36,BND,411.36,BN,BN,,False,2025-03-27 10:00:00,0,10,3,143.84,3.0,612.6899999999999,10.0,1342.39,30.0,True
acct_1362,cust_916,cash,acct_main_cust_916,ACCOUNT_EVENT,branch,230.81,BND,230.81,BN,BN,,False,2025-03-29 18:00:00,0,18,5,396.12,3.0,595.29,10.0,3079.36,30.0,False
acct_845,cust_92,cash,acct_main_cust_92,ACCOUNT_EVENT,branch,30.77,BND,30.77,BN,BN,,False,2025-03-08 05:00:00,0,5,5,526.6,3.0,666.2200000000001,10.0,1731.09,30.0,False
acct_1097,cust_92,bank,acct_main_cust_92,ACCOUNT_EVENT,online,252.85,BND,252.85,BN,BN,,False,2025-03-18 17:00:00,0,17,1,547.38,3.0,684.9900000000001,10.0,1642.15,30.0,True
acct_1175,cust_92,cash,acct_main_cust_92,ACCOUNT_EVENT,branch,58.15,BND,58.15,BN,BN,,False,2025-03-21 23:00:00,0,23,4,348.31000000000006,3.0,855.5700000000002,10.0,1894.11,30.0,False
acct_885,cust_922,cash,acct_main_cust_922,ACCOUNT_EVENT,branch,110.0,BND,110.0,BN,BN,,False,2025-03-09 21:00:00,0,21,6,354.9200000000001,3.0,999.34,10.0,2337.51,30.0,False
acct_1310,cust_922,bank,acct_main_cust_922,ACCOUNT_EVENT,online,493.42,BND,493.42,BN,BN,,False,2025-03-27 14:00:00,0,14,3,432.9200000000001,3.0,945.8,10.0,2395.51,30.0,True
acct_894,cust_927,cash,acct_main_cust_927,ACCOUNT_EVENT,branch,90.68,BND,90.68,BN,BN,,False,2025-03-10 06:00:00,0,6,0,118.03,3.0,1798.72,10.0,3800.46,30.0,True
acct_1181,cust_927,bank,acct_main_cust_927,ACCOUNT_EVENT,online,185.78,BND,185.78,BN,BN,,False,2025-03-22 05:00:00,0,5,5,148.71,3.0,739.4,10.0,3889.11,30.0,True
acct_965,cust_928,bank,acct_main_cust_928,ACCOUNT_EVENT,online,98.1,BND,98.1,BN,BN,,False,2025-03-13 05:00:00,0,5,3,83.92000000000006,3.0,522.01,10.0,2371.79,30.0,True
acct_1192,cust_93,cash,acct_main_cust_93,ACCOUNT_EVENT,branch,53.31,BND,53.31,BN,BN,,False,2025-03-22 16:00:00,0,16,5,146.95,3.0,1361.01,10.0,2102.0,30.0,True
acct_931,cust_931,cash,acct_main_cust_931,ACCOUNT_EVENT,branch,123.92,BND,123.92,BN,BN,,False,2025-03-11 19:00:00,1,19,1,96.11,3.0,1909.19,10.0,4405.39,30.0,True
acct_1223,cust_935,bank,acct_main_cust_935,ACCOUNT_EVENT,online,198.01,BND,198.01,BN,BN,,False,2025-03-23 23:00:00,0,23,6,168.96,3.0,322.96,10.0,1807.39,30.0,True
acct_1166,cust_937,bank,acct_main_cust_937,ACCOUNT_EVENT,online,113.5,BND,113.5,BN,BN,,False,2025-03-21 14:00:00,0,14,4,44.129999999999946,3.0,122.85999999999994,10.0,1351.91,30.0,True
acct_1151,cust_939,bank,acct_main_cust_939,ACCOUNT_EVENT,online,18.2,BND,18.2,BN,BN,,False,2025-03-20 23:00:00,0,23,3,268.5,3.0,1705.82,10.0,4528.43,30.0,False
acct_685,cust_943,cash,acct_main_cust_943,ACCOUNT_EVENT,branch,5.69,BND,5.69,BN,BN,,False,2025-03-01 13:00:00,0,13,5,443.89,3.0,713.25,10.0,2568.6400000000003,30.0,True
acct_750,cust_944,cash,acct_main_cust_944,ACCOUNT_EVENT,branch,170.58,BND,170.58,BN,BN,,False,2025-03-04 06:00:00,0,6,1,412.78,3.0,575.919999999999,10.0,10020.26,30.0,True
acct_966,cust_947,bank,acct_main_cust_947,ACCOUNT_EVENT,online,103.47,BND,103.47,BN,BN,,False,2025-03-13 06:00:00,0,6,3,11.57,3.0,106.54,10.0,1501.2,30.0,True
acct_930,cust_95,bank,acct_main_cust_95,ACCOUNT_EVENT,online,44.22,BND,44.22,BN,BN,,False,2025-03-11 18:00:00,0,18,1,65.55000000000001,3.0,291.53000000000003,10.0,3974.82,30.0,True
acct_702,cust_951,bank,acct_main_cust_951,ACCOUNT_EVENT,online,117.85,BND,117.85,BN,BN,,False,2025-03-02 06:00:00,0,6,6,61.96000000000003,3.0,401.47,10.0,970.28,30.0,True
acct_875,cust_958,cash,acct_main_cust_958,ACCOUNT_EVENT,branch,25.55,BND,25.55,BN,BN,,False,2025-03-09 11:00:00,0,11,6,215.75,3.0,383.9299999999999,10.0,835.49,30.0,True
acct_1377,cust_959,cash,acct_main_cust_959,ACCOUNT_EVENT,branch,56.23,BND,56.23,BN,BN,,False,2025-03-30 09:00:00,0,9,6,296.5899999999999,3.0,479.09,10.0,1458.64,30.0,True
acct_1257,cust_960,cash,acct_main_cust_960,ACCOUNT_EVENT,branch,39.99,BND,39.99,BN,BN,,False,2025-03-25 09:00:00,0,9,1,462.88,3.0,683.06,10.0,4600.17,30.0,True
acct_936,cust_961,cash,acct_main_cust_961,ACCOUNT_EVENT,branch,17.49,BND,17.49,BN,BN,,False,2025-03-12 00:00:00,0,0,2,90.33,3.0,898.89,10.0,3443.3900000000003,30.0,True
acct_720,cust_963,bank,acct_main_cust_963,ACCOUNT_EVENT,online,85.92,BND,85.92,BN,BN,,False,2025-03-03 00:00:00,0,0,0,51.24000000000006,3.0,125.33,10.0,2241.52,30.0,True
acct_1128,cust_965,cash,acct_main_cust_965,ACCOUNT_EVENT,branch,132.94,BND,132.94,BN,BN,,False,2025-03-20 00:00:00,0,0,3,1390.67,3.0,1699.8,10.0,4582.8,30.0,True
acct_933,cust_967,bank,acct_main_cust_967,ACCOUNT_EVENT,online,184.8,BND,184.8,BN,BN,,False,2025-03-11 21:00:00,0,21,1,16.0,3.0,212.76,10.0,1962.83,30.0,True
acct_945,cust_970,cash,acct_main_cust_970,ACCOUNT_EVENT,branch,301.91,BND,301.91,BN,BN,,False,2025-03-12 09:00:00,0,9,2,69.23,3.0,244.67,10.0,2737.1400000000003,30.0,True
acct_1209,cust_978,cash,acct_main_cust_978,ACCOUNT_EVENT,branch,61.08,BND,61.08,BN,BN,,False,2025-03-23 09:00:00,0,9,6,82.97,3.0,608.0600000000001,10.0,1822.5,30.0,True
acct_709,cust_979,cash,acct_main_cust_979,ACCOUNT_EVENT,branch,110.69,BND,110.69,BN,BN,,False,2025-03-02 13:00:00,0,13,6,437.92,3.0,520.77,10.0,2618.92,30.0,True
acct_1358,cust_988,bank,acct_main_cust_988,ACCOUNT_EVENT,online,107.38,BND,107.38,BN,BN,,False,2025-03-29 14:00:00,0,14,5,25.419999999999884,3.0,1083.54,10.0,2543.4,30.0,True
acct_974,cust_989,bank,acct_main_cust_989,ACCOUNT_EVENT,online,96.05,BND,96.05,BN,BN,,False,2025-03-13 14:00:00,0,14,3,299.9200000000001,3.0,874.0199999999999,10.0,2558.08,30.0,True
acct_1271,cust_99,bank,acct_main_cust_99,ACCOUNT_EVENT,online,39.9,BND,39.9,BN,BN,,False,2025-03-25 23:00:00,0,23,1,93.93,3.0,523.51,10.0,2210.16,30.0,True
acct_1082,cust_991,cash,acct_main_cust_991,ACCOUNT_EVENT,branch,38.18,BND,38.18,BN,BN,,False,2025-03-18 02:00:00,0,2,1,203.53,3.0,1011.81,10.0,1730.7,30.0,False
acct_1134,cust_992,bank,acct_main_cust_992,ACCOUNT_EVENT,online,702.84,BND,702.84,BN,BN,,False,2025-03-20 06:00:00,0,6,3,638.68,3.0,968.52,10.0,2384.17,30.0,True
acct_1184,cust_993,cash,acct_main_cust_993,ACCOUNT_EVENT,branch,160.86,BND,160.86,BN,BN,,False,2025-03-22 08:00:00,0,8,5,150.51999999999998,3.0,249.59,10.0,872.38,30.0,True
acct_716,cust_995,bank,acct_main_cust_995,ACCOUNT_EVENT,online,83.2,BND,83.2,BN,BN,,False,2025-03-02 20:00:00,0,20,6,109.48,3.0,419.76,10.0,946.41,30.0,True
acct_1174,cust_996,bank,acct_main_cust_996,ACCOUNT_EVENT,online,106.34,BND,106.34,BN,BN,,False,2025-03-21 22:00:00,0,22,4,41.57000000000001,3.0,213.66,10.0,3169.24,30.0,True
acct_1155,cust_999,cash,acct_main_cust_999,ACCOUNT_EVENT,branch,83.42,BND,83.42,BN,BN,,False,2025-03-21 03:00:00,0,3,4,72.21000000000001,3.0,375.58,10.0,3645.4,30.0,False
loan_0_6,cust_loan_0,customer,loan_cust_loan_0,LOAN_AUTO,bank_transfer,388.13,BND,388.13,BN,BN,,False,2025-03-01 00:00:00,0,0,5,1164.39,3.0,2328.78,6.0,2328.78,6.0,False
loan_1_6,cust_loan_1,customer,loan_cust_loan_1,LOAN_AUTO,bank_transfer,418.33,BND,418.33,BN,BN,,False,2025-03-01 01:00:00,0,1,5,1254.99,3.0,2509.98,6.0,2509.98,6.0,False
loan_10_6,cust_loan_10,customer,loan_cust_loan_10,LOAN_AUTO,bank_transfer,601.12,BND,601.12,BN,BN,,False,2025-03-01 10:00:00,0,10,5,1803.36,3.0,9787.87,6.0,9787.87,6.0,False
loan_100_6,cust_loan_100,customer,loan_cust_loan_100,LOAN_AUTO,bank_transfer,279.01,BND,279.01,BN,BN,,False,2025-03-05 04:00:00,0,4,2,837.03,3.0,1674.06,6.0,1674.06,6.0,False
loan_101_6,cust_loan_101,customer,loan_cust_loan_101,LOAN_AUTO,bank_transfer,502.96,BND,502.96,BN,BN,,False,2025-03-05 05:00:00,0,5,2,1508.88,3.0,3017.76,6.0,3017.76,6.0,False
loan_102_6,cust_loan_102,customer,loan_cust_loan_102,LOAN_AUTO,bank_transfer,323.76,BND,323.76,BN,BN,,False,2025-03-05 06:00:00,0,6,2,971.28,3.0,1942.56,6.0,1942.56,6.0,False
loan_103_6,cust_loan_103,customer,loan_cust_loan_103,LOAN_AUTO,bank_transfer,774.23,BND,774.23,BN,BN,,False,2025-03-05 07:00:00,0,7,2,10532.45,3.0,12855.14,6.0,12855.14,6.0,False
loan_104_6,cust_loan_104,customer,loan_cust_loan_104,LOAN_AUTO,bank_transfer,173.64,BND,173.64,BN,BN,,False,2025-03-05 08:00:00,0,8,2,520.92,3.0,1041.84,6.0,1041.84,6.0,False
loan_105_6,cust_loan_105,customer,loan_cust_loan_105,LOAN_AUTO,bank_transfer,330.19,BND,330.19,BN,BN,,False,2025-03-05 09:00:00,0,9,2,990.57,3.0,1981.14,6.0,1981.14,6.0,False
loan_106_6,cust_loan_106,customer,loan_cust_loan_106,LOAN_AUTO,bank_transfer,730.38,BND,730.38,BN,BN,,False,2025-03-05 10:00:00,0,10,2,6893.68,3.0,9084.82,6.0,9084.82,6.0,False
loan_107_6,cust_loan_107,customer,loan_cust_loan_107,LOAN_AUTO,bank_transfer,470.97,BND,470.97,BN,BN,,False,2025-03-05 11:00:00,0,11,2,1412.91,3.0,2825.82,6.0,2825.82,6.0,False
loan_108_6,cust_loan_108,customer,loan_cust_loan_108,LOAN_AUTO,bank_transfer,606.23,BND,606.23,BN,BN,,False,2025-03-05 12:00:00,0,12,2,1818.69,3.0,3637.38,6.0,3637.38,6.0,False
loan_109_6,cust_loan_109,customer,loan_cust_loan_109,LOAN_AUTO,bank_transfer,698.43,BND,698.43,BN,BN,,False,2025-03-05 13:00:00,0,13,2,2095.29,3.0,4190.58,6.0,4190.58,6.0,False
loan_11_6,cust_loan_11,customer,loan_cust_loan_11,LOAN_AUTO,bank_transfer,418.72,BND,418.72,BN,BN,,False,2025-03-01 11:00:00,0,11,5,1256.16,3.0,2512.32,6.0,2512.32,6.0,False
loan_110_6,cust_loan_110,customer,loan_cust_loan_110,LOAN_AUTO,bank_transfer,487.11,BND,487.11,BN,BN,,False,2025-03-05 14:00:00,0,14,2,1461.33,3.0,2922.66,6.0,2922.66,6.0,False
loan_111_6,cust_loan_111,customer,loan_cust_loan_111,LOAN_AUTO,bank_transfer,505.6,BND,505.6,BN,BN,,False,2025-03-05 15:00:00,0,15,2,1516.8000000000002,3.0,3033.6000000000004,6.0,3033.6000000000004,6.0,False
loan_112_6,cust_loan_112,customer,loan_cust_loan_112,LOAN_AUTO,bank_transfer,607.31,BND,607.31,BN,BN,,False,2025-03-05 16:00:00,0,16,2,1821.93,3.0,3643.86,6.0,3643.86,6.0,False
loan_113_6,cust_loan_113,customer,loan_cust_loan_113,LOAN_AUTO,bank_transfer,225.01,BND,225.01,BN,BN,,False,2025-03-05 17:00:00,0,17,2,675.03,3.0,1350.06,6.0,1350.06,6.0,False
loan_114_6,cust_loan_114,customer,loan_cust_loan_114,LOAN_AUTO,bank_transfer,352.65,BND,352.65,BN,BN,,False,2025-03-05 18:00:00,0,18,2,1057.9499999999998,3.0,2115.9,6.0,2115.9,6.0,False
loan_115_6,cust_loan_115,third_party,loan_cust_loan_115,LOAN_AUTO,bank_transfer,671.96,BND,671.96,BN,BN,,False,2025-03-05 19:00:00,1,19,2,2015.88,3.0,4031.76,6.0,4031.76,6.0,False
loan_116_6,cust_loan_116,customer,loan_cust_loan_116,LOAN_AUTO,bank_transfer,692.81,BND,692.81,BN,BN,,False,2025-03-05 20:00:00,0,20,2,2078.43,3.0,4156.86,6.0,4156.86,6.0,False
loan_117_6,cust_loan_117,customer,loan_cust_loan_117,LOAN_AUTO,bank_transfer,274.79,BND,274.79,BN,BN,,False,2025-03-05 21:00:00,0,21,2,824.3700000000001,3.0,1648.7400000000002,6.0,1648.7400000000002,6.0,False
loan_118_6,cust_loan_118,customer,loan_cust_loan_118,LOAN_AUTO,bank_transfer,784.9,BND,784.9,BN,BN,,False,2025-03-05 22:00:00,0,22,2,2354.7,3.0,4709.4,6.0,4709.4,6.0,False
loan_119_6,cust_loan_119,customer,loan_cust_loan_119,LOAN_AUTO,bank_transfer,535.1,BND,535.1,BN,BN,,False,2025-03-05 23:00:00,0,23,2,1605.3000000000002,3.0,3210.6000000000004,6.0,3210.6000000000004,6.0,False
loan_12_6,cust_loan_12,customer,loan_cust_loan_12,LOAN_AUTO,bank_transfer,506.28,BND,506.28,BN,BN,,False,2025-03-01 12:00:00,0,12,5,4296.99,3.0,5815.83,6.0,5815.83,6.0,False
loan_120_6,cust_loan_120,customer,loan_cust_loan_120,LOAN_AUTO,bank_transfer,172.79,BND,172.79,BN,BN,,False,2025-03-06 00:00:00,0,0,3,518.37,3.0,1036.74,6.0,1036.74,6.0,False
loan_121_6,cust_loan_121,customer,loan_cust_loan_121,LOAN_AUTO,bank_transfer,643.65,BND,643.65,BN,BN,,False,2025-03-06 01:00:00,0,1,3,1930.95,3.0,3861.9,6.0,3861.9,6.0,False
loan_122_6,cust_loan_122,customer,loan_cust_loan_122,LOAN_AUTO,bank_transfer,789.78,BND,789.78,BN,BN,,False,2025-03-06 02:00:00,0,2,3,2369.34,3.0,4738.68,6.0,4738.68,6.0,False
loan_123_6,cust_loan_123,customer,loan_cust_loan_123,LOAN_AUTO,bank_transfer,497.98,BND,497.98,BN,BN,,False,2025-03-06 03:00:00,0,3,3,1493.94,3.0,2987.88,6.0,2987.88,6.0,False
loan_124_6,cust_loan_124,customer,loan_cust_loan_124,LOAN_AUTO,bank_transfer,322.59,BND,322.59,BN,BN,,False,2025-03-06 04:00:00,0,4,3,967.77,3.0,1935.54,6.0,1935.54,6.0,False
loan_125_6,cust_loan_125,customer,loan_cust_loan_125,LOAN_AUTO,bank_transfer,341.74,BND,341.74,BN,BN,,False,2025-03-06 05:00:00,0,5,3,1025.22,3.0,2050.44,6.0,2050.44,6.0,False
loan_126_6,cust_loan_126,customer,loan_cust_loan_126,LOAN_AUTO,bank_transfer,636.52,BND,636.52,BN,BN,,False,2025-03-06 06:00:00,0,6,3,1909.56,3.0,3819.12,6.0,3819.12,6.0,False
loan_127_6,cust_loan_127,customer,loan_cust_loan_127,LOAN_AUTO,bank_transfer,417.96,BND,417.96,BN,BN,,False,2025-03-06 07:00:00,0,7,3,1253.88,3.0,2507.76,6.0,2507.76,6.0,False
loan_128_6,cust_loan_128,customer,loan_cust_loan_128,LOAN_AUTO,bank_transfer,377.51,BND,377.51,BN,BN,,False,2025-03-06 08:00:00,0,8,3,1132.53,3.0,2265.06,6.0,2265.06,6.0,False
loan_129_6,cust_loan_129,customer,loan_cust_loan_129,LOAN_AUTO,bank_transfer,406.08,BND,406.08,BN,BN,,False,2025-03-06 09:00:00,0,9,3,1218.24,3.0,13394.26,6.0,13394.26,6.0,False
loan_13_6,cust_loan_13,customer,loan_cust_loan_13,LOAN_AUTO,bank_transfer,432.93,BND,432.93,BN,BN,,False,2025-03-01 13:00:00,0,13,5,1298.79,3.0,2597.58,6.0,2597.58,6.0,False
loan_130_6,cust_loan_130,customer,loan_cust_loan_130,LOAN_AUTO,bank_transfer,183.38,BND,183.38,BN,BN,,False,2025-03-06 10:00:00,0,10,3,550.14,3.0,1100.28,6.0,1100.28,6.0,False
loan_131_6,cust_loan_131,customer,loan_cust_loan_131,LOAN_AUTO,bank_transfer,773.99,BND,773.99,BN,BN,,False,2025-03-06 11:00:00,0,11,3,2321.9700000000003,3.0,4643.9400000000005,6.0,4643.9400000000005,6.0,False
loan_132_6,cust_loan_132,customer,loan_cust_loan_132,LOAN_AUTO,bank_transfer,448.54,BND,448.54,BN,BN,,False,2025-03-06 12:00:00,0,12,3,1345.62,3.0,2691.24,6.0,2691.24,6.0,False
loan_133_6,cust_loan_133,customer,loan_cust_loan_133,LOAN_AUTO,bank_transfer,784.2,BND,784.2,BN,BN,,False,2025-03-06 13:00:00,0,13,3,2352.6000000000004,3.0,4705.200000000001,6.0,4705.200000000001,6.0,False
loan_134_6,cust_loan_134,customer,loan_cust_loan_134,LOAN_AUTO,bank_transfer,740.76,BND,740.76,BN,BN,,False,2025-03-06 14:00:00,0,14,3,2222.28,3.0,4444.56,6.0,4444.56,6.0,False
loan_135_6,cust_loan_135,customer,loan_cust_loan_135,LOAN_AUTO,bank_transfer,562.51,BND,562.51,BN,BN,,False,2025-03-06 15:00:00,0,15,3,1687.53,3.0,3375.06,6.0,3375.06,6.0,False
loan_136_6,cust_loan_136,customer,loan_cust_loan_136,LOAN_AUTO,bank_transfer,791.18,BND,791.18,BN,BN,,False,2025-03-06 16:00:00,0,16,3,2373.54,3.0,4747.08,6.0,4747.08,6.0,False
loan_137_6,cust_loan_137,customer,loan_cust_loan_137,LOAN_AUTO,bank_transfer,3040.91,BND,3040.91,BN,BN,,False,2025-03-06 17:00:00,1,17,3,855.48,3.0,4675.18,6.0,4675.18,6.0,False
loan_138_6,cust_loan_138,customer,loan_cust_loan_138,LOAN_AUTO,bank_transfer,168.65,BND,168.65,BN,BN,,False,2025-03-06 18:00:00,0,18,3,505.9500000000001,3.0,1011.9,6.0,1011.9,6.0,False
loan_139_6,cust_loan_139,third_party,loan_cust_loan_139,LOAN_AUTO,bank_transfer,769.72,BND,769.72,BN,BN,,False,2025-03-06 19:00:00,1,19,3,2309.16,3.0,4618.32,6.0,4618.32,6.0,True
loan_14_6,cust_loan_14,customer,loan_cust_loan_14,LOAN_AUTO,bank_transfer,702.67,BND,702.67,BN,BN,,False,2025-03-01 14:00:00,0,14,5,2108.01,3.0,4216.02,6.0,4216.02,6.0,False
loan_140_6,cust_loan_140,customer,loan_cust_loan_140,LOAN_AUTO,bank_transfer,744.26,BND,744.26,BN,BN,,False,2025-03-06 20:00:00,0,20,3,2232.78,3.0,4465.56,6.0,4465.56,6.0,False
loan_141_6,cust_loan_141,customer,loan_cust_loan_141,LOAN_AUTO,bank_transfer,765.95,BND,765.95,BN,BN,,False,2025-03-06 21:00:00,0,21,3,2297.8500000000004,3.0,4595.700000000001,6.0,4595.700000000001,6.0,False
loan_142_6,cust_loan_142,customer,loan_cust_loan_142,LOAN_AUTO,bank_transfer,627.49,BND,627.49,BN,BN,,False,2025-03-06 22:00:00,0,22,3,1882.47,3.0,3764.94,6.0,3764.94,6.0,False
loan_143_6,cust_loan_143,customer,loan_cust_loan_143,LOAN_AUTO,bank_transfer,623.3,BND,623.3,BN,BN,,False,2025-03-06 23:00:00,0,23,3,1869.9,3.0,3739.8,6.0,3739.8,6.0,False
loan_144_6,cust_loan_144,customer,loan_cust_loan_144,LOAN_AUTO,bank_transfer,208.16,BND,208.16,BN,BN,,False,2025-03-07 00:00:00,0,0,4,624.48,3.0,1248.96,6.0,1248.96,6.0,False
loan_145_6,cust_loan_145,customer,loan_cust_loan_145,LOAN_AUTO,bank_transfer,689.99,BND,689.99,BN,BN,,False,2025-03-07 01:00:00,0,1,4,2069.9700000000003,3.0,4139.9400000000005,6.0,4139.9400000000005,6.0,False
loan_146_6,cust_loan_146,customer,loan_cust_loan_146,LOAN_AUTO,bank_transfer,779.99,BND,779.99,BN,BN,,False,2025-03-07 02:00:00,0,2,4,2339.9700000000003,3.0,4679.9400000000005,6.0,4679.9400000000005,6.0,False
loan_147_6,cust_loan_147,customer,loan_cust_loan_147,LOAN_AUTO,bank_transfer,186.97,BND,186.97,BN,BN,,False,2025-03-07 03:00:00,0,3,4,560.91,3.0,1121.82,6.0,1121.82,6.0,False
loan_148_6,cust_loan_148,customer,loan_cust_loan_148,LOAN_AUTO,bank_transfer,256.81,BND,256.81,BN,BN,,False,2025-03-07 04:00:00,0,4,4,770.4300000000001,3.0,1540.86,6.0,1540.86,6.0,False
loan_149_6,cust_loan_149,customer,loan_cust_loan_149,LOAN_AUTO,bank_transfer,747.43,BND,747.43,BN,BN,,False,2025-03-07 05:00:00,0,5,4,2242.29,3.0,4484.58,6.0,4484.58,6.0,False
loan_15_6,cust_loan_15,customer,loan_cust_loan_15,LOAN_AUTO,bank_transfer,183.87,BND,183.87,BN,BN,,False,2025-03-01 15:00:00,0,15,5,551.61,3.0,1103.22,6.0,1103.22,6.0,False
loan_150_6,cust_loan_150,customer,loan_cust_loan_150,LOAN_AUTO,bank_transfer,576.19,BND,576.19,BN,BN,,False,2025-03-07 06:00:00,0,6,4,1728.5700000000002,3.0,3457.1400000000003,6.0,3457.1400000000003,6.0,False
loan_151_6,cust_loan_151,customer,loan_cust_loan_151,LOAN_AUTO,bank_transfer,333.77,BND,333.77,BN,BN,,False,2025-03-07 07:00:00,0,7,4,1001.31,3.0,2002.62,6.0,2002.62,6.0,False
loan_152_6,cust_loan_152,customer,loan_cust_loan_152,LOAN_AUTO,bank_transfer,645.04,BND,645.04,BN,BN,,False,2025-03-07 08:00:00,0,8,4,1935.12,3.0,3870.24,6.0,3870.24,6.0,False
loan_153_6,cust_loan_153,customer,loan_cust_loan_153,LOAN_AUTO,bank_transfer,167.13,BND,167.13,BN,BN,,False,2025-03-07 09:00:00,0,9,4,501.39,3.0,1002.78,6.0,1002.78,6.0,False
loan_154_6,cust_loan_154,customer,loan_cust_loan_154,LOAN_AUTO,bank_transfer,3744.01,BND,3744.01,BN,BN,,False,2025-03-07 10:00:00,1,10,4,820.11,3.0,1640.22,6.0,1640.22,6.0,False
loan_155_6,cust_loan_155,customer,loan_cust_loan_155,LOAN_AUTO,bank_transfer,778.13,BND,778.13,BN,BN,,False,2025-03-07 11:00:00,0,11,4,2334.39,3.0,4668.78,6.0,4668.78,6.0,False
loan_156_6,cust_loan_156,customer,loan_cust_loan_156,LOAN_AUTO,bank_transfer,271.12,BND,271.12,BN,BN,,False,2025-03-07 12:00:00,0,12,4,813.36,3.0,1626.72,6.0,1626.72,6.0,False
loan_157_6,cust_loan_157,customer,loan_cust_loan_157,LOAN_AUTO,bank_transfer,407.52,BND,407.52,BN,BN,,False,2025-03-07 13:00:00,0,13,4,1222.56,3.0,2445.12,6.0,2445.12,6.0,False
loan_158_6,cust_loan_158,customer,loan_cust_loan_158,LOAN_AUTO,bank_transfer,332.44,BND,332.44,BN,BN,,False,2025-03-07 14:00:00,0,14,4,997.32,3.0,1994.64,6.0,1994.64,6.0,False
loan_159_6,cust_loan_159,customer,loan_cust_loan_159,LOAN_AUTO,bank_transfer,405.0,BND,405.0,BN,BN,,False,2025-03-07 15:00:00,0,15,4,1215.0,3.0,2430.0,6.0,2430.0,6.0,False
loan_16_6,cust_loan_16,customer,loan_cust_loan_16,LOAN_AUTO,bank_transfer,731.75,BND,731.75,BN,BN,,False,2025-03-01 16:00:00,0,16,5,2195.25,3.0,4390.5,6.0,4390.5,6.0,False
loan_160_6,cust_loan_160,customer,loan_cust_loan_160,LOAN_AUTO,bank_transfer,4727.53,BND,4727.53,BN,BN,,False,2025-03-07 16:00:00,1,16,4,1260.6,3.0,2521.2,6.0,2521.2,6.0,False
loan_161_6,cust_loan_161,customer,loan_cust_loan_161,LOAN_AUTO,bank_transfer,333.98,BND,333.98,BN,BN,,False,2025-03-07 17:00:00,0,17,4,1001.94,3.0,2003.88,6.0,2003.88,6.0,False
loan_162_6,cust_loan_162,customer,loan_cust_loan_162,LOAN_AUTO,bank_transfer,460.21,BND,460.21,BN,BN,,False,2025-03-07 18:00:00,0,18,4,1380.63,3.0,2761.26,6.0,2761.26,6.0,False
loan_163_6,cust_loan_163,customer,loan_cust_loan_163,LOAN_AUTO,bank_transfer,598.1,BND,598.1,BN,BN,,False,2025-03-07 19:00:00,0,19,4,1794.3000000000002,3.0,3588.6000000000004,6.0,3588.6000000000004,6.0,False
loan_164_6,cust_loan_164,customer,loan_cust_loan_164,LOAN_AUTO,bank_transfer,489.38,BND,489.38,BN,BN,,False,2025-03-07 20:00:00,0,20,4,1468.14,3.0,2936.28,6.0,2936.28,6.0,False
loan_165_6,cust_loan_165,customer,loan_cust_loan_165,LOAN_AUTO,bank_transfer,574.04,BND,574.04,BN,BN,,False,2025-03-07 21:00:00,0,21,4,1722.12,3.0,3444.24,6.0,3444.24,6.0,False
loan_166_6,cust_loan_166,customer,loan_cust_loan_166,LOAN_AUTO,bank_transfer,512.43,BND,512.43,BN,BN,,False,2025-03-07 22:00:00,0,22,4,1537.29,3.0,3074.58,6.0,3074.58,6.0,False
loan_167_6,cust_loan_167,customer,loan_cust_loan_167,LOAN_AUTO,bank_transfer,613.26,BND,613.26,BN,BN,,False,2025-03-07 23:00:00,0,23,4,1839.78,3.0,3679.56,6.0,3679.56,6.0,False
loan_168_6,cust_loan_168,customer,loan_cust_loan_168,LOAN_AUTO,bank_transfer,456.77,BND,456.77,BN,BN,,False,2025-03-08 00:00:00,0,0,5,1370.31,3.0,2740.62,6.0,2740.62,6.0,False
loan_169_6,cust_loan_169,customer,loan_cust_loan_169,LOAN_AUTO,bank_transfer,622.52,BND,622.52,BN,BN,,False,2025-03-08 01:00:00,0,1,5,1867.56,3.0,3735.12,6.0,3735.12,6.0,False
loan_17_6,cust_loan_17,customer,loan_cust_loan_17,LOAN_AUTO,bank_transfer,6436.12,BND,6436.12,BN,BN,,False,2025-03-01 17:00:00,1,17,5,1925.4,3.0,3850.8,6.0,3850.8,6.0,False
loan_170_6,cust_loan_170,customer,loan_cust_loan_170,LOAN_AUTO,bank_transfer,492.4,BND,492.4,BN,BN,,False,2025-03-08 02:00:00,0,2,5,1477.1999999999998,3.0,2954.4,6.0,2954.4,6.0,False
loan_171_6,cust_loan_171,customer,loan_cust_loan_171,LOAN_AUTO,bank_transfer,711.54,BND,711.54,BN,BN,,False,2025-03-08 03:00:00,0,3,5,2134.62,3.0,4269.24,6.0,4269.24,6.0,False
loan_172_6,cust_loan_172,customer,loan_cust_loan_172,LOAN_AUTO,bank_transfer,582.0,BND,582.0,BN,BN,,False,2025-03-08 04:00:00,0,4,5,1746.0,3.0,3492.0,6.0,3492.0,6.0,False
loan_173_6,cust_loan_173,customer,loan_cust_loan_173,LOAN_AUTO,bank_transfer,286.41,BND,286.41,BN,BN,,False,2025-03-08 05:00:00,0,5,5,859.23,3.0,1718.46,6.0,1718.46,6.0,False
loan_174_6,cust_loan_174,customer,loan_cust_loan_174,LOAN_AUTO,bank_transfer,544.73,BND,544.73,BN,BN,,False,2025-03-08 06:00:00,0,6,5,1634.19,3.0,3268.38,6.0,3268.38,6.0,False
loan_175_6,cust_loan_175,customer,loan_cust_loan_175,LOAN_AUTO,bank_transfer,687.74,BND,687.74,BN,BN,,False,2025-03-08 07:00:00,0,7,5,2063.2200000000003,3.0,4126.4400000000005,6.0,4126.4400000000005,6.0,False
loan_176_6,cust_loan_176,customer,loan_cust_loan_176,LOAN_AUTO,bank_transfer,594.52,BND,594.52,BN,BN,,False,2025-03-08 08:00:00,0,8,5,1783.56,3.0,3567.12,6.0,3567.12,6.0,False
loan_177_6,cust_loan_177,customer,loan_cust_loan_177,LOAN_AUTO,bank_transfer,451.8,BND,451.8,BN,BN,,False,2025-03-08 09:00:00,0,9,5,1355.4,3.0,2710.8,6.0,2710.8,6.0,False
loan_178_6,cust_loan_178,customer,loan_cust_loan_178,LOAN_AUTO,bank_transfer,648.16,BND,648.16,BN,BN,,False,2025-03-08 10:00:00,0,10,5,1944.48,3.0,3888.96,6.0,3888.96,6.0,False
loan_179_6,cust_loan_179,customer,loan_cust_loan_179,LOAN_AUTO,bank_transfer,514.45,BND,514.45,BN,BN,,False,2025-03-08 11:00:00,0,11,5,1543.35,3.0,3086.7000000000003,6.0,3086.7000000000003,6.0,False
loan_18_6,cust_loan_18,customer,loan_cust_loan_18,LOAN_AUTO,bank_transfer,453.16,BND,453.16,BN,BN,,False,2025-03-01 18:00:00,0,18,5,1359.48,3.0,2718.96,6.0,2718.96,6.0,False
loan_180_6,cust_loan_180,customer,loan_cust_loan_180,LOAN_AUTO,bank_transfer,347.35,BND,347.35,BN,BN,,False,2025-03-08 12:00:00,0,12,5,1042.0500000000002,3.0,2084.1000000000004,6.0,2084.1000000000004,6.0,False
loan_181_6,cust_loan_181,customer,loan_cust_loan_181,LOAN_AUTO,bank_transfer,403.99,BND,403.99,BN,BN,,False,2025-03-08 13:00:00,0,13,5,1211.97,3.0,2423.94,6.0,2423.94,6.0,False
loan_182_6,cust_loan_182,customer,loan_cust_loan_182,LOAN_AUTO,bank_transfer,778.62,BND,778.62,BN,BN,,False,2025-03-08 14:00:00,0,14,5,2335.86,3.0,4671.72,6.0,4671.72,6.0,False
loan_183_6,cust_loan_183,customer,loan_cust_loan_183,LOAN_AUTO,bank_transfer,446.58,BND,446.58,BN,BN,,False,2025-03-08 15:00:00,0,15,5,1339.74,3.0,2679.48,6.0,2679.48,6.0,False
loan_184_6,cust_loan_184,customer,loan_cust_loan_184,LOAN_AUTO,bank_transfer,537.31,BND,537.31,BN,BN,,False,2025-03-08 16:00:00,0,16,5,1611.9299999999998,3.0,3223.86,6.0,3223.86,6.0,False
loan_185_6,cust_loan_185,customer,loan_cust_loan_185,LOAN_AUTO,bank_transfer,479.44,BND,479.44,BN,BN,,False,2025-03-08 17:00:00,0,17,5,1438.32,3.0,2876.64,6.0,2876.64,6.0,False
loan_186_6,cust_loan_186,third_party,loan_cust_loan_186,LOAN_AUTO,bank_transfer,444.62,BND,444.62,BN,BN,,False,2025-03-08 18:00:00,1,18,5,1333.86,3.0,2667.7200000000003,6.0,2667.7200000000003,6.0,True
loan_187_6,cust_loan_187,customer,loan_cust_loan_187,LOAN_AUTO,bank_transfer,312.41,BND,312.41,BN,BN,,False,2025-03-08 19:00:00,0,19,5,937.23,3.0,1874.46,6.0,1874.46,6.0,False
loan_188_6,cust_loan_188,customer,loan_cust_loan_188,LOAN_AUTO,bank_transfer,478.59,BND,478.59,BN,BN,,False,2025-03-08 20:00:00,0,20,5,1435.77,3.0,2871.54,6.0,2871.54,6.0,False
loan_189_6,cust_loan_189,customer,loan_cust_loan_189,LOAN_AUTO,bank_transfer,664.53,BND,664.53,BN,BN,,False,2025-03-08 21:00:00,0,21,5,1993.59,3.0,3987.18,6.0,3987.18,6.0,False
loan_19_6,cust_loan_19,customer,loan_cust_loan_19,LOAN_AUTO,bank_transfer,212.91,BND,212.91,BN,BN,,False,2025-03-01 19:00:00,0,19,5,2925.07,3.0,3563.8,6.0,3563.8,6.0,False
loan_190_6,cust_loan_190,customer,loan_cust_loan_190,LOAN_AUTO,bank_transfer,205.93,BND,205.93,BN,BN,,False,2025-03-08 22:00:00,0,22,5,617.79,3.0,1235.58,6.0,1235.58,6.0,False
loan_191_6,cust_loan_191,customer,loan_cust_loan_191,LOAN_AUTO,bank_transfer,299.83,BND,299.83,BN,BN,,False,2025-03-08 23:00:00,0,23,5,899.49,3.0,1798.98,6.0,1798.98,6.0,False
loan_192_6,cust_loan_192,customer,loan_cust_loan_192,LOAN_AUTO,bank_transfer,387.74,BND,387.74,BN,BN,,False,2025-03-09 00:00:00,0,0,6,1163.22,3.0,2326.44,6.0,2326.44,6.0,False
loan_193_6,cust_loan_193,customer,loan_cust_loan_193,LOAN_AUTO,bank_transfer,632.14,BND,632.14,BN,BN,,False,2025-03-09 01:00:00,0,1,6,1896.42,3.0,3792.84,6.0,3792.84,6.0,False
loan_194_6,cust_loan_194,customer,loan_cust_loan_194,LOAN_AUTO,bank_transfer,387.95,BND,387.95,BN,BN,,False,2025-03-09 02:00:00,0,2,6,1163.85,3.0,2327.7,6.0,2327.7,6.0,False
loan_195_6,cust_loan_195,third_party,loan_cust_loan_195,LOAN_AUTO,bank_transfer,496.95,BND,496.95,BN,BN,,False,2025-03-09 03:00:00,1,3,6,1490.85,3.0,2981.7,6.0,2981.7,6.0,False
loan_196_6,cust_loan_196,customer,loan_cust_loan_196,LOAN_AUTO,bank_transfer,292.59,BND,292.59,BN,BN,,False,2025-03-09 04:00:00,0,4,6,877.77,3.0,1755.54,6.0,1755.54,6.0,False
loan_197_6,cust_loan_197,customer,loan_cust_loan_197,LOAN_AUTO,bank_transfer,232.43,BND,232.43,BN,BN,,False,2025-03-09 05:00:00,0,5,6,697.29,3.0,1394.58,6.0,1394.58,6.0,False
loan_198_6,cust_loan_198,customer,loan_cust_loan_198,LOAN_AUTO,bank_transfer,731.09,BND,731.09,BN,BN,,False,2025-03-09 06:00:00,0,6,6,2193.27,3.0,4386.54,6.0,4386.54,6.0,False
loan_199_6,cust_loan_199,customer,loan_cust_loan_199,LOAN_AUTO,bank_transfer,478.76,BND,478.76,BN,BN,,False,2025-03-09 07:00:00,0,7,6,7167.73,3.0,8604.01,6.0,8604.01,6.0,False
loan_2_6,cust_loan_2,customer,loan_cust_loan_2,LOAN_AUTO,bank_transfer,604.58,BND,604.58,BN,BN,,False,2025-03-01 02:00:00,0,2,5,1813.74,3.0,3627.480000000001,6.0,3627.480000000001,6.0,False
loan_20_6,cust_loan_20,customer,loan_cust_loan_20,LOAN_AUTO,bank_transfer,236.06,BND,236.06,BN,BN,,False,2025-03-01 20:00:00,0,20,5,708.1800000000001,3.0,1416.36,6.0,1416.36,6.0,False
loan_200_6,cust_loan_200,customer,loan_cust_loan_200,LOAN_AUTO,bank_transfer,641.9,BND,641.9,BN,BN,,False,2025-03-09 08:00:00,0,8,6,1925.7,3.0,3851.4,6.0,3851.4,6.0,False
loan_201_6,cust_loan_201,customer,loan_cust_loan_201,LOAN_AUTO,bank_transfer,250.2,BND,250.2,BN,BN,,False,2025-03-09 09:00:00,0,9,6,750.5999999999999,3.0,1501.1999999999998,6.0,1501.1999999999998,6.0,False
loan_202_6,cust_loan_202,customer,loan_cust_loan_202,LOAN_AUTO,bank_transfer,623.37,BND,623.37,BN,BN,,False,2025-03-09 10:00:00,0,10,6,1870.11,3.0,9956.99,6.0,9956.99,6.0,False
loan_203_6,cust_loan_203,customer,loan_cust_loan_203,LOAN_AUTO,bank_transfer,266.23,BND,266.23,BN,BN,,False,2025-03-09 11:00:00,0,11,6,798.69,3.0,1597.38,6.0,1597.38,6.0,False
loan_204_6,cust_loan_204,customer,loan_cust_loan_204,LOAN_AUTO,bank_transfer,176.71,BND,176.71,BN,BN,,False,2025-03-09 12:00:00,0,12,6,530.13,3.0,1060.26,6.0,1060.26,6.0,False
loan_205_6,cust_loan_205,customer,loan_cust_loan_205,LOAN_AUTO,bank_transfer,331.56,BND,331.56,BN,BN,,False,2025-03-09 13:00:00,0,13,6,994.68,3.0,1989.36,6.0,1989.36,6.0,False
loan_206_6,cust_loan_206,customer,loan_cust_loan_206,LOAN_AUTO,bank_transfer,158.2,BND,158.2,BN,BN,,False,2025-03-09 14:00:00,0,14,6,474.6,3.0,1595.8,6.0,1595.8,6.0,False
loan_207_6,cust_loan_207,customer,loan_cust_loan_207,LOAN_AUTO,bank_transfer,493.36,BND,493.36,BN,BN,,False,2025-03-09 15:00:00,0,15,6,1480.08,3.0,2960.16,6.0,2960.16,6.0,False
loan_208_6,cust_loan_208,third_party,loan_cust_loan_208,LOAN_AUTO,bank_transfer,545.68,BND,545.68,BN,BN,,False,2025-03-09 16:00:00,1,16,6,1637.04,3.0,3274.08,6.0,3274.08,6.0,True
loan_209_6,cust_loan_209,customer,loan_cust_loan_209,LOAN_AUTO,bank_transfer,323.61,BND,323.61,BN,BN,,False,2025-03-09 17:00:00,0,17,6,970.83,3.0,1941.66,6.0,1941.66,6.0,False
loan_21_6,cust_loan_21,customer,loan_cust_loan_21,LOAN_AUTO,bank_transfer,310.02,BND,310.02,BN,BN,,False,2025-03-01 21:00:00,0,21,5,930.06,3.0,1860.12,6.0,1860.12,6.0,False
loan_210_6,cust_loan_210,customer,loan_cust_loan_210,LOAN_AUTO,bank_transfer,395.27,BND,395.27,BN,BN,,False,2025-03-09 18:00:00,0,18,6,1185.81,3.0,2371.62,6.0,2371.62,6.0,False
loan_211_6,cust_loan_211,customer,loan_cust_loan_211,LOAN_AUTO,bank_transfer,794.24,BND,794.24,BN,BN,,False,2025-03-09 19:00:00,0,19,6,2382.7200000000003,3.0,4765.4400000000005,6.0,4765.4400000000005,6.0,False
loan_212_6,cust_loan_212,customer,loan_cust_loan_212,LOAN_AUTO,bank_transfer,654.85,BND,654.85,BN,BN,,False,2025-03-09 20:00:00,0,20,6,1964.55,3.0,3929.1,6.0,3929.1,6.0,False
loan_213_6,cust_loan_213,third_party,loan_cust_loan_213,LOAN_AUTO,bank_transfer,791.45,BND,791.45,BN,BN,,False,2025-03-09 21:00:00,0,21,6,2374.3500000000004,3.0,15372.11,6.0,15372.11,6.0,True
loan_214_6,cust_loan_214,customer,loan_cust_loan_214,LOAN_AUTO,bank_transfer,746.59,BND,746.59,BN,BN,,False,2025-03-09 22:00:00,0,22,6,2239.77,3.0,4479.54,6.0,4479.54,6.0,False
loan_215_6,cust_loan_215,customer,loan_cust_loan_215,LOAN_AUTO,bank_transfer,501.8,BND,501.8,BN,BN,,False,2025-03-09 23:00:00,0,23,6,1505.4,3.0,3010.8,6.0,3010.8,6.0,False
loan_216_6,cust_loan_216,third_party,loan_cust_loan_216,LOAN_AUTO,bank_transfer,390.23,BND,390.23,BN,BN,,False,2025-03-10 00:00:00,0,0,0,1170.69,3.0,2341.38,6.0,2341.38,6.0,False
loan_217_6,cust_loan_217,customer,loan_cust_loan_217,LOAN_AUTO,bank_transfer,608.97,BND,608.97,BN,BN,,False,2025-03-10 01:00:00,0,1,0,1826.91,3.0,3653.82,6.0,3653.82,6.0,False
loan_218_6,cust_loan_218,customer,loan_cust_loan_218,LOAN_AUTO,bank_transfer,230.86,BND,230.86,BN,BN,,False,2025-03-10 02:00:00,0,2,0,692.58,3.0,1385.16,6.0,1385.16,6.0,False
loan_219_6,cust_loan_219,customer,loan_cust_loan_219,LOAN_AUTO,bank_transfer,577.32,BND,577.32,BN,BN,,False,2025-03-10 03:00:00,0,3,0,1731.96,3.0,3463.92,6.0,3463.92,6.0,False
loan_22_6,cust_loan_22,customer,loan_cust_loan_22,LOAN_AUTO,bank_transfer,365.04,BND,365.04,BN,BN,,False,2025-03-01 22:00:00,0,22,5,1095.12,3.0,2190.24,6.0,2190.24,6.0,False
loan_220_6,cust_loan_220,customer,loan_cust_loan_220,LOAN_AUTO,bank_transfer,656.74,BND,656.74,BN,BN,,False,2025-03-10 04:00:00,0,4,0,1970.22,3.0,3940.44,6.0,3940.44,6.0,False
loan_221_6,cust_loan_221,customer,loan_cust_loan_221,LOAN_AUTO,bank_transfer,295.82,BND,295.82,BN,BN,,False,2025-03-10 05:00:00,0,5,0,887.46,3.0,1774.92,6.0,1774.92,6.0,False
loan_222_6,cust_loan_222,customer,loan_cust_loan_222,LOAN_AUTO,bank_transfer,640.08,BND,640.08,BN,BN,,False,2025-03-10 06:00:00,0,6,0,1920.24,3.0,3840.480000000001,6.0,3840.480000000001,6.0,False
loan_223_6,cust_loan_223,customer,loan_cust_loan_223,LOAN_AUTO,bank_transfer,782.59,BND,782.59,BN,BN,,False,2025-03-10 07:00:00,0,7,0,2347.77,3.0,4695.54,6.0,4695.54,6.0,False
loan_224_6,cust_loan_224,customer,loan_cust_loan_224,LOAN_AUTO,bank_transfer,789.04,BND,789.04,BN,BN,,False,2025-03-10 08:00:00,0,8,0,2367.12,3.0,4734.24,6.0,4734.24,6.0,False
loan_225_6,cust_loan_225,customer,loan_cust_loan_225,LOAN_AUTO,bank_transfer,695.1,BND,695.1,BN,BN,,False,2025-03-10 09:00:00,0,9,0,2085.3,3.0,4170.6,6.0,4170.6,6.0,False
loan_226_6,cust_loan_226,customer,loan_cust_loan_226,LOAN_AUTO,bank_transfer,741.35,BND,741.35,BN,BN,,False,2025-03-10 10:00:00,0,10,0,2224.05,3.0,4448.1,6.0,4448.1,6.0,False
loan_227_6,cust_loan_227,customer,loan_cust_loan_227,LOAN_AUTO,bank_transfer,458.83,BND,458.83,BN,BN,,False,2025-03-10 11:00:00,0,11,0,1376.49,3.0,2752.98,6.0,2752.98,6.0,False
loan_228_6,cust_loan_228,customer,loan_cust_loan_228,LOAN_AUTO,bank_transfer,680.54,BND,680.54,BN,BN,,False,2025-03-10 12:00:00,0,12,0,5036.77,3.0,13258.08,6.0,13258.08,6.0,False
loan_229_6,cust_loan_229,customer,loan_cust_loan_229,LOAN_AUTO,bank_transfer,652.32,BND,652.32,BN,BN,,False,2025-03-10 13:00:00,0,13,0,1956.96,3.0,3913.92,6.0,3913.92,6.0,False
loan_23_6,cust_loan_23,customer,loan_cust_loan_23,LOAN_AUTO,bank_transfer,537.84,BND,537.84,BN,BN,,False,2025-03-01 23:00:00,0,23,5,1613.52,3.0,3227.04,6.0,3227.04,6.0,False
loan_230_6,cust_loan_230,customer,loan_cust_loan_230,LOAN_AUTO,bank_transfer,221.63,BND,221.63,BN,BN,,False,2025-03-10 14:00:00,0,14,0,664.89,3.0,1329.78,6.0,1329.78,6.0,False
loan_231_6,cust_loan_231,customer,loan_cust_loan_231,LOAN_AUTO,bank_transfer,161.94,BND,161.94,BN,BN,,False,2025-03-10 15:00:00,0,15,0,485.82,3.0,971.64,6.0,971.64,6.0,False
loan_232_6,cust_loan_232,customer,loan_cust_loan_232,LOAN_AUTO,bank_transfer,677.2,BND,677.2,BN,BN,,False,2025-03-10 16:00:00,0,16,0,2031.6,3.0,4063.2,6.0,4063.2,6.0,False
loan_233_6,cust_loan_233,customer,loan_cust_loan_233,LOAN_AUTO,bank_transfer,302.8,BND,302.8,BN,BN,,False,2025-03-10 17:00:00,0,17,0,908.4,3.0,1816.8,6.0,1816.8,6.0,False
loan_234_6,cust_loan_234,customer,loan_cust_loan_234,LOAN_AUTO,bank_transfer,348.22,BND,348.22,BN,BN,,False,2025-03-10 18:00:00,0,18,0,1044.66,3.0,2089.32,6.0,2089.32,6.0,False
loan_235_6,cust_loan_235,customer,loan_cust_loan_235,LOAN_AUTO,bank_transfer,218.89,BND,218.89,BN,BN,,False,2025-03-10 19:00:00,0,19,0,656.67,3.0,1313.34,6.0,1313.34,6.0,False
loan_236_6,cust_loan_236,customer,loan_cust_loan_236,LOAN_AUTO,bank_transfer,161.6,BND,161.6,BN,BN,,False,2025-03-10 20:00:00,0,20,0,484.8,3.0,969.6,6.0,969.6,6.0,False
loan_237_6,cust_loan_237,third_party,loan_cust_loan_237,LOAN_AUTO,bank_transfer,620.61,BND,620.61,BN,BN,,False,2025-03-10 21:00:00,1,21,0,1861.83,3.0,3723.66,6.0,3723.66,6.0,False
loan_238_6,cust_loan_238,customer,loan_cust_loan_238,LOAN_AUTO,bank_transfer,553.46,BND,553.46,BN,BN,,False,2025-03-10 22:00:00,0,22,0,1660.38,3.0,3320.76,6.0,3320.76,6.0,False
loan_239_6,cust_loan_239,customer,loan_cust_loan_239,LOAN_AUTO,bank_transfer,226.32,BND,226.32,BN,BN,,False,2025-03-10 23:00:00,0,23,0,678.96,3.0,1357.92,6.0,1357.92,6.0,False
loan_24_6,cust_loan_24,customer,loan_cust_loan_24,LOAN_AUTO,bank_transfer,770.68,BND,770.68,BN,BN,,False,2025-03-02 00:00:00,0,0,6,2312.04,3.0,4624.08,6.0,4624.08,6.0,False
loan_240_6,cust_loan_240,customer,loan_cust_loan_240,LOAN_AUTO,bank_transfer,708.22,BND,708.22,BN,BN,,False,2025-03-11 00:00:00,0,0,1,2124.66,3.0,4249.32,6.0,4249.32,6.0,False
loan_241_6,cust_loan_241,customer,loan_cust_loan_241,LOAN_AUTO,bank_transfer,553.42,BND,553.42,BN,BN,,False,2025-03-11 01:00:00,0,1,1,1660.2599999999998,3.0,3320.5199999999995,6.0,3320.5199999999995,6.0,False
loan_242_6,cust_loan_242,customer,loan_cust_loan_242,LOAN_AUTO,bank_transfer,167.63,BND,167.63,BN,BN,,False,2025-03-11 02:00:00,0,2,1,502.89,3.0,1005.78,6.0,1005.78,6.0,False
loan_243_6,cust_loan_243,customer,loan_cust_loan_243,LOAN_AUTO,bank_transfer,252.42,BND,252.42,BN,BN,,False,2025-03-11 03:00:00,0,3,1,757.26,3.0,1514.52,6.0,1514.52,6.0,False
loan_244_6,cust_loan_244,customer,loan_cust_loan_244,LOAN_AUTO,bank_transfer,271.45,BND,271.45,BN,BN,,False,2025-03-11 04:00:00,0,4,1,814.3499999999999,3.0,1628.6999999999998,6.0,1628.6999999999998,6.0,False
loan_245_6,cust_loan_245,customer,loan_cust_loan_245,LOAN_AUTO,bank_transfer,430.88,BND,430.88,BN,BN,,False,2025-03-11 05:00:00,0,5,1,1292.64,3.0,2585.28,6.0,2585.28,6.0,False
loan_246_6,cust_loan_246,customer,loan_cust_loan_246,LOAN_AUTO,bank_transfer,270.04,BND,270.04,BN,BN,,False,2025-03-11 06:00:00,0,6,1,810.1200000000001,3.0,1620.2400000000002,6.0,1620.2400000000002,6.0,False
loan_247_6,cust_loan_247,customer,loan_cust_loan_247,LOAN_AUTO,bank_transfer,549.62,BND,549.62,BN,BN,,False,2025-03-11 07:00:00,0,7,1,1648.86,3.0,3297.7200000000003,6.0,3297.7200000000003,6.0,False
loan_248_6,cust_loan_248,customer,loan_cust_loan_248,LOAN_AUTO,bank_transfer,779.09,BND,779.09,BN,BN,,False,2025-03-11 08:00:00,0,8,1,2337.27,3.0,4674.54,6.0,4674.54,6.0,False
loan_249_6,cust_loan_249,customer,loan_cust_loan_249,LOAN_AUTO,bank_transfer,744.76,BND,744.76,BN,BN,,False,2025-03-11 09:00:00,0,9,1,2234.28,3.0,4468.56,6.0,4468.56,6.0,False
loan_25_6,cust_loan_25,third_party,loan_cust_loan_25,LOAN_AUTO,bank_transfer,200.67,BND,200.67,BN,BN,,False,2025-03-02 01:00:00,1,1,6,602.01,3.0,1204.02,6.0,1204.02,6.0,False
loan_250_6,cust_loan_250,customer,loan_cust_loan_250,LOAN_AUTO,bank_transfer,768.94,BND,768.94,BN,BN,,False,2025-03-11 10:00:00,0,10,1,2306.82,3.0,4613.64,6.0,4613.64,6.0,False
loan_251_6,cust_loan_251,third_party,loan_cust_loan_251,LOAN_AUTO,bank_transfer,527.71,BND,527.71,BN,BN,,False,2025-03-11 11:00:00,0,11,1,1583.13,3.0,3166.26,6.0,3166.26,6.0,True
loan_252_6,cust_loan_252,third_party,loan_cust_loan_252,LOAN_AUTO,bank_transfer,668.21,BND,668.21,BN,BN,,False,2025-03-11 12:00:00,1,12,1,2004.63,3.0,4009.26,6.0,4009.26,6.0,True
loan_253_6,cust_loan_253,third_party,loan_cust_loan_253,LOAN_AUTO,bank_transfer,152.48,BND,152.48,BN,BN,,False,2025-03-11 13:00:00,1,13,1,457.44,3.0,914.88,6.0,914.88,6.0,False
loan_254_6,cust_loan_254,third_party,loan_cust_loan_254,LOAN_AUTO,bank_transfer,151.7,BND,151.7,BN,BN,,False,2025-03-11 14:00:00,1,14,1,2240.13,3.0,2695.23,6.0,2695.23,6.0,True
loan_255_6,cust_loan_255,customer,loan_cust_loan_255,LOAN_AUTO,bank_transfer,195.58,BND,195.58,BN,BN,,False,2025-03-11 15:00:00,0,15,1,586.74,3.0,1173.48,6.0,1173.48,6.0,False
loan_256_6,cust_loan_256,customer,loan_cust_loan_256,LOAN_AUTO,bank_transfer,669.64,BND,669.64,BN,BN,,False,2025-03-11 16:00:00,0,16,1,2008.92,3.0,4017.84,6.0,4017.84,6.0,False
loan_257_6,cust_loan_257,customer,loan_cust_loan_257,LOAN_AUTO,bank_transfer,223.41,BND,223.41,BN,BN,,False,2025-03-11 17:00:00,0,17,1,670.23,3.0,1340.46,6.0,1340.46,6.0,False
loan_258_6,cust_loan_258,customer,loan_cust_loan_258,LOAN_AUTO,bank_transfer,699.15,BND,699.15,BN,BN,,False,2025-03-11 18:00:00,0,18,1,2097.45,3.0,4194.9,6.0,4194.9,6.0,False
loan_259_6,cust_loan_259,customer,loan_cust_loan_259,LOAN_AUTO,bank_transfer,378.61,BND,378.61,BN,BN,,False,2025-03-11 19:00:00,0,19,1,1135.83,3.0,2271.66,6.0,2271.66,6.0,False
loan_26_6,cust_loan_26,customer,loan_cust_loan_26,LOAN_AUTO,bank_transfer,766.96,BND,766.96,BN,BN,,False,2025-03-02 02:00:00,0,2,6,2300.88,3.0,4601.76,6.0,4601.76,6.0,False
loan_260_6,cust_loan_260,customer,loan_cust_loan_260,LOAN_AUTO,bank_transfer,724.92,BND,724.92,BN,BN,,False,2025-03-11 20:00:00,0,20,1,2174.76,3.0,4349.52,6.0,4349.52,6.0,False
loan_261_6,cust_loan_261,customer,loan_cust_loan_261,LOAN_AUTO,bank_transfer,707.76,BND,707.76,BN,BN,,False,2025-03-11 21:00:00,0,21,1,2123.28,3.0,4246.56,6.0,4246.56,6.0,False
loan_262_6,cust_loan_262,customer,loan_cust_loan_262,LOAN_AUTO,bank_transfer,478.02,BND,478.02,BN,BN,,False,2025-03-11 22:00:00,0,22,1,1434.06,3.0,2868.12,6.0,2868.12,6.0,False
loan_263_6,cust_loan_263,customer,loan_cust_loan_263,LOAN_AUTO,bank_transfer,410.66,BND,410.66,BN,BN,,False,2025-03-11 23:00:00,0,23,1,1231.98,3.0,2463.96,6.0,2463.96,6.0,False
loan_264_6,cust_loan_264,customer,loan_cust_loan_264,LOAN_AUTO,bank_transfer,605.68,BND,605.68,BN,BN,,False,2025-03-12 00:00:00,0,0,2,1817.04,3.0,3634.08,6.0,3634.08,6.0,False
loan_265_6,cust_loan_265,customer,loan_cust_loan_265,LOAN_AUTO,bank_transfer,601.4,BND,601.4,BN,BN,,False,2025-03-12 01:00:00,0,1,2,1804.2,3.0,3608.4,6.0,3608.4,6.0,False
loan_266_6,cust_loan_266,customer,loan_cust_loan_266,LOAN_AUTO,bank_transfer,370.67,BND,370.67,BN,BN,,False,2025-03-12 02:00:00,0,2,2,1112.01,3.0,2224.02,6.0,2224.02,6.0,False
loan_267_6,cust_loan_267,customer,loan_cust_loan_267,LOAN_AUTO,bank_transfer,703.77,BND,703.77,BN,BN,,False,2025-03-12 03:00:00,0,3,2,2111.31,3.0,4222.62,6.0,4222.62,6.0,False
loan_268_6,cust_loan_268,customer,loan_cust_loan_268,LOAN_AUTO,bank_transfer,294.03,BND,294.03,BN,BN,,False,2025-03-12 04:00:00,0,4,2,882.0899999999999,3.0,1764.1799999999998,6.0,1764.1799999999998,6.0,False
loan_269_6,cust_loan_269,customer,loan_cust_loan_269,LOAN_AUTO,bank_transfer,187.93,BND,187.93,BN,BN,,False,2025-03-12 05:00:00,0,5,2,563.79,3.0,1127.58,6.0,1127.58,6.0,False
loan_27_6,cust_loan_27,customer,loan_cust_loan_27,LOAN_AUTO,bank_transfer,655.97,BND,655.97,BN,BN,,False,2025-03-02 03:00:00,0,3,6,1967.91,3.0,3935.82,6.0,3935.82,6.0,False
loan_270_6,cust_loan_270,customer,loan_cust_loan_270,LOAN_AUTO,bank_transfer,731.04,BND,731.04,BN,BN,,False,2025-03-12 06:00:00,0,6,2,2193.12,3.0,4386.24,6.0,4386.24,6.0,False
loan_271_6,cust_loan_271,customer,loan_cust_loan_271,LOAN_AUTO,bank_transfer,200.99,BND,200.99,BN,BN,,False,2025-03-12 07:00:00,0,7,2,602.97,3.0,1205.94,6.0,1205.94,6.0,False
loan_272_6,cust_loan_272,customer,loan_cust_loan_272,LOAN_AUTO,bank_transfer,513.23,BND,513.23,BN,BN,,False,2025-03-12 08:00:00,0,8,2,1539.69,3.0,3079.38,6.0,3079.38,6.0,False
loan_273_6,cust_loan_273,third_party,loan_cust_loan_273,LOAN_AUTO,bank_transfer,758.9,BND,758.9,BN,BN,,False,2025-03-12 09:00:00,1,9,2,2276.7,3.0,4553.4,6.0,4553.4,6.0,False
loan_274_6,cust_loan_274,customer,loan_cust_loan_274,LOAN_AUTO,bank_transfer,604.76,BND,604.76,BN,BN,,False,2025-03-12 10:00:00,0,10,2,1814.28,3.0,3628.56,6.0,3628.56,6.0,False
loan_275_6,cust_loan_275,customer,loan_cust_loan_275,LOAN_AUTO,bank_transfer,697.6,BND,697.6,BN,BN,,False,2025-03-12 11:00:00,0,11,2,2092.8,3.0,4185.6,6.0,4185.6,6.0,False
loan_276_6,cust_loan_276,customer,loan_cust_loan_276,LOAN_AUTO,bank_transfer,328.72,BND,328.72,BN,BN,,False,2025-03-12 12:00:00,0,12,2,986.16,3.0,1972.32,6.0,1972.32,6.0,False
loan_277_6,cust_loan_277,customer,loan_cust_loan_277,LOAN_AUTO,bank_transfer,615.37,BND,615.37,BN,BN,,False,2025-03-12 13:00:00,0,13,2,1846.11,3.0,3692.22,6.0,3692.22,6.0,False
loan_278_6,cust_loan_278,customer,loan_cust_loan_278,LOAN_AUTO,bank_transfer,198.65,BND,198.65,BN,BN,,False,2025-03-12 14:00:00,0,14,2,595.95,3.0,1191.9,6.0,1191.9,6.0,False
loan_279_6,cust_loan_279,customer,loan_cust_loan_279,LOAN_AUTO,bank_transfer,616.74,BND,616.74,BN,BN,,False,2025-03-12 15:00:00,0,15,2,1850.22,3.0,7295.59,6.0,7295.59,6.0,False
loan_28_6,cust_loan_28,customer,loan_cust_loan_28,LOAN_AUTO,bank_transfer,184.0,BND,184.0,BN,BN,,False,2025-03-02 04:00:00,0,4,6,552.0,3.0,1104.0,6.0,1104.0,6.0,False
loan_280_6,cust_loan_280,customer,loan_cust_loan_280,LOAN_AUTO,bank_transfer,498.94,BND,498.94,BN,BN,,False,2025-03-12 16:00:00,0,16,2,1496.82,3.0,2993.64,6.0,2993.64,6.0,False
loan_281_6,cust_loan_281,customer,loan_cust_loan_281,LOAN_AUTO,bank_transfer,223.34,BND,223.34,BN,BN,,False,2025-03-12 17:00:00,0,17,2,670.02,3.0,1340.04,6.0,1340.04,6.0,False
loan_282_6,cust_loan_282,customer,loan_cust_loan_282,LOAN_AUTO,bank_transfer,734.6,BND,734.6,BN,BN,,False,2025-03-12 18:00:00,0,18,2,2203.8,3.0,4407.6,6.0,4407.6,6.0,False
loan_283_6,cust_loan_283,customer,loan_cust_loan_283,LOAN_AUTO,bank_transfer,699.43,BND,699.43,BN,BN,,False,2025-03-12 19:00:00,0,19,2,2098.29,3.0,4196.58,6.0,4196.58,6.0,False
loan_284_6,cust_loan_284,customer,loan_cust_loan_284,LOAN_AUTO,bank_transfer,230.9,BND,230.9,BN,BN,,False,2025-03-12 20:00:00,0,20,2,692.7,3.0,1385.4,6.0,1385.4,6.0,False
loan_285_6,cust_loan_285,customer,loan_cust_loan_285,LOAN_AUTO,bank_transfer,715.25,BND,715.25,BN,BN,,False,2025-03-12 21:00:00,0,21,2,2145.75,3.0,4291.5,6.0,4291.5,6.0,False
loan_286_6,cust_loan_286,third_party,loan_cust_loan_286,LOAN_AUTO,bank_transfer,203.94,BND,203.94,BN,BN,,False,2025-03-12 22:00:00,1,22,2,611.8199999999999,3.0,3276.07,6.0,3276.07,6.0,True
loan_287_6,cust_loan_287,customer,loan_cust_loan_287,LOAN_AUTO,bank_transfer,535.94,BND,535.94,BN,BN,,False,2025-03-12 23:00:00,0,23,2,3785.57,3.0,5393.39,6.0,5393.39,6.0,False
loan_288_6,cust_loan_288,customer,loan_cust_loan_288,LOAN_AUTO,bank_transfer,525.01,BND,525.01,BN,BN,,False,2025-03-13 00:00:00,0,0,3,1575.03,3.0,3150.06,6.0,3150.06,6.0,False
loan_289_6,cust_loan_289,customer,loan_cust_loan_289,LOAN_AUTO,bank_transfer,166.35,BND,166.35,BN,BN,,False,2025-03-13 01:00:00,0,1,3,499.05,3.0,998.1,6.0,998.1,6.0,False
loan_29_6,cust_loan_29,customer,loan_cust_loan_29,LOAN_AUTO,bank_transfer,651.71,BND,651.71,BN,BN,,False,2025-03-02 05:00:00,0,5,6,1955.13,3.0,3910.26,6.0,3910.26,6.0,False
loan_290_6,cust_loan_290,customer,loan_cust_loan_290,LOAN_AUTO,bank_transfer,342.58,BND,342.58,BN,BN,,False,2025-03-13 02:00:00,0,2,3,1027.74,3.0,2055.48,6.0,2055.48,6.0,False
loan_291_6,cust_loan_291,customer,loan_cust_loan_291,LOAN_AUTO,bank_transfer,765.73,BND,765.73,BN,BN,,False,2025-03-13 03:00:00,0,3,3,2297.19,3.0,4594.38,6.0,4594.38,6.0,False
loan_292_6,cust_loan_292,customer,loan_cust_loan_292,LOAN_AUTO,bank_transfer,211.97,BND,211.97,BN,BN,,False,2025-03-13 04:00:00,0,4,3,635.91,3.0,1271.82,6.0,1271.82,6.0,False
loan_293_6,cust_loan_293,customer,loan_cust_loan_293,LOAN_AUTO,bank_transfer,283.99,BND,283.99,BN,BN,,False,2025-03-13 05:00:00,0,5,3,851.97,3.0,5568.45,6.0,5568.45,6.0,False
loan_294_6,cust_loan_294,customer,loan_cust_loan_294,LOAN_AUTO,bank_transfer,375.8,BND,375.8,BN,BN,,False,2025-03-13 06:00:00,0,6,3,1127.4,3.0,2254.8,6.0,2254.8,6.0,False
loan_295_6,cust_loan_295,customer,loan_cust_loan_295,LOAN_AUTO,bank_transfer,560.87,BND,560.87,BN,BN,,False,2025-03-13 07:00:00,0,7,3,1682.61,3.0,3365.2200000000003,6.0,3365.2200000000003,6.0,False
loan_296_6,cust_loan_296,third_party,loan_cust_loan_296,LOAN_AUTO,bank_transfer,749.13,BND,749.13,BN,BN,,False,2025-03-13 08:00:00,1,8,3,2247.39,3.0,4494.78,6.0,4494.78,6.0,True
loan_297_6,cust_loan_297,customer,loan_cust_loan_297,LOAN_AUTO,bank_transfer,598.03,BND,598.03,BN,BN,,False,2025-03-13 09:00:00,0,9,3,1794.09,3.0,3588.18,6.0,3588.18,6.0,False
loan_298_6,cust_loan_298,customer,loan_cust_loan_298,LOAN_AUTO,bank_transfer,688.35,BND,688.35,BN,BN,,False,2025-03-13 10:00:00,0,10,3,2065.05,3.0,4130.1,6.0,4130.1,6.0,False
loan_299_6,cust_loan_299,customer,loan_cust_loan_299,LOAN_AUTO,bank_transfer,275.13,BND,275.13,BN,BN,,False,2025-03-13 11:00:00,0,11,3,825.39,3.0,1650.78,6.0,1650.78,6.0,False
loan_3_6,cust_loan_3,customer,loan_cust_loan_3,LOAN_AUTO,bank_transfer,651.06,BND,651.06,BN,BN,,False,2025-03-01 03:00:00,0,3,5,1953.18,3.0,3906.36,6.0,3906.36,6.0,False
loan_30_6,cust_loan_30,customer,loan_cust_loan_30,LOAN_AUTO,bank_transfer,713.37,BND,713.37,BN,BN,,False,2025-03-02 06:00:00,0,6,6,2140.11,3.0,4280.22,6.0,4280.22,6.0,False
loan_300_6,cust_loan_300,customer,loan_cust_loan_300,LOAN_AUTO,bank_transfer,343.05,BND,343.05,BN,BN,,False,2025-03-13 12:00:00,0,12,3,1029.15,3.0,2058.3,6.0,2058.3,6.0,False
loan_301_6,cust_loan_301,customer,loan_cust_loan_301,LOAN_AUTO,bank_transfer,709.58,BND,709.58,BN,BN,,False,2025-03-13 13:00:00,0,13,3,2128.74,3.0,4257.4800000000005,6.0,4257.4800000000005,6.0,False
loan_302_6,cust_loan_302,customer,loan_cust_loan_302,LOAN_AUTO,bank_transfer,594.36,BND,594.36,BN,BN,,False,2025-03-13 14:00:00,0,14,3,1783.08,3.0,3566.16,6.0,3566.16,6.0,False
loan_303_6,cust_loan_303,customer,loan_cust_loan_303,LOAN_AUTO,bank_transfer,193.13,BND,193.13,BN,BN,,False,2025-03-13 15:00:00,0,15,3,579.39,3.0,1158.78,6.0,1158.78,6.0,False
loan_304_6,cust_loan_304,customer,loan_cust_loan_304,LOAN_AUTO,bank_transfer,561.76,BND,561.76,BN,BN,,False,2025-03-13 16:00:00,0,16,3,1685.28,3.0,7505.69,6.0,7505.69,6.0,False
loan_305_6,cust_loan_305,customer,loan_cust_loan_305,LOAN_AUTO,bank_transfer,536.53,BND,536.53,BN,BN,,False,2025-03-13 17:00:00,0,17,3,1609.59,3.0,3219.18,6.0,3219.18,6.0,False
loan_306_6,cust_loan_306,customer,loan_cust_loan_306,LOAN_AUTO,bank_transfer,450.19,BND,450.19,BN,BN,,False,2025-03-13 18:00:00,0,18,3,1350.57,3.0,2701.14,6.0,2701.14,6.0,False
loan_307_6,cust_loan_307,customer,loan_cust_loan_307,LOAN_AUTO,bank_transfer,522.1,BND,522.1,BN,BN,,False,2025-03-13 19:00:00,0,19,3,1566.3000000000002,3.0,3132.6000000000004,6.0,3132.6000000000004,6.0,False
loan_308_6,cust_loan_308,customer,loan_cust_loan_308,LOAN_AUTO,bank_transfer,494.21,BND,494.21,BN,BN,,False,2025-03-13 20:00:00,0,20,3,1482.63,3.0,2965.26,6.0,2965.26,6.0,False
loan_309_6,cust_loan_309,customer,loan_cust_loan_309,LOAN_AUTO,bank_transfer,427.62,BND,427.62,BN,BN,,False,2025-03-13 21:00:00,0,21,3,1282.86,3.0,2565.7200000000003,6.0,2565.7200000000003,6.0,False
loan_31_6,cust_loan_31,customer,loan_cust_loan_31,LOAN_AUTO,bank_transfer,749.8,BND,749.8,BN,BN,,False,2025-03-02 07:00:00,0,7,6,2249.4,3.0,4498.799999999999,6.0,4498.799999999999,6.0,False
loan_310_6,cust_loan_310,customer,loan_cust_loan_310,LOAN_AUTO,bank_transfer,571.97,BND,571.97,BN,BN,,False,2025-03-13 22:00:00,0,22,3,1715.91,3.0,3431.82,6.0,3431.82,6.0,False
loan_311_6,cust_loan_311,customer,loan_cust_loan_311,LOAN_AUTO,bank_transfer,519.36,BND,519.36,BN,BN,,False,2025-03-13 23:00:00,0,23,3,1558.08,3.0,3116.16,6.0,3116.16,6.0,False
loan_312_6,cust_loan_312,customer,loan_cust_loan_312,LOAN_AUTO,bank_transfer,416.88,BND,416.88,BN,BN,,False,2025-03-14 00:00:00,0,0,4,1250.64,3.0,4534.92,6.0,4534.92,6.0,False
loan_313_6,cust_loan_313,customer,loan_cust_loan_313,LOAN_AUTO,bank_transfer,258.24,BND,258.24,BN,BN,,False,2025-03-14 01:00:00,0,1,4,774.72,3.0,1549.44,6.0,1549.44,6.0,False
loan_314_6,cust_loan_314,customer,loan_cust_loan_314,LOAN_AUTO,bank_transfer,480.41,BND,480.41,BN,BN,,False,2025-03-14 02:00:00,0,2,4,1441.23,3.0,2882.46,6.0,2882.46,6.0,False
loan_315_6,cust_loan_315,customer,loan_cust_loan_315,LOAN_AUTO,bank_transfer,331.74,BND,331.74,BN,BN,,False,2025-03-14 03:00:00,0,3,4,995.22,3.0,1990.44,6.0,1990.44,6.0,False
loan_316_6,cust_loan_316,customer,loan_cust_loan_316,LOAN_AUTO,bank_transfer,358.04,BND,358.04,BN,BN,,False,2025-03-14 04:00:00,0,4,4,1074.12,3.0,2148.24,6.0,2148.24,6.0,False
loan_317_6,cust_loan_317,customer,loan_cust_loan_317,LOAN_AUTO,bank_transfer,715.04,BND,715.04,BN,BN,,False,2025-03-14 05:00:00,0,5,4,2145.12,3.0,4290.24,6.0,4290.24,6.0,False
loan_318_6,cust_loan_318,customer,loan_cust_loan_318,LOAN_AUTO,bank_transfer,585.83,BND,585.83,BN,BN,,False,2025-03-14 06:00:00,0,6,4,1757.4900000000002,3.0,3514.9800000000005,6.0,3514.9800000000005,6.0,False
loan_319_6,cust_loan_319,third_party,loan_cust_loan_319,LOAN_AUTO,bank_transfer,390.63,BND,390.63,BN,BN,,False,2025-03-14 07:00:00,0,7,4,1171.89,3.0,6073.860000000001,6.0,6073.860000000001,6.0,True
loan_32_6,cust_loan_32,customer,loan_cust_loan_32,LOAN_AUTO,bank_transfer,324.73,BND,324.73,BN,BN,,False,2025-03-02 08:00:00,0,8,6,974.19,3.0,1948.38,6.0,1948.38,6.0,False
loan_320_6,cust_loan_320,customer,loan_cust_loan_320,LOAN_AUTO,bank_transfer,535.44,BND,535.44,BN,BN,,False,2025-03-14 08:00:00,0,8,4,1606.3200000000002,3.0,3212.6400000000003,6.0,3212.6400000000003,6.0,False
loan_321_6,cust_loan_321,customer,loan_cust_loan_321,LOAN_AUTO,bank_transfer,278.04,BND,278.04,BN,BN,,False,2025-03-14 09:00:00,0,9,4,834.1200000000001,3.0,1668.2400000000002,6.0,1668.2400000000002,6.0,False
loan_322_6,cust_loan_322,customer,loan_cust_loan_322,LOAN_AUTO,bank_transfer,594.4,BND,594.4,BN,BN,,False,2025-03-14 10:00:00,0,10,4,1783.1999999999998,3.0,3566.4,6.0,3566.4,6.0,False
loan_323_6,cust_loan_323,customer,loan_cust_loan_323,LOAN_AUTO,bank_transfer,682.9,BND,682.9,BN,BN,,False,2025-03-14 11:00:00,0,11,4,2048.7,3.0,4097.4,6.0,4097.4,6.0,False
loan_324_6,cust_loan_324,customer,loan_cust_loan_324,LOAN_AUTO,bank_transfer,768.19,BND,768.19,BN,BN,,False,2025-03-14 12:00:00,0,12,4,2304.57,3.0,4609.14,6.0,4609.14,6.0,False
loan_325_6,cust_loan_325,customer,loan_cust_loan_325,LOAN_AUTO,bank_transfer,195.04,BND,195.04,BN,BN,,False,2025-03-14 13:00:00,0,13,4,585.12,3.0,1170.24,6.0,1170.24,6.0,False
loan_326_6,cust_loan_326,customer,loan_cust_loan_326,LOAN_AUTO,bank_transfer,406.96,BND,406.96,BN,BN,,False,2025-03-14 14:00:00,0,14,4,1220.88,3.0,2441.76,6.0,2441.76,6.0,False
loan_327_6,cust_loan_327,customer,loan_cust_loan_327,LOAN_AUTO,bank_transfer,590.96,BND,590.96,BN,BN,,False,2025-03-14 15:00:00,0,15,4,1772.88,3.0,3545.76,6.0,3545.76,6.0,False
loan_328_6,cust_loan_328,third_party,loan_cust_loan_328,LOAN_AUTO,bank_transfer,306.39,BND,306.39,BN,BN,,False,2025-03-14 16:00:00,1,16,4,919.17,3.0,1838.34,6.0,1838.34,6.0,False
loan_329_6,cust_loan_329,customer,loan_cust_loan_329,LOAN_AUTO,bank_transfer,7842.03,BND,7842.03,BN,BN,,False,2025-03-14 17:00:00,1,17,4,2140.3500000000004,3.0,4280.700000000001,6.0,4280.700000000001,6.0,False
loan_33_6,cust_loan_33,third_party,loan_cust_loan_33,LOAN_AUTO,bank_transfer,343.18,BND,343.18,BN,BN,,False,2025-03-02 09:00:00,0,9,6,1029.54,3.0,5777.19,6.0,5777.19,6.0,False
loan_330_6,cust_loan_330,customer,loan_cust_loan_330,LOAN_AUTO,bank_transfer,797.21,BND,797.21,BN,BN,,False,2025-03-14 18:00:00,0,18,4,2391.63,3.0,4783.26,6.0,4783.26,6.0,False
loan_331_6,cust_loan_331,customer,loan_cust_loan_331,LOAN_AUTO,bank_transfer,171.63,BND,171.63,BN,BN,,False,2025-03-14 19:00:00,0,19,4,514.89,3.0,1029.78,6.0,1029.78,6.0,False
loan_332_6,cust_loan_332,customer,loan_cust_loan_332,LOAN_AUTO,bank_transfer,465.77,BND,465.77,BN,BN,,False,2025-03-14 20:00:00,0,20,4,1397.31,3.0,2794.62,6.0,2794.62,6.0,False
loan_333_6,cust_loan_333,customer,loan_cust_loan_333,LOAN_AUTO,bank_transfer,546.23,BND,546.23,BN,BN,,False,2025-03-14 21:00:00,0,21,4,1638.69,3.0,3277.38,6.0,3277.38,6.0,False
loan_334_6,cust_loan_334,customer,loan_cust_loan_334,LOAN_AUTO,bank_transfer,263.87,BND,263.87,BN,BN,,False,2025-03-14 22:00:00,0,22,4,791.61,3.0,1583.22,6.0,1583.22,6.0,False
loan_335_6,cust_loan_335,customer,loan_cust_loan_335,LOAN_AUTO,bank_transfer,603.06,BND,603.06,BN,BN,,False,2025-03-14 23:00:00,0,23,4,1809.18,3.0,3618.36,6.0,3618.36,6.0,False
loan_336_6,cust_loan_336,customer,loan_cust_loan_336,LOAN_AUTO,bank_transfer,374.85,BND,374.85,BN,BN,,False,2025-03-15 00:00:00,0,0,5,1124.5500000000002,3.0,2249.1000000000004,6.0,2249.1000000000004,6.0,False
loan_337_6,cust_loan_337,customer,loan_cust_loan_337,LOAN_AUTO,bank_transfer,277.91,BND,277.91,BN,BN,,False,2025-03-15 01:00:00,0,1,5,833.73,3.0,1667.46,6.0,1667.46,6.0,False
loan_338_6,cust_loan_338,customer,loan_cust_loan_338,LOAN_AUTO,bank_transfer,597.0,BND,597.0,BN,BN,,False,2025-03-15 02:00:00,0,2,5,1791.0,3.0,3582.0,6.0,3582.0,6.0,False
loan_339_6,cust_loan_339,third_party,loan_cust_loan_339,LOAN_AUTO,bank_transfer,734.89,BND,734.89,BN,BN,,False,2025-03-15 03:00:00,0,3,5,2204.67,3.0,4409.34,6.0,4409.34,6.0,True
loan_34_6,cust_loan_34,customer,loan_cust_loan_34,LOAN_AUTO,bank_transfer,224.91,BND,224.91,BN,BN,,False,2025-03-02 10:00:00,0,10,6,674.73,3.0,1349.46,6.0,1349.46,6.0,False
loan_340_6,cust_loan_340,customer,loan_cust_loan_340,LOAN_AUTO,bank_transfer,253.46,BND,253.46,BN,BN,,False,2025-03-15 04:00:00,0,4,5,760.38,3.0,1520.76,6.0,1520.76,6.0,False
loan_341_6,cust_loan_341,customer,loan_cust_loan_341,LOAN_AUTO,bank_transfer,588.89,BND,588.89,BN,BN,,False,2025-03-15 05:00:00,0,5,5,1766.67,3.0,3533.34,6.0,3533.34,6.0,False
loan_342_6,cust_loan_342,customer,loan_cust_loan_342,LOAN_AUTO,bank_transfer,195.98,BND,195.98,BN,BN,,False,2025-03-15 06:00:00,0,6,5,587.9399999999999,3.0,1175.88,6.0,1175.88,6.0,False
loan_343_6,cust_loan_343,customer,loan_cust_loan_343,LOAN_AUTO,bank_transfer,279.36,BND,279.36,BN,BN,,False,2025-03-15 07:00:00,0,7,5,838.08,3.0,1676.16,6.0,1676.16,6.0,False
loan_344_6,cust_loan_344,customer,loan_cust_loan_344,LOAN_AUTO,bank_transfer,214.05,BND,214.05,BN,BN,,False,2025-03-15 08:00:00,0,8,5,642.1500000000001,3.0,1284.3000000000002,6.0,1284.3000000000002,6.0,False
loan_345_6,cust_loan_345,customer,loan_cust_loan_345,LOAN_AUTO,bank_transfer,195.59,BND,195.59,BN,BN,,False,2025-03-15 09:00:00,0,9,5,586.77,3.0,2587.05,6.0,2587.05,6.0,False
loan_346_6,cust_loan_346,customer,loan_cust_loan_346,LOAN_AUTO,bank_transfer,761.7,BND,761.7,BN,BN,,False,2025-03-15 10:00:00,0,10,5,2285.1000000000004,3.0,4570.200000000001,6.0,4570.200000000001,6.0,False
loan_347_6,cust_loan_347,customer,loan_cust_loan_347,LOAN_AUTO,bank_transfer,249.86,BND,249.86,BN,BN,,False,2025-03-15 11:00:00,0,11,5,749.58,3.0,1499.16,6.0,1499.16,6.0,False
loan_348_6,cust_loan_348,customer,loan_cust_loan_348,LOAN_AUTO,bank_transfer,287.0,BND,287.0,BN,BN,,False,2025-03-15 12:00:00,0,12,5,861.0,3.0,1722.0,6.0,1722.0,6.0,False
loan_349_6,cust_loan_349,customer,loan_cust_loan_349,LOAN_AUTO,bank_transfer,661.17,BND,661.17,BN,BN,,False,2025-03-15 13:00:00,0,13,5,1983.51,3.0,3967.02,6.0,3967.02,6.0,False
loan_35_6,cust_loan_35,customer,loan_cust_loan_35,LOAN_AUTO,bank_transfer,774.2,BND,774.2,BN,BN,,False,2025-03-02 11:00:00,0,11,6,2322.6000000000004,3.0,4645.200000000001,6.0,4645.200000000001,6.0,False
loan_350_6,cust_loan_350,customer,loan_cust_loan_350,LOAN_AUTO,bank_transfer,764.85,BND,764.85,BN,BN,,False,2025-03-15 14:00:00,0,14,5,2294.55,3.0,4589.1,6.0,4589.1,6.0,False
loan_351_6,cust_loan_351,customer,loan_cust_loan_351,LOAN_AUTO,bank_transfer,208.45,BND,208.45,BN,BN,,False,2025-03-15 15:00:00,0,15,5,625.3499999999999,3.0,2953.44,6.0,2953.44,6.0,False
loan_352_6,cust_loan_352,customer,loan_cust_loan_352,LOAN_AUTO,bank_transfer,643.63,BND,643.63,BN,BN,,False,2025-03-15 16:00:00,0,16,5,1930.89,3.0,3861.78,6.0,3861.78,6.0,False
loan_353_6,cust_loan_353,customer,loan_cust_loan_353,LOAN_AUTO,bank_transfer,583.94,BND,583.94,BN,BN,,False,2025-03-15 17:00:00,0,17,5,1751.8200000000002,3.0,3503.6400000000003,6.0,3503.6400000000003,6.0,False
loan_354_6,cust_loan_354,customer,loan_cust_loan_354,LOAN_AUTO,bank_transfer,526.9,BND,526.9,BN,BN,,False,2025-03-15 18:00:00,0,18,5,1580.6999999999998,3.0,10203.71,6.0,10203.71,6.0,False
loan_355_6,cust_loan_355,customer,loan_cust_loan_355,LOAN_AUTO,bank_transfer,580.44,BND,580.44,BN,BN,,False,2025-03-15 19:00:00,0,19,5,1741.3200000000002,3.0,3482.6400000000003,6.0,3482.6400000000003,6.0,False
loan_356_6,cust_loan_356,customer,loan_cust_loan_356,LOAN_AUTO,bank_transfer,656.28,BND,656.28,BN,BN,,False,2025-03-15 20:00:00,0,20,5,4868.59,3.0,6837.43,6.0,6837.43,6.0,False
loan_357_6,cust_loan_357,customer,loan_cust_loan_357,LOAN_AUTO,bank_transfer,669.16,BND,669.16,BN,BN,,False,2025-03-15 21:00:00,0,21,5,2007.48,3.0,4014.96,6.0,4014.96,6.0,False
loan_358_6,cust_loan_358,customer,loan_cust_loan_358,LOAN_AUTO,bank_transfer,10690.77,BND,10690.77,BN,BN,,False,2025-03-15 22:00:00,1,22,5,2390.94,3.0,4781.88,6.0,4781.88,6.0,False
loan_359_6,cust_loan_359,customer,loan_cust_loan_359,LOAN_AUTO,bank_transfer,184.54,BND,184.54,BN,BN,,False,2025-03-15 23:00:00,0,23,5,553.62,3.0,1107.24,6.0,1107.24,6.0,False
loan_36_6,cust_loan_36,customer,loan_cust_loan_36,LOAN_AUTO,bank_transfer,274.25,BND,274.25,BN,BN,,False,2025-03-02 12:00:00,0,12,6,822.75,3.0,1645.5,6.0,1645.5,6.0,False
loan_360_6,cust_loan_360,customer,loan_cust_loan_360,LOAN_AUTO,bank_transfer,275.17,BND,275.17,BN,BN,,False,2025-03-16 00:00:00,0,0,6,825.51,3.0,1651.02,6.0,1651.02,6.0,False
loan_361_6,cust_loan_361,customer,loan_cust_loan_361,LOAN_AUTO,bank_transfer,771.2,BND,771.2,BN,BN,,False,2025-03-16 01:00:00,0,1,6,2313.6000000000004,3.0,4627.200000000001,6.0,4627.200000000001,6.0,False
loan_362_6,cust_loan_362,customer,loan_cust_loan_362,LOAN_AUTO,bank_transfer,392.34,BND,392.34,BN,BN,,False,2025-03-16 02:00:00,0,2,6,1177.02,3.0,2354.04,6.0,2354.04,6.0,False
loan_363_6,cust_loan_363,customer,loan_cust_loan_363,LOAN_AUTO,bank_transfer,375.99,BND,375.99,BN,BN,,False,2025-03-16 03:00:00,0,3,6,5377.349999999999,3.0,6505.32,6.0,6505.32,6.0,False
loan_364_6,cust_loan_364,customer,loan_cust_loan_364,LOAN_AUTO,bank_transfer,544.55,BND,544.55,BN,BN,,False,2025-03-16 04:00:00,0,4,6,1633.65,3.0,3267.3,6.0,3267.3,6.0,False
loan_365_6,cust_loan_365,customer,loan_cust_loan_365,LOAN_AUTO,bank_transfer,235.53,BND,235.53,BN,BN,,False,2025-03-16 05:00:00,0,5,6,706.59,3.0,1413.18,6.0,1413.18,6.0,False
loan_366_6,cust_loan_366,customer,loan_cust_loan_366,LOAN_AUTO,bank_transfer,559.92,BND,559.92,BN,BN,,False,2025-03-16 06:00:00,0,6,6,1679.7599999999998,3.0,3359.5199999999995,6.0,3359.5199999999995,6.0,False
loan_367_6,cust_loan_367,customer,loan_cust_loan_367,LOAN_AUTO,bank_transfer,180.78,BND,180.78,BN,BN,,False,2025-03-16 07:00:00,0,7,6,542.34,3.0,1084.68,6.0,1084.68,6.0,False
loan_368_6,cust_loan_368,customer,loan_cust_loan_368,LOAN_AUTO,bank_transfer,463.42,BND,463.42,BN,BN,,False,2025-03-16 08:00:00,0,8,6,1390.26,3.0,4684.610000000001,6.0,4684.610000000001,6.0,False
loan_369_6,cust_loan_369,customer,loan_cust_loan_369,LOAN_AUTO,bank_transfer,684.78,BND,684.78,BN,BN,,False,2025-03-16 09:00:00,0,9,6,2054.34,3.0,4108.68,6.0,4108.68,6.0,False
loan_37_6,cust_loan_37,customer,loan_cust_loan_37,LOAN_AUTO,bank_transfer,666.76,BND,666.76,BN,BN,,False,2025-03-02 13:00:00,0,13,6,2000.28,3.0,7866.570000000001,6.0,7866.570000000001,6.0,False
loan_370_6,cust_loan_370,customer,loan_cust_loan_370,LOAN_AUTO,bank_transfer,169.77,BND,169.77,BN,BN,,False,2025-03-16 10:00:00,0,10,6,509.31000000000006,3.0,1018.62,6.0,1018.62,6.0,False
loan_371_6,cust_loan_371,customer,loan_cust_loan_371,LOAN_AUTO,bank_transfer,677.03,BND,677.03,BN,BN,,False,2025-03-16 11:00:00,0,11,6,2031.09,3.0,4062.18,6.0,4062.18,6.0,False
loan_372_6,cust_loan_372,customer,loan_cust_loan_372,LOAN_AUTO,bank_transfer,469.42,BND,469.42,BN,BN,,False,2025-03-16 12:00:00,0,12,6,1408.26,3.0,2816.52,6.0,2816.52,6.0,False
loan_373_6,cust_loan_373,customer,loan_cust_loan_373,LOAN_AUTO,bank_transfer,426.45,BND,426.45,BN,BN,,False,2025-03-16 13:00:00,0,13,6,1279.35,3.0,2558.7,6.0,2558.7,6.0,False
loan_374_6,cust_loan_374,customer,loan_cust_loan_374,LOAN_AUTO,bank_transfer,369.97,BND,369.97,BN,BN,,False,2025-03-16 14:00:00,0,14,6,1109.91,3.0,2219.82,6.0,2219.82,6.0,False
loan_375_6,cust_loan_375,customer,loan_cust_loan_375,LOAN_AUTO,bank_transfer,692.19,BND,692.19,BN,BN,,False,2025-03-16 15:00:00,0,15,6,2076.57,3.0,4153.14,6.0,4153.14,6.0,False
loan_376_6,cust_loan_376,customer,loan_cust_loan_376,LOAN_AUTO,bank_transfer,372.95,BND,372.95,BN,BN,,False,2025-03-16 16:00:00,0,16,6,1118.85,3.0,2237.7,6.0,2237.7,6.0,False
loan_377_6,cust_loan_377,customer,loan_cust_loan_377,LOAN_AUTO,bank_transfer,330.35,BND,330.35,BN,BN,,False,2025-03-16 17:00:00,0,17,6,991.05,3.0,1982.1,6.0,1982.1,6.0,False
loan_378_6,cust_loan_378,customer,loan_cust_loan_378,LOAN_AUTO,bank_transfer,525.93,BND,525.93,BN,BN,,False,2025-03-16 18:00:00,0,18,6,1577.79,3.0,3155.58,6.0,3155.58,6.0,False
loan_379_6,cust_loan_379,customer,loan_cust_loan_379,LOAN_AUTO,bank_transfer,659.72,BND,659.72,BN,BN,,False,2025-03-16 19:00:00,0,19,6,1979.16,3.0,3958.32,6.0,3958.32,6.0,False
loan_38_6,cust_loan_38,customer,loan_cust_loan_38,LOAN_AUTO,bank_transfer,598.97,BND,598.97,BN,BN,,False,2025-03-02 14:00:00,0,14,6,1796.91,3.0,3593.82,6.0,3593.82,6.0,False
loan_380_6,cust_loan_380,customer,loan_cust_loan_380,LOAN_AUTO,bank_transfer,184.77,BND,184.77,BN,BN,,False,2025-03-16 20:00:00,0,20,6,554.3100000000001,3.0,1108.62,6.0,1108.62,6.0,False
loan_381_6,cust_loan_381,third_party,loan_cust_loan_381,LOAN_AUTO,bank_transfer,468.03,BND,468.03,BN,BN,,False,2025-03-16 21:00:00,0,21,6,1404.09,3.0,2808.18,6.0,2808.18,6.0,True
loan_382_6,cust_loan_382,customer,loan_cust_loan_382,LOAN_AUTO,bank_transfer,6639.57,BND,6639.57,BN,BN,,False,2025-03-16 22:00:00,1,22,6,1645.98,3.0,3291.96,6.0,3291.96,6.0,False
loan_383_6,cust_loan_383,customer,loan_cust_loan_383,LOAN_AUTO,bank_transfer,154.45,BND,154.45,BN,BN,,False,2025-03-16 23:00:00,0,23,6,2508.77,3.0,2972.12,6.0,2972.12,6.0,False
loan_384_6,cust_loan_384,customer,loan_cust_loan_384,LOAN_AUTO,bank_transfer,154.77,BND,154.77,BN,BN,,False,2025-03-17 00:00:00,0,0,0,3089.1400000000003,3.0,3553.45,6.0,3553.45,6.0,False
loan_385_6,cust_loan_385,customer,loan_cust_loan_385,LOAN_AUTO,bank_transfer,601.58,BND,601.58,BN,BN,,False,2025-03-17 01:00:00,0,1,0,1804.74,3.0,3609.480000000001,6.0,3609.480000000001,6.0,False
loan_386_6,cust_loan_386,customer,loan_cust_loan_386,LOAN_AUTO,bank_transfer,782.96,BND,782.96,BN,BN,,False,2025-03-17 02:00:00,0,2,0,2348.88,3.0,4697.76,6.0,4697.76,6.0,False
loan_387_6,cust_loan_387,customer,loan_cust_loan_387,LOAN_AUTO,bank_transfer,622.0,BND,622.0,BN,BN,,False,2025-03-17 03:00:00,0,3,0,1866.0,3.0,10467.39,6.0,10467.39,6.0,False
loan_388_6,cust_loan_388,customer,loan_cust_loan_388,LOAN_AUTO,bank_transfer,446.39,BND,446.39,BN,BN,,False,2025-03-17 04:00:00,0,4,0,1339.17,3.0,2678.34,6.0,2678.34,6.0,False
loan_389_6,cust_loan_389,customer,loan_cust_loan_389,LOAN_AUTO,bank_transfer,227.15,BND,227.15,BN,BN,,False,2025-03-17 05:00:00,0,5,0,681.45,3.0,1362.9,6.0,1362.9,6.0,False
loan_39_6,cust_loan_39,customer,loan_cust_loan_39,LOAN_AUTO,bank_transfer,165.92,BND,165.92,BN,BN,,False,2025-03-02 15:00:00,0,15,6,497.76,3.0,995.52,6.0,995.52,6.0,False
loan_390_6,cust_loan_390,third_party,loan_cust_loan_390,LOAN_AUTO,bank_transfer,638.05,BND,638.05,BN,BN,,False,2025-03-17 06:00:00,0,6,0,1914.15,3.0,3828.3,6.0,3828.3,6.0,True
loan_391_6,cust_loan_391,customer,loan_cust_loan_391,LOAN_AUTO,bank_transfer,328.76,BND,328.76,BN,BN,,False,2025-03-17 07:00:00,0,7,0,986.28,3.0,3374.95,6.0,3374.95,6.0,False
loan_392_6,cust_loan_392,customer,loan_cust_loan_392,LOAN_AUTO,bank_transfer,601.94,BND,601.94,BN,BN,,False,2025-03-17 08:00:00,0,8,0,1805.82,3.0,11721.72,6.0,11721.72,6.0,False
loan_393_6,cust_loan_393,customer,loan_cust_loan_393,LOAN_AUTO,bank_transfer,797.27,BND,797.27,BN,BN,,False,2025-03-17 09:00:00,0,9,0,2391.81,3.0,4783.62,6.0,4783.62,6.0,False
loan_394_6,cust_loan_394,customer,loan_cust_loan_394,LOAN_AUTO,bank_transfer,757.5,BND,757.5,BN,BN,,False,2025-03-17 10:00:00,0,10,0,2272.5,3.0,4545.0,6.0,4545.0,6.0,False
loan_395_6,cust_loan_395,customer,loan_cust_loan_395,LOAN_AUTO,bank_transfer,608.49,BND,608.49,BN,BN,,False,2025-03-17 11:00:00,0,11,0,1825.47,3.0,3650.94,6.0,3650.94,6.0,False
loan_396_6,cust_loan_396,customer,loan_cust_loan_396,LOAN_AUTO,bank_transfer,562.27,BND,562.27,BN,BN,,False,2025-03-17 12:00:00,0,12,0,1686.81,3.0,7305.039999999999,6.0,7305.039999999999,6.0,False
loan_397_6,cust_loan_397,customer,loan_cust_loan_397,LOAN_AUTO,bank_transfer,475.99,BND,475.99,BN,BN,,False,2025-03-17 13:00:00,0,13,0,1427.97,3.0,2855.94,6.0,2855.94,6.0,False
loan_398_6,cust_loan_398,customer,loan_cust_loan_398,LOAN_AUTO,bank_transfer,784.61,BND,784.61,BN,BN,,False,2025-03-17 14:00:00,0,14,0,2353.83,3.0,4707.66,6.0,4707.66,6.0,False
loan_399_6,cust_loan_399,customer,loan_cust_loan_399,LOAN_AUTO,bank_transfer,662.75,BND,662.75,BN,BN,,False,2025-03-17 15:00:00,0,15,0,7541.47,3.0,9529.72,6.0,9529.72,6.0,False
loan_4_6,cust_loan_4,customer,loan_cust_loan_4,LOAN_AUTO,bank_transfer,177.63,BND,177.63,BN,BN,,False,2025-03-01 04:00:00,0,4,5,532.89,3.0,1065.78,6.0,1065.78,6.0,False
loan_40_6,cust_loan_40,third_party,loan_cust_loan_40,LOAN_AUTO,bank_transfer,798.76,BND,798.76,BN,BN,,False,2025-03-02 16:00:00,0,16,6,2396.28,3.0,4792.56,6.0,4792.56,6.0,True
loan_400_6,cust_loan_400,customer,loan_cust_loan_400,LOAN_AUTO,bank_transfer,281.97,BND,281.97,BN,BN,,False,2025-03-17 16:00:00,0,16,0,845.9100000000001,3.0,1691.8200000000002,6.0,1691.8200000000002,6.0,False
loan_401_6,cust_loan_401,customer,loan_cust_loan_401,LOAN_AUTO,bank_transfer,353.97,BND,353.97,BN,BN,,False,2025-03-17 17:00:00,0,17,0,1061.91,3.0,2123.82,6.0,2123.82,6.0,False
loan_402_6,cust_loan_402,third_party,loan_cust_loan_402,LOAN_AUTO,bank_transfer,743.85,BND,743.85,BN,BN,,False,2025-03-17 18:00:00,1,18,0,2231.55,3.0,4463.1,6.0,4463.1,6.0,False
loan_403_6,cust_loan_403,customer,loan_cust_loan_403,LOAN_AUTO,bank_transfer,5672.05,BND,5672.05,BN,BN,,False,2025-03-17 19:00:00,1,19,0,7289.38,3.0,8965.93,6.0,8965.93,6.0,False
loan_404_6,cust_loan_404,customer,loan_cust_loan_404,LOAN_AUTO,bank_transfer,547.26,BND,547.26,BN,BN,,False,2025-03-17 20:00:00,0,20,0,1641.78,3.0,3283.56,6.0,3283.56,6.0,False
loan_405_6,cust_loan_405,customer,loan_cust_loan_405,LOAN_AUTO,bank_transfer,173.58,BND,173.58,BN,BN,,False,2025-03-17 21:00:00,0,21,0,520.74,3.0,1041.48,6.0,1041.48,6.0,False
loan_406_6,cust_loan_406,customer,loan_cust_loan_406,LOAN_AUTO,bank_transfer,222.47,BND,222.47,BN,BN,,False,2025-03-17 22:00:00,0,22,0,667.41,3.0,1334.82,6.0,1334.82,6.0,False
loan_407_6,cust_loan_407,customer,loan_cust_loan_407,LOAN_AUTO,bank_transfer,436.2,BND,436.2,BN,BN,,False,2025-03-17 23:00:00,0,23,0,1308.6,3.0,2617.2,6.0,2617.2,6.0,False
loan_408_6,cust_loan_408,customer,loan_cust_loan_408,LOAN_AUTO,bank_transfer,566.92,BND,566.92,BN,BN,,False,2025-03-18 00:00:00,0,0,1,1700.7599999999998,3.0,3401.5199999999995,6.0,3401.5199999999995,6.0,False
loan_409_6,cust_loan_409,third_party,loan_cust_loan_409,LOAN_AUTO,bank_transfer,605.21,BND,605.21,BN,BN,,False,2025-03-18 01:00:00,0,1,1,1815.63,3.0,3631.26,6.0,3631.26,6.0,True
loan_41_6,cust_loan_41,customer,loan_cust_loan_41,LOAN_AUTO,bank_transfer,371.29,BND,371.29,BN,BN,,False,2025-03-02 17:00:00,0,17,6,1113.87,3.0,2227.74,6.0,2227.74,6.0,False
loan_410_6,cust_loan_410,customer,loan_cust_loan_410,LOAN_AUTO,bank_transfer,628.22,BND,628.22,BN,BN,,False,2025-03-18 02:00:00,0,2,1,1884.66,3.0,3769.32,6.0,3769.32,6.0,False
loan_411_6,cust_loan_411,customer,loan_cust_loan_411,LOAN_AUTO,bank_transfer,313.2,BND,313.2,BN,BN,,False,2025-03-18 03:00:00,0,3,1,939.6,3.0,1879.2,6.0,1879.2,6.0,False
loan_412_6,cust_loan_412,customer,loan_cust_loan_412,LOAN_AUTO,bank_transfer,372.15,BND,372.15,BN,BN,,False,2025-03-18 04:00:00,0,4,1,1116.4499999999998,3.0,2232.9,6.0,2232.9,6.0,False
loan_413_6,cust_loan_413,customer,loan_cust_loan_413,LOAN_AUTO,bank_transfer,438.28,BND,438.28,BN,BN,,False,2025-03-18 05:00:00,0,5,1,1314.84,3.0,2629.68,6.0,2629.68,6.0,False
loan_414_6,cust_loan_414,customer,loan_cust_loan_414,LOAN_AUTO,bank_transfer,797.04,BND,797.04,BN,BN,,False,2025-03-18 06:00:00,0,6,1,2391.12,3.0,4782.24,6.0,4782.24,6.0,False
loan_415_6,cust_loan_415,third_party,loan_cust_loan_415,LOAN_AUTO,bank_transfer,387.77,BND,387.77,BN,BN,,False,2025-03-18 07:00:00,1,7,1,1163.31,3.0,2326.62,6.0,2326.62,6.0,True
loan_416_6,cust_loan_416,customer,loan_cust_loan_416,LOAN_AUTO,bank_transfer,495.43,BND,495.43,BN,BN,,False,2025-03-18 08:00:00,0,8,1,1486.29,3.0,2972.58,6.0,2972.58,6.0,False
loan_417_6,cust_loan_417,customer,loan_cust_loan_417,LOAN_AUTO,bank_transfer,635.51,BND,635.51,BN,BN,,False,2025-03-18 09:00:00,0,9,1,1906.53,3.0,3813.06,6.0,3813.06,6.0,False
loan_418_6,cust_loan_418,third_party,loan_cust_loan_418,LOAN_AUTO,bank_transfer,8898.94,BND,8898.94,BN,BN,,False,2025-03-18 10:00:00,1,10,1,2168.1000000000004,3.0,4336.200000000001,6.0,4336.200000000001,6.0,True
loan_419_6,cust_loan_419,customer,loan_cust_loan_419,LOAN_AUTO,bank_transfer,794.1,BND,794.1,BN,BN,,False,2025-03-18 11:00:00,0,11,1,2382.3,3.0,4764.6,6.0,4764.6,6.0,False
loan_42_6,cust_loan_42,customer,loan_cust_loan_42,LOAN_AUTO,bank_transfer,764.86,BND,764.86,BN,BN,,False,2025-03-02 18:00:00,0,18,6,2294.58,3.0,4589.16,6.0,4589.16,6.0,False
loan_420_6,cust_loan_420,customer,loan_cust_loan_420,LOAN_AUTO,bank_transfer,603.43,BND,603.43,BN,BN,,False,2025-03-18 12:00:00,0,12,1,1810.29,3.0,3620.58,6.0,3620.58,6.0,False
loan_421_6,cust_loan_421,customer,loan_cust_loan_421,LOAN_AUTO,bank_transfer,264.84,BND,264.84,BN,BN,,False,2025-03-18 13:00:00,0,13,1,794.52,3.0,1589.04,6.0,1589.04,6.0,False
loan_422_6,cust_loan_422,customer,loan_cust_loan_422,LOAN_AUTO,bank_transfer,424.16,BND,424.16,BN,BN,,False,2025-03-18 14:00:00,0,14,1,1272.48,3.0,2544.96,6.0,2544.96,6.0,False
loan_423_6,cust_loan_423,customer,loan_cust_loan_423,LOAN_AUTO,bank_transfer,341.3,BND,341.3,BN,BN,,False,2025-03-18 15:00:00,0,15,1,1023.9,3.0,2047.8,6.0,2047.8,6.0,False
loan_424_6,cust_loan_424,customer,loan_cust_loan_424,LOAN_AUTO,bank_transfer,515.58,BND,515.58,BN,BN,,False,2025-03-18 16:00:00,0,16,1,1546.7400000000002,3.0,3093.4800000000005,6.0,3093.4800000000005,6.0,False
loan_425_6,cust_loan_425,customer,loan_cust_loan_425,LOAN_AUTO,bank_transfer,200.34,BND,200.34,BN,BN,,False,2025-03-18 17:00:00,0,17,1,601.02,3.0,1202.04,6.0,1202.04,6.0,False
loan_426_6,cust_loan_426,customer,loan_cust_loan_426,LOAN_AUTO,bank_transfer,232.26,BND,232.26,BN,BN,,False,2025-03-18 18:00:00,0,18,1,696.78,3.0,1393.56,6.0,1393.56,6.0,False
loan_427_6,cust_loan_427,customer,loan_cust_loan_427,LOAN_AUTO,bank_transfer,729.1,BND,729.1,BN,BN,,False,2025-03-18 19:00:00,0,19,1,2187.3,3.0,4374.6,6.0,4374.6,6.0,False
loan_428_6,cust_loan_428,customer,loan_cust_loan_428,LOAN_AUTO,bank_transfer,519.07,BND,519.07,BN,BN,,False,2025-03-18 20:00:00,0,20,1,3650.02,3.0,5207.2300000000005,6.0,5207.2300000000005,6.0,False
loan_429_6,cust_loan_429,customer,loan_cust_loan_429,LOAN_AUTO,bank_transfer,601.32,BND,601.32,BN,BN,,False,2025-03-18 21:00:00,0,21,1,1803.96,3.0,3607.92,6.0,3607.92,6.0,False
loan_43_6,cust_loan_43,customer,loan_cust_loan_43,LOAN_AUTO,bank_transfer,490.38,BND,490.38,BN,BN,,False,2025-03-02 19:00:00,0,19,6,1471.14,3.0,2942.28,6.0,2942.28,6.0,False
loan_430_6,cust_loan_430,customer,loan_cust_loan_430,LOAN_AUTO,bank_transfer,489.32,BND,489.32,BN,BN,,False,2025-03-18 22:00:00,0,22,1,1467.96,3.0,2935.92,6.0,2935.92,6.0,False
loan_431_6,cust_loan_431,customer,loan_cust_loan_431,LOAN_AUTO,bank_transfer,562.08,BND,562.08,BN,BN,,False,2025-03-18 23:00:00,0,23,1,1686.2400000000002,3.0,3372.4800000000005,6.0,3372.4800000000005,6.0,False
loan_432_6,cust_loan_432,customer,loan_cust_loan_432,LOAN_AUTO,bank_transfer,408.61,BND,408.61,BN,BN,,False,2025-03-19 00:00:00,0,0,2,1225.83,3.0,2451.66,6.0,2451.66,6.0,False
loan_433_6,cust_loan_433,customer,loan_cust_loan_433,LOAN_AUTO,bank_transfer,773.68,BND,773.68,BN,BN,,False,2025-03-19 01:00:00,0,1,2,2321.04,3.0,4642.08,6.0,4642.08,6.0,False
loan_434_6,cust_loan_434,customer,loan_cust_loan_434,LOAN_AUTO,bank_transfer,354.48,BND,354.48,BN,BN,,False,2025-03-19 02:00:00,0,2,2,1063.44,3.0,2126.88,6.0,2126.88,6.0,False
loan_435_6,cust_loan_435,customer,loan_cust_loan_435,LOAN_AUTO,bank_transfer,342.99,BND,342.99,BN,BN,,False,2025-03-19 03:00:00,0,3,2,1028.97,3.0,2057.94,6.0,2057.94,6.0,False
loan_436_6,cust_loan_436,customer,loan_cust_loan_436,LOAN_AUTO,bank_transfer,566.26,BND,566.26,BN,BN,,False,2025-03-19 04:00:00,0,4,2,1698.78,3.0,3397.56,6.0,3397.56,6.0,False
loan_437_6,cust_loan_437,customer,loan_cust_loan_437,LOAN_AUTO,bank_transfer,502.83,BND,502.83,BN,BN,,False,2025-03-19 05:00:00,0,5,2,1508.49,3.0,3016.98,6.0,3016.98,6.0,False
loan_438_6,cust_loan_438,customer,loan_cust_loan_438,LOAN_AUTO,bank_transfer,630.87,BND,630.87,BN,BN,,False,2025-03-19 06:00:00,0,6,2,1892.61,3.0,3785.22,6.0,3785.22,6.0,False
loan_439_6,cust_loan_439,customer,loan_cust_loan_439,LOAN_AUTO,bank_transfer,691.8,BND,691.8,BN,BN,,False,2025-03-19 07:00:00,0,7,2,2075.4,3.0,4150.799999999999,6.0,4150.799999999999,6.0,False
loan_44_6,cust_loan_44,customer,loan_cust_loan_44,LOAN_AUTO,bank_transfer,519.02,BND,519.02,BN,BN,,False,2025-03-02 20:00:00,0,20,6,1557.06,3.0,8490.77,6.0,8490.77,6.0,False
loan_440_6,cust_loan_440,customer,loan_cust_loan_440,LOAN_AUTO,bank_transfer,229.61,BND,229.61,BN,BN,,False,2025-03-19 08:00:00,0,8,2,688.83,3.0,3627.3,6.0,3627.3,6.0,False
loan_441_6,cust_loan_441,customer,loan_cust_loan_441,LOAN_AUTO,bank_transfer,368.92,BND,368.92,BN,BN,,False,2025-03-19 09:00:00,0,9,2,1106.76,3.0,4437.75,6.0,4437.75,6.0,False
loan_442_6,cust_loan_442,customer,loan_cust_loan_442,LOAN_AUTO,bank_transfer,472.91,BND,472.91,BN,BN,,False,2025-03-19 10:00:00,0,10,2,1418.73,3.0,2837.46,6.0,2837.46,6.0,False
loan_443_6,cust_loan_443,customer,loan_cust_loan_443,LOAN_AUTO,bank_transfer,388.71,BND,388.71,BN,BN,,False,2025-03-19 11:00:00,0,11,2,1166.13,3.0,2332.26,6.0,2332.26,6.0,False
loan_444_6,cust_loan_444,customer,loan_cust_loan_444,LOAN_AUTO,bank_transfer,591.01,BND,591.01,BN,BN,,False,2025-03-19 12:00:00,0,12,2,1773.03,3.0,3546.06,6.0,3546.06,6.0,False
loan_445_6,cust_loan_445,customer,loan_cust_loan_445,LOAN_AUTO,bank_transfer,5923.33,BND,5923.33,BN,BN,,False,2025-03-19 13:00:00,1,13,2,2277.0,3.0,4554.0,6.0,4554.0,6.0,False
loan_446_6,cust_loan_446,customer,loan_cust_loan_446,LOAN_AUTO,bank_transfer,467.21,BND,467.21,BN,BN,,False,2025-03-19 14:00:00,0,14,2,1401.63,3.0,2803.26,6.0,2803.26,6.0,False
loan_447_6,cust_loan_447,customer,loan_cust_loan_447,LOAN_AUTO,bank_transfer,467.07,BND,467.07,BN,BN,,False,2025-03-19 15:00:00,0,15,2,1401.21,3.0,2802.42,6.0,2802.42,6.0,False
loan_448_6,cust_loan_448,customer,loan_cust_loan_448,LOAN_AUTO,bank_transfer,646.66,BND,646.66,BN,BN,,False,2025-03-19 16:00:00,0,16,2,1939.98,3.0,3879.96,6.0,3879.96,6.0,False
loan_449_6,cust_loan_449,customer,loan_cust_loan_449,LOAN_AUTO,bank_transfer,379.42,BND,379.42,BN,BN,,False,2025-03-19 17:00:00,0,17,2,1138.26,3.0,2276.52,6.0,2276.52,6.0,False
loan_45_6,cust_loan_45,customer,loan_cust_loan_45,LOAN_AUTO,bank_transfer,485.55,BND,485.55,BN,BN,,False,2025-03-02 21:00:00,0,21,6,1456.65,3.0,2913.3,6.0,2913.3,6.0,False
loan_450_6,cust_loan_450,customer,loan_cust_loan_450,LOAN_AUTO,bank_transfer,795.24,BND,795.24,BN,BN,,False,2025-03-19 18:00:00,0,18,2,2385.7200000000003,3.0,4771.4400000000005,6.0,4771.4400000000005,6.0,False
loan_451_6,cust_loan_451,customer,loan_cust_loan_451,LOAN_AUTO,bank_transfer,410.89,BND,410.89,BN,BN,,False,2025-03-19 19:00:00,0,19,2,1232.67,3.0,4507.4800000000005,6.0,4507.4800000000005,6.0,False
loan_452_6,cust_loan_452,customer,loan_cust_loan_452,LOAN_AUTO,bank_transfer,699.23,BND,699.23,BN,BN,,False,2025-03-19 20:00:00,0,20,2,2097.69,3.0,4195.38,6.0,4195.38,6.0,False
loan_453_6,cust_loan_453,customer,loan_cust_loan_453,LOAN_AUTO,bank_transfer,577.25,BND,577.25,BN,BN,,False,2025-03-19 21:00:00,0,21,2,1731.75,3.0,3463.5,6.0,3463.5,6.0,False
loan_454_6,cust_loan_454,customer,loan_cust_loan_454,LOAN_AUTO,bank_transfer,319.29,BND,319.29,BN,BN,,False,2025-03-19 22:00:00,0,22,2,957.87,3.0,1915.74,6.0,1915.74,6.0,False
loan_455_6,cust_loan_455,customer,loan_cust_loan_455,LOAN_AUTO,bank_transfer,569.24,BND,569.24,BN,BN,,False,2025-03-19 23:00:00,0,23,2,1707.72,3.0,3415.44,6.0,3415.44,6.0,False
loan_456_6,cust_loan_456,customer,loan_cust_loan_456,LOAN_AUTO,bank_transfer,367.41,BND,367.41,BN,BN,,False,2025-03-20 00:00:00,0,0,3,3785.68,3.0,4887.910000000001,6.0,4887.910000000001,6.0,False
loan_457_6,cust_loan_457,customer,loan_cust_loan_457,LOAN_AUTO,bank_transfer,759.08,BND,759.08,BN,BN,,False,2025-03-20 01:00:00,0,1,3,2277.24,3.0,4554.4800000000005,6.0,4554.4800000000005,6.0,False
loan_458_6,cust_loan_458,customer,loan_cust_loan_458,LOAN_AUTO,bank_transfer,548.01,BND,548.01,BN,BN,,False,2025-03-20 02:00:00,0,2,3,1644.03,3.0,3288.06,6.0,3288.06,6.0,False
loan_459_6,cust_loan_459,customer,loan_cust_loan_459,LOAN_AUTO,bank_transfer,405.61,BND,405.61,BN,BN,,False,2025-03-20 03:00:00,0,3,3,1216.83,3.0,2433.66,6.0,2433.66,6.0,False
loan_46_6,cust_loan_46,customer,loan_cust_loan_46,LOAN_AUTO,bank_transfer,757.59,BND,757.59,BN,BN,,False,2025-03-02 22:00:00,0,22,6,2272.77,3.0,10850.83,6.0,10850.83,6.0,False
loan_460_6,cust_loan_460,customer,loan_cust_loan_460,LOAN_AUTO,bank_transfer,153.44,BND,153.44,BN,BN,,False,2025-03-20 04:00:00,0,4,3,460.32,3.0,920.64,6.0,920.64,6.0,False
loan_461_6,cust_loan_461,third_party,loan_cust_loan_461,LOAN_AUTO,bank_transfer,235.6,BND,235.6,BN,BN,,False,2025-03-20 05:00:00,0,5,3,706.8,3.0,1413.6,6.0,1413.6,6.0,True
loan_462_6,cust_loan_462,customer,loan_cust_loan_462,LOAN_AUTO,bank_transfer,3357.1,BND,3357.1,BN,BN,,False,2025-03-20 06:00:00,1,6,3,1596.9900000000002,3.0,3193.9800000000005,6.0,3193.9800000000005,6.0,False
loan_463_6,cust_loan_463,customer,loan_cust_loan_463,LOAN_AUTO,bank_transfer,634.12,BND,634.12,BN,BN,,False,2025-03-20 07:00:00,0,7,3,10296.87,3.0,12199.23,6.0,12199.23,6.0,False
loan_464_6,cust_loan_464,customer,loan_cust_loan_464,LOAN_AUTO,bank_transfer,497.87,BND,497.87,BN,BN,,False,2025-03-20 08:00:00,0,8,3,1493.61,3.0,5028.179999999999,6.0,5028.179999999999,6.0,False
loan_465_6,cust_loan_465,customer,loan_cust_loan_465,LOAN_AUTO,bank_transfer,672.08,BND,672.08,BN,BN,,False,2025-03-20 09:00:00,0,9,3,2016.24,3.0,4032.480000000001,6.0,4032.480000000001,6.0,False
loan_466_6,cust_loan_466,customer,loan_cust_loan_466,LOAN_AUTO,bank_transfer,352.69,BND,352.69,BN,BN,,False,2025-03-20 10:00:00,0,10,3,1058.07,3.0,2116.14,6.0,2116.14,6.0,False
loan_467_6,cust_loan_467,customer,loan_cust_loan_467,LOAN_AUTO,bank_transfer,718.43,BND,718.43,BN,BN,,False,2025-03-20 11:00:00,0,11,3,2155.29,3.0,4310.58,6.0,4310.58,6.0,False
loan_468_6,cust_loan_468,customer,loan_cust_loan_468,LOAN_AUTO,bank_transfer,299.6,BND,299.6,BN,BN,,False,2025-03-20 12:00:00,0,12,3,898.8000000000001,3.0,1797.6,6.0,1797.6,6.0,False
loan_469_6,cust_loan_469,customer,loan_cust_loan_469,LOAN_AUTO,bank_transfer,514.03,BND,514.03,BN,BN,,False,2025-03-20 13:00:00,0,13,3,1542.09,3.0,7082.37,6.0,7082.37,6.0,False
loan_47_6,cust_loan_47,customer,loan_cust_loan_47,LOAN_AUTO,bank_transfer,341.73,BND,341.73,BN,BN,,False,2025-03-02 23:00:00,0,23,6,1025.19,3.0,2050.38,6.0,2050.38,6.0,False
loan_470_6,cust_loan_470,customer,loan_cust_loan_470,LOAN_AUTO,bank_transfer,182.32,BND,182.32,BN,BN,,False,2025-03-20 14:00:00,0,14,3,546.96,3.0,1093.92,6.0,1093.92,6.0,False
loan_471_6,cust_loan_471,customer,loan_cust_loan_471,LOAN_AUTO,bank_transfer,323.84,BND,323.84,BN,BN,,False,2025-03-20 15:00:00,0,15,3,971.52,3.0,1943.04,6.0,1943.04,6.0,False
loan_472_6,cust_loan_472,customer,loan_cust_loan_472,LOAN_AUTO,bank_transfer,231.2,BND,231.2,BN,BN,,False,2025-03-20 16:00:00,0,16,3,693.5999999999999,3.0,3142.99,6.0,3142.99,6.0,False
loan_473_6,cust_loan_473,customer,loan_cust_loan_473,LOAN_AUTO,bank_transfer,436.06,BND,436.06,BN,BN,,False,2025-03-20 17:00:00,0,17,3,1308.18,3.0,2616.36,6.0,2616.36,6.0,False
loan_474_6,cust_loan_474,customer,loan_cust_loan_474,LOAN_AUTO,bank_transfer,768.67,BND,768.67,BN,BN,,False,2025-03-20 18:00:00,0,18,3,2306.01,3.0,4612.02,6.0,4612.02,6.0,False
loan_475_6,cust_loan_475,customer,loan_cust_loan_475,LOAN_AUTO,bank_transfer,219.28,BND,219.28,BN,BN,,False,2025-03-20 19:00:00,0,19,3,657.84,3.0,1315.68,6.0,1315.68,6.0,False
loan_476_6,cust_loan_476,customer,loan_cust_loan_476,LOAN_AUTO,bank_transfer,295.09,BND,295.09,BN,BN,,False,2025-03-20 20:00:00,0,20,3,885.27,3.0,1770.54,6.0,1770.54,6.0,False
loan_477_6,cust_loan_477,customer,loan_cust_loan_477,LOAN_AUTO,bank_transfer,634.14,BND,634.14,BN,BN,,False,2025-03-20 21:00:00,0,21,3,4959.43,3.0,6861.85,6.0,6861.85,6.0,False
loan_478_6,cust_loan_478,customer,loan_cust_loan_478,LOAN_AUTO,bank_transfer,763.0,BND,763.0,BN,BN,,False,2025-03-20 22:00:00,0,22,3,2289.0,3.0,4578.0,6.0,4578.0,6.0,False
loan_479_6,cust_loan_479,customer,loan_cust_loan_479,LOAN_AUTO,bank_transfer,734.13,BND,734.13,BN,BN,,False,2025-03-20 23:00:00,0,23,3,2202.39,3.0,4404.78,6.0,4404.78,6.0,False
loan_48_6,cust_loan_48,customer,loan_cust_loan_48,LOAN_AUTO,bank_transfer,695.59,BND,695.59,BN,BN,,False,2025-03-03 00:00:00,0,0,0,2086.77,3.0,4173.54,6.0,4173.54,6.0,False
loan_480_6,cust_loan_480,customer,loan_cust_loan_480,LOAN_AUTO,bank_transfer,606.49,BND,606.49,BN,BN,,False,2025-03-21 00:00:00,0,0,4,1819.47,3.0,3638.94,6.0,3638.94,6.0,False
loan_481_6,cust_loan_481,customer,loan_cust_loan_481,LOAN_AUTO,bank_transfer,769.33,BND,769.33,BN,BN,,False,2025-03-21 01:00:00,0,1,4,12279.8,3.0,14587.79,6.0,14587.79,6.0,False
loan_482_6,cust_loan_482,customer,loan_cust_loan_482,LOAN_AUTO,bank_transfer,355.82,BND,355.82,BN,BN,,False,2025-03-21 02:00:00,0,2,4,1067.46,3.0,2134.92,6.0,2134.92,6.0,False
loan_483_6,cust_loan_483,customer,loan_cust_loan_483,LOAN_AUTO,bank_transfer,255.69,BND,255.69,BN,BN,,False,2025-03-21 03:00:00,0,3,4,767.0699999999999,3.0,2727.77,6.0,2727.77,6.0,False
loan_484_6,cust_loan_484,customer,loan_cust_loan_484,LOAN_AUTO,bank_transfer,703.75,BND,703.75,BN,BN,,False,2025-03-21 04:00:00,0,4,4,2111.25,3.0,4222.5,6.0,4222.5,6.0,False
loan_485_6,cust_loan_485,customer,loan_cust_loan_485,LOAN_AUTO,bank_transfer,657.48,BND,657.48,BN,BN,,False,2025-03-21 05:00:00,0,5,4,1972.44,3.0,3944.88,6.0,3944.88,6.0,False
loan_486_6,cust_loan_486,customer,loan_cust_loan_486,LOAN_AUTO,bank_transfer,572.62,BND,572.62,BN,BN,,False,2025-03-21 06:00:00,0,6,4,8001.36,3.0,9719.22,6.0,9719.22,6.0,False
loan_487_6,cust_loan_487,customer,loan_cust_loan_487,LOAN_AUTO,bank_transfer,731.81,BND,731.81,BN,BN,,False,2025-03-21 07:00:00,0,7,4,2195.43,3.0,4390.86,6.0,4390.86,6.0,False
loan_488_6,cust_loan_488,customer,loan_cust_loan_488,LOAN_AUTO,bank_transfer,733.59,BND,733.59,BN,BN,,False,2025-03-21 08:00:00,0,8,4,2200.77,3.0,4401.54,6.0,4401.54,6.0,False
loan_489_6,cust_loan_489,customer,loan_cust_loan_489,LOAN_AUTO,bank_transfer,309.69,BND,309.69,BN,BN,,False,2025-03-21 09:00:00,0,9,4,929.07,3.0,1858.14,6.0,1858.14,6.0,False
loan_49_6,cust_loan_49,customer,loan_cust_loan_49,LOAN_AUTO,bank_transfer,11392.08,BND,11392.08,BN,BN,,False,2025-03-03 01:00:00,1,1,0,2348.2200000000003,3.0,12146.31,6.0,12146.31,6.0,False
loan_490_6,cust_loan_490,customer,loan_cust_loan_490,LOAN_AUTO,bank_transfer,643.01,BND,643.01,BN,BN,,False,2025-03-21 10:00:00,0,10,4,1929.03,3.0,3858.06,6.0,3858.06,6.0,False
loan_491_6,cust_loan_491,customer,loan_cust_loan_491,LOAN_AUTO,bank_transfer,471.93,BND,471.93,BN,BN,,False,2025-03-21 11:00:00,0,11,4,1415.79,3.0,2831.58,6.0,2831.58,6.0,False
loan_492_6,cust_loan_492,customer,loan_cust_loan_492,LOAN_AUTO,bank_transfer,353.34,BND,353.34,BN,BN,,False,2025-03-21 12:00:00,0,12,4,1060.02,3.0,2120.04,6.0,2120.04,6.0,False
loan_493_6,cust_loan_493,customer,loan_cust_loan_493,LOAN_AUTO,bank_transfer,606.31,BND,606.31,BN,BN,,False,2025-03-21 13:00:00,0,13,4,1818.93,3.0,3637.86,6.0,3637.86,6.0,False
loan_494_6,cust_loan_494,customer,loan_cust_loan_494,LOAN_AUTO,bank_transfer,719.93,BND,719.93,BN,BN,,False,2025-03-21 14:00:00,0,14,4,2159.79,3.0,4319.58,6.0,4319.58,6.0,False
loan_495_6,cust_loan_495,customer,loan_cust_loan_495,LOAN_AUTO,bank_transfer,476.29,BND,476.29,BN,BN,,False,2025-03-21 15:00:00,0,15,4,1428.87,3.0,2857.74,6.0,2857.74,6.0,False
loan_496_6,cust_loan_496,third_party,loan_cust_loan_496,LOAN_AUTO,bank_transfer,585.89,BND,585.89,BN,BN,,False,2025-03-21 16:00:00,1,16,4,1757.67,3.0,3515.34,6.0,3515.34,6.0,True
loan_497_6,cust_loan_497,customer,loan_cust_loan_497,LOAN_AUTO,bank_transfer,605.49,BND,605.49,BN,BN,,False,2025-03-21 17:00:00,0,17,4,1816.47,3.0,3632.94,6.0,3632.94,6.0,False
loan_498_6,cust_loan_498,customer,loan_cust_loan_498,LOAN_AUTO,bank_transfer,521.33,BND,521.33,BN,BN,,False,2025-03-21 18:00:00,0,18,4,1563.9900000000002,3.0,3127.9800000000005,6.0,3127.9800000000005,6.0,False
loan_499_6,cust_loan_499,customer,loan_cust_loan_499,LOAN_AUTO,bank_transfer,252.42,BND,252.42,BN,BN,,False,2025-03-21 19:00:00,0,19,4,757.26,3.0,1514.52,6.0,1514.52,6.0,False
loan_5_6,cust_loan_5,customer,loan_cust_loan_5,LOAN_AUTO,bank_transfer,280.98,BND,280.98,BN,BN,,False,2025-03-01 05:00:00,0,5,5,842.94,3.0,1685.88,6.0,1685.88,6.0,False
loan_50_6,cust_loan_50,customer,loan_cust_loan_50,LOAN_AUTO,bank_transfer,563.33,BND,563.33,BN,BN,,False,2025-03-03 02:00:00,0,2,0,1689.9900000000002,3.0,3379.9800000000005,6.0,3379.9800000000005,6.0,False
loan_500_6,cust_loan_500,third_party,loan_cust_loan_500,LOAN_AUTO,bank_transfer,327.09,BND,327.09,BN,BN,,False,2025-03-21 20:00:00,0,20,4,981.27,3.0,1962.54,6.0,1962.54,6.0,True
loan_501_6,cust_loan_501,customer,loan_cust_loan_501,LOAN_AUTO,bank_transfer,274.32,BND,274.32,BN,BN,,False,2025-03-21 21:00:00,0,21,4,822.96,3.0,1645.92,6.0,1645.92,6.0,False
loan_502_6,cust_loan_502,customer,loan_cust_loan_502,LOAN_AUTO,bank_transfer,734.29,BND,734.29,BN,BN,,False,2025-03-21 22:00:00,0,22,4,2202.87,3.0,4405.74,6.0,4405.74,6.0,False
loan_503_6,cust_loan_503,customer,loan_cust_loan_503,LOAN_AUTO,bank_transfer,531.94,BND,531.94,BN,BN,,False,2025-03-21 23:00:00,0,23,4,1595.8200000000002,3.0,3191.6400000000003,6.0,3191.6400000000003,6.0,False
loan_504_6,cust_loan_504,customer,loan_cust_loan_504,LOAN_AUTO,bank_transfer,298.38,BND,298.38,BN,BN,,False,2025-03-22 00:00:00,0,0,5,895.14,3.0,1790.28,6.0,1790.28,6.0,False
loan_505_6,cust_loan_505,customer,loan_cust_loan_505,LOAN_AUTO,bank_transfer,405.92,BND,405.92,BN,BN,,False,2025-03-22 01:00:00,0,1,5,1217.76,3.0,2435.52,6.0,2435.52,6.0,False
loan_506_6,cust_loan_506,customer,loan_cust_loan_506,LOAN_AUTO,bank_transfer,503.7,BND,503.7,BN,BN,,False,2025-03-22 02:00:00,0,2,5,1511.1,3.0,3022.2,6.0,3022.2,6.0,False
loan_507_6,cust_loan_507,customer,loan_cust_loan_507,LOAN_AUTO,bank_transfer,395.76,BND,395.76,BN,BN,,False,2025-03-22 03:00:00,0,3,5,1187.28,3.0,2374.56,6.0,2374.56,6.0,False
loan_508_6,cust_loan_508,customer,loan_cust_loan_508,LOAN_AUTO,bank_transfer,482.44,BND,482.44,BN,BN,,False,2025-03-22 04:00:00,0,4,5,1447.32,3.0,2894.64,6.0,2894.64,6.0,False
loan_509_6,cust_loan_509,customer,loan_cust_loan_509,LOAN_AUTO,bank_transfer,663.02,BND,663.02,BN,BN,,False,2025-03-22 05:00:00,0,5,5,1989.06,3.0,3978.12,6.0,3978.12,6.0,False
loan_51_6,cust_loan_51,customer,loan_cust_loan_51,LOAN_AUTO,bank_transfer,591.57,BND,591.57,BN,BN,,False,2025-03-03 03:00:00,0,3,0,1774.71,3.0,3549.42,6.0,3549.42,6.0,False
loan_510_6,cust_loan_510,customer,loan_cust_loan_510,LOAN_AUTO,bank_transfer,787.58,BND,787.58,BN,BN,,False,2025-03-22 06:00:00,0,6,5,2362.74,3.0,4725.4800000000005,6.0,4725.4800000000005,6.0,False
loan_511_6,cust_loan_511,customer,loan_cust_loan_511,LOAN_AUTO,bank_transfer,413.73,BND,413.73,BN,BN,,False,2025-03-22 07:00:00,0,7,5,1241.19,3.0,2482.38,6.0,2482.38,6.0,False
loan_512_6,cust_loan_512,customer,loan_cust_loan_512,LOAN_AUTO,bank_transfer,473.45,BND,473.45,BN,BN,,False,2025-03-22 08:00:00,0,8,5,1420.35,3.0,2840.7,6.0,2840.7,6.0,False
loan_513_6,cust_loan_513,customer,loan_cust_loan_513,LOAN_AUTO,bank_transfer,400.86,BND,400.86,BN,BN,,False,2025-03-22 09:00:00,0,9,5,1202.58,3.0,2405.16,6.0,2405.16,6.0,False
loan_514_6,cust_loan_514,customer,loan_cust_loan_514,LOAN_AUTO,bank_transfer,432.47,BND,432.47,BN,BN,,False,2025-03-22 10:00:00,0,10,5,1297.41,3.0,2594.82,6.0,2594.82,6.0,False
loan_515_6,cust_loan_515,customer,loan_cust_loan_515,LOAN_AUTO,bank_transfer,180.54,BND,180.54,BN,BN,,False,2025-03-22 11:00:00,0,11,5,541.62,3.0,1083.24,6.0,1083.24,6.0,False
loan_516_6,cust_loan_516,customer,loan_cust_loan_516,LOAN_AUTO,bank_transfer,394.54,BND,394.54,BN,BN,,False,2025-03-22 12:00:00,0,12,5,1183.62,3.0,2367.24,6.0,2367.24,6.0,False
loan_517_6,cust_loan_517,customer,loan_cust_loan_517,LOAN_AUTO,bank_transfer,554.73,BND,554.73,BN,BN,,False,2025-03-22 13:00:00,0,13,5,1664.19,3.0,3328.38,6.0,3328.38,6.0,False
loan_518_6,cust_loan_518,customer,loan_cust_loan_518,LOAN_AUTO,bank_transfer,173.4,BND,173.4,BN,BN,,False,2025-03-22 14:00:00,0,14,5,520.2,3.0,1040.4,6.0,1040.4,6.0,False
loan_519_6,cust_loan_519,customer,loan_cust_loan_519,LOAN_AUTO,bank_transfer,681.04,BND,681.04,BN,BN,,False,2025-03-22 15:00:00,0,15,5,2043.12,3.0,4086.24,6.0,4086.24,6.0,False
loan_52_6,cust_loan_52,customer,loan_cust_loan_52,LOAN_AUTO,bank_transfer,524.18,BND,524.18,BN,BN,,False,2025-03-03 04:00:00,0,4,0,1572.54,3.0,3145.08,6.0,3145.08,6.0,False
loan_520_6,cust_loan_520,customer,loan_cust_loan_520,LOAN_AUTO,bank_transfer,232.13,BND,232.13,BN,BN,,False,2025-03-22 16:00:00,0,16,5,696.39,3.0,1392.78,6.0,1392.78,6.0,False
loan_521_6,cust_loan_521,customer,loan_cust_loan_521,LOAN_AUTO,bank_transfer,378.61,BND,378.61,BN,BN,,False,2025-03-22 17:00:00,0,17,5,1135.83,3.0,2271.66,6.0,2271.66,6.0,False
loan_522_6,cust_loan_522,customer,loan_cust_loan_522,LOAN_AUTO,bank_transfer,267.26,BND,267.26,BN,BN,,False,2025-03-22 18:00:00,0,18,5,801.78,3.0,1603.56,6.0,1603.56,6.0,False
loan_523_6,cust_loan_523,customer,loan_cust_loan_523,LOAN_AUTO,bank_transfer,474.07,BND,474.07,BN,BN,,False,2025-03-22 19:00:00,0,19,5,1422.21,3.0,2844.42,6.0,2844.42,6.0,False
loan_524_6,cust_loan_524,customer,loan_cust_loan_524,LOAN_AUTO,bank_transfer,1229.27,BND,1229.27,BN,BN,,False,2025-03-22 20:00:00,1,20,5,673.3199999999999,3.0,1346.64,6.0,1346.64,6.0,False
loan_525_6,cust_loan_525,customer,loan_cust_loan_525,LOAN_AUTO,bank_transfer,445.52,BND,445.52,BN,BN,,False,2025-03-22 21:00:00,0,21,5,3605.22,3.0,4941.78,6.0,4941.78,6.0,False
loan_526_6,cust_loan_526,customer,loan_cust_loan_526,LOAN_AUTO,bank_transfer,300.85,BND,300.85,BN,BN,,False,2025-03-22 22:00:00,0,22,5,902.55,3.0,1805.1,6.0,1805.1,6.0,False
loan_527_6,cust_loan_527,customer,loan_cust_loan_527,LOAN_AUTO,bank_transfer,464.54,BND,464.54,BN,BN,,False,2025-03-22 23:00:00,0,23,5,1393.62,3.0,2787.24,6.0,2787.24,6.0,False
loan_528_6,cust_loan_528,third_party,loan_cust_loan_528,LOAN_AUTO,bank_transfer,713.63,BND,713.63,BN,BN,,False,2025-03-23 00:00:00,1,0,6,2140.89,3.0,4281.78,6.0,4281.78,6.0,False
loan_529_6,cust_loan_529,customer,loan_cust_loan_529,LOAN_AUTO,bank_transfer,480.14,BND,480.14,BN,BN,,False,2025-03-23 01:00:00,0,1,6,1440.42,3.0,2880.84,6.0,2880.84,6.0,False
loan_53_6,cust_loan_53,customer,loan_cust_loan_53,LOAN_AUTO,bank_transfer,684.12,BND,684.12,BN,BN,,False,2025-03-03 05:00:00,0,5,0,2052.36,3.0,4104.72,6.0,4104.72,6.0,False
loan_530_6,cust_loan_530,customer,loan_cust_loan_530,LOAN_AUTO,bank_transfer,500.25,BND,500.25,BN,BN,,False,2025-03-23 02:00:00,0,2,6,1500.75,3.0,3001.5,6.0,3001.5,6.0,False
loan_531_6,cust_loan_531,customer,loan_cust_loan_531,LOAN_AUTO,bank_transfer,181.96,BND,181.96,BN,BN,,False,2025-03-23 03:00:00,0,3,6,545.88,3.0,1091.76,6.0,1091.76,6.0,False
loan_532_6,cust_loan_532,customer,loan_cust_loan_532,LOAN_AUTO,bank_transfer,523.07,BND,523.07,BN,BN,,False,2025-03-23 04:00:00,0,4,6,1569.21,3.0,3138.42,6.0,3138.42,6.0,False
loan_533_6,cust_loan_533,customer,loan_cust_loan_533,LOAN_AUTO,bank_transfer,538.55,BND,538.55,BN,BN,,False,2025-03-23 05:00:00,0,5,6,1615.65,3.0,3231.3,6.0,3231.3,6.0,False
loan_534_6,cust_loan_534,customer,loan_cust_loan_534,LOAN_AUTO,bank_transfer,2220.17,BND,2220.17,BN,BN,,False,2025-03-23 06:00:00,1,6,6,574.62,3.0,1149.24,6.0,1149.24,6.0,False
loan_535_6,cust_loan_535,customer,loan_cust_loan_535,LOAN_AUTO,bank_transfer,304.65,BND,304.65,BN,BN,,False,2025-03-23 07:00:00,0,7,6,913.95,3.0,1827.9,6.0,1827.9,6.0,False
loan_536_6,cust_loan_536,customer,loan_cust_loan_536,LOAN_AUTO,bank_transfer,445.92,BND,445.92,BN,BN,,False,2025-03-23 08:00:00,0,8,6,1337.76,3.0,2675.52,6.0,2675.52,6.0,False
loan_537_6,cust_loan_537,customer,loan_cust_loan_537,LOAN_AUTO,bank_transfer,654.07,BND,654.07,BN,BN,,False,2025-03-23 09:00:00,0,9,6,1962.21,3.0,3924.42,6.0,3924.42,6.0,False
loan_538_6,cust_loan_538,customer,loan_cust_loan_538,LOAN_AUTO,bank_transfer,310.49,BND,310.49,BN,BN,,False,2025-03-23 10:00:00,0,10,6,931.47,3.0,1862.94,6.0,1862.94,6.0,False
loan_539_6,cust_loan_539,third_party,loan_cust_loan_539,LOAN_AUTO,bank_transfer,755.4,BND,755.4,BN,BN,,False,2025-03-23 11:00:00,1,11,6,2266.2,3.0,4532.4,6.0,4532.4,6.0,True
loan_54_6,cust_loan_54,customer,loan_cust_loan_54,LOAN_AUTO,bank_transfer,158.58,BND,158.58,BN,BN,,False,2025-03-03 06:00:00,0,6,0,2447.08,3.0,2922.82,6.0,2922.82,6.0,False
loan_540_6,cust_loan_540,customer,loan_cust_loan_540,LOAN_AUTO,bank_transfer,580.88,BND,580.88,BN,BN,,False,2025-03-23 12:00:00,0,12,6,1742.64,3.0,3485.28,6.0,3485.28,6.0,False
loan_541_6,cust_loan_541,customer,loan_cust_loan_541,LOAN_AUTO,bank_transfer,491.04,BND,491.04,BN,BN,,False,2025-03-23 13:00:00,0,13,6,1473.12,3.0,2946.24,6.0,2946.24,6.0,False
loan_542_6,cust_loan_542,customer,loan_cust_loan_542,LOAN_AUTO,bank_transfer,448.62,BND,448.62,BN,BN,,False,2025-03-23 14:00:00,0,14,6,1345.86,3.0,2691.7200000000003,6.0,2691.7200000000003,6.0,False
loan_543_6,cust_loan_543,customer,loan_cust_loan_543,LOAN_AUTO,bank_transfer,261.1,BND,261.1,BN,BN,,False,2025-03-23 15:00:00,0,15,6,783.3000000000001,3.0,1566.6,6.0,1566.6,6.0,False
loan_544_6,cust_loan_544,customer,loan_cust_loan_544,LOAN_AUTO,bank_transfer,257.33,BND,257.33,BN,BN,,False,2025-03-23 16:00:00,0,16,6,771.99,3.0,1543.98,6.0,1543.98,6.0,False
loan_545_6,cust_loan_545,customer,loan_cust_loan_545,LOAN_AUTO,bank_transfer,727.32,BND,727.32,BN,BN,,False,2025-03-23 17:00:00,0,17,6,2181.96,3.0,4363.92,6.0,4363.92,6.0,False
loan_546_6,cust_loan_546,customer,loan_cust_loan_546,LOAN_AUTO,bank_transfer,693.01,BND,693.01,BN,BN,,False,2025-03-23 18:00:00,0,18,6,2079.03,3.0,4158.06,6.0,4158.06,6.0,False
loan_547_6,cust_loan_547,customer,loan_cust_loan_547,LOAN_AUTO,bank_transfer,792.27,BND,792.27,BN,BN,,False,2025-03-23 19:00:00,0,19,6,2376.81,3.0,4753.62,6.0,4753.62,6.0,False
loan_548_6,cust_loan_548,customer,loan_cust_loan_548,LOAN_AUTO,bank_transfer,594.52,BND,594.52,BN,BN,,False,2025-03-23 20:00:00,0,20,6,1783.56,3.0,3567.12,6.0,3567.12,6.0,False
loan_549_6,cust_loan_549,customer,loan_cust_loan_549,LOAN_AUTO,bank_transfer,356.58,BND,356.58,BN,BN,,False,2025-03-23 21:00:00,0,21,6,1069.74,3.0,2139.48,6.0,2139.48,6.0,False
loan_55_6,cust_loan_55,customer,loan_cust_loan_55,LOAN_AUTO,bank_transfer,398.85,BND,398.85,BN,BN,,False,2025-03-03 07:00:00,0,7,0,1196.5500000000002,3.0,2393.1000000000004,6.0,2393.1000000000004,6.0,False
loan_550_6,cust_loan_550,customer,loan_cust_loan_550,LOAN_AUTO,bank_transfer,572.56,BND,572.56,BN,BN,,False,2025-03-23 22:00:00,0,22,6,1717.6799999999998,3.0,3435.36,6.0,3435.36,6.0,False
loan_551_6,cust_loan_551,customer,loan_cust_loan_551,LOAN_AUTO,bank_transfer,244.49,BND,244.49,BN,BN,,False,2025-03-23 23:00:00,0,23,6,733.47,3.0,1466.94,6.0,1466.94,6.0,False
loan_552_6,cust_loan_552,customer,loan_cust_loan_552,LOAN_AUTO,bank_transfer,363.98,BND,363.98,BN,BN,,False,2025-03-24 00:00:00,0,0,0,1091.94,3.0,2183.88,6.0,2183.88,6.0,False
loan_553_6,cust_loan_553,customer,loan_cust_loan_553,LOAN_AUTO,bank_transfer,559.9,BND,559.9,BN,BN,,False,2025-03-24 01:00:00,0,1,0,1679.6999999999998,3.0,3359.4,6.0,3359.4,6.0,False
loan_554_6,cust_loan_554,customer,loan_cust_loan_554,LOAN_AUTO,bank_transfer,707.64,BND,707.64,BN,BN,,False,2025-03-24 02:00:00,0,2,0,2122.92,3.0,4245.84,6.0,4245.84,6.0,False
loan_555_6,cust_loan_555,customer,loan_cust_loan_555,LOAN_AUTO,bank_transfer,541.55,BND,541.55,BN,BN,,False,2025-03-24 03:00:00,0,3,0,1624.65,3.0,3249.3,6.0,3249.3,6.0,False
loan_556_6,cust_loan_556,customer,loan_cust_loan_556,LOAN_AUTO,bank_transfer,160.57,BND,160.57,BN,BN,,False,2025-03-24 04:00:00,0,4,0,2074.42,3.0,2556.13,6.0,2556.13,6.0,False
loan_557_6,cust_loan_557,customer,loan_cust_loan_557,LOAN_AUTO,bank_transfer,704.58,BND,704.58,BN,BN,,False,2025-03-24 05:00:00,0,5,0,2113.74,3.0,4227.4800000000005,6.0,4227.4800000000005,6.0,False
loan_558_6,cust_loan_558,customer,loan_cust_loan_558,LOAN_AUTO,bank_transfer,597.44,BND,597.44,BN,BN,,False,2025-03-24 06:00:00,0,6,0,1792.3200000000002,3.0,3584.6400000000003,6.0,3584.6400000000003,6.0,False
loan_559_6,cust_loan_559,customer,loan_cust_loan_559,LOAN_AUTO,bank_transfer,191.39,BND,191.39,BN,BN,,False,2025-03-24 07:00:00,0,7,0,574.17,3.0,1148.34,6.0,1148.34,6.0,False
loan_56_6,cust_loan_56,customer,loan_cust_loan_56,LOAN_AUTO,bank_transfer,520.95,BND,520.95,BN,BN,,False,2025-03-03 08:00:00,0,8,0,1562.85,3.0,3125.7000000000003,6.0,3125.7000000000003,6.0,False
loan_560_6,cust_loan_560,customer,loan_cust_loan_560,LOAN_AUTO,bank_transfer,675.2,BND,675.2,BN,BN,,False,2025-03-24 08:00:00,0,8,0,2025.6,3.0,4051.2,6.0,4051.2,6.0,False
loan_561_6,cust_loan_561,customer,loan_cust_loan_561,LOAN_AUTO,bank_transfer,4474.23,BND,4474.23,BN,BN,,False,2025-03-24 09:00:00,1,9,0,1077.4499999999998,3.0,2154.9,6.0,2154.9,6.0,False
loan_562_6,cust_loan_562,customer,loan_cust_loan_562,LOAN_AUTO,bank_transfer,415.59,BND,415.59,BN,BN,,False,2025-03-24 10:00:00,0,10,0,1246.77,3.0,2493.54,6.0,2493.54,6.0,False
loan_563_6,cust_loan_563,customer,loan_cust_loan_563,LOAN_AUTO,bank_transfer,532.83,BND,532.83,BN,BN,,False,2025-03-24 11:00:00,0,11,0,1598.4900000000002,3.0,3196.9800000000005,6.0,3196.9800000000005,6.0,False
loan_564_6,cust_loan_564,customer,loan_cust_loan_564,LOAN_AUTO,bank_transfer,621.08,BND,621.08,BN,BN,,False,2025-03-24 12:00:00,0,12,0,6787.870000000001,3.0,8651.11,6.0,8651.11,6.0,False
loan_565_6,cust_loan_565,customer,loan_cust_loan_565,LOAN_AUTO,bank_transfer,207.96,BND,207.96,BN,BN,,False,2025-03-24 13:00:00,0,13,0,623.88,3.0,1247.76,6.0,1247.76,6.0,False
loan_566_6,cust_loan_566,customer,loan_cust_loan_566,LOAN_AUTO,bank_transfer,289.03,BND,289.03,BN,BN,,False,2025-03-24 14:00:00,0,14,0,867.0899999999999,3.0,7214.12,6.0,7214.12,6.0,False
loan_567_6,cust_loan_567,customer,loan_cust_loan_567,LOAN_AUTO,bank_transfer,411.24,BND,411.24,BN,BN,,False,2025-03-24 15:00:00,0,15,0,1233.72,3.0,2467.44,6.0,2467.44,6.0,False
loan_568_6,cust_loan_568,third_party,loan_cust_loan_568,LOAN_AUTO,bank_transfer,639.1,BND,639.1,BN,BN,,False,2025-03-24 16:00:00,0,16,0,1917.3,3.0,3834.6,6.0,3834.6,6.0,True
loan_569_6,cust_loan_569,customer,loan_cust_loan_569,LOAN_AUTO,bank_transfer,583.61,BND,583.61,BN,BN,,False,2025-03-24 17:00:00,0,17,0,1750.83,3.0,3501.66,6.0,3501.66,6.0,False
loan_57_6,cust_loan_57,customer,loan_cust_loan_57,LOAN_AUTO,bank_transfer,773.03,BND,773.03,BN,BN,,False,2025-03-03 09:00:00,0,9,0,2319.09,3.0,4638.18,6.0,4638.18,6.0,False
loan_570_6,cust_loan_570,customer,loan_cust_loan_570,LOAN_AUTO,bank_transfer,775.86,BND,775.86,BN,BN,,False,2025-03-24 18:00:00,0,18,0,2327.58,3.0,4655.16,6.0,4655.16,6.0,False
loan_571_6,cust_loan_571,customer,loan_cust_loan_571,LOAN_AUTO,bank_transfer,641.9,BND,641.9,BN,BN,,False,2025-03-24 19:00:00,0,19,0,1925.7,3.0,3851.4,6.0,3851.4,6.0,False
loan_572_6,cust_loan_572,customer,loan_cust_loan_572,LOAN_AUTO,bank_transfer,340.91,BND,340.91,BN,BN,,False,2025-03-24 20:00:00,0,20,0,1022.73,3.0,2045.46,6.0,2045.46,6.0,False
loan_573_6,cust_loan_573,customer,loan_cust_loan_573,LOAN_AUTO,bank_transfer,235.57,BND,235.57,BN,BN,,False,2025-03-24 21:00:00,0,21,0,706.71,3.0,1413.42,6.0,1413.42,6.0,False
loan_574_6,cust_loan_574,customer,loan_cust_loan_574,LOAN_AUTO,bank_transfer,487.29,BND,487.29,BN,BN,,False,2025-03-24 22:00:00,0,22,0,1461.87,3.0,2923.74,6.0,2923.74,6.0,False
loan_575_6,cust_loan_575,customer,loan_cust_loan_575,LOAN_AUTO,bank_transfer,436.1,BND,436.1,BN,BN,,False,2025-03-24 23:00:00,0,23,0,1308.3000000000002,3.0,2616.6000000000004,6.0,2616.6000000000004,6.0,False
loan_576_6,cust_loan_576,customer,loan_cust_loan_576,LOAN_AUTO,bank_transfer,560.19,BND,560.19,BN,BN,,False,2025-03-25 00:00:00,0,0,1,1680.5700000000002,3.0,3361.1400000000003,6.0,3361.1400000000003,6.0,False
loan_577_6,cust_loan_577,customer,loan_cust_loan_577,LOAN_AUTO,bank_transfer,551.29,BND,551.29,BN,BN,,False,2025-03-25 01:00:00,0,1,1,1653.87,3.0,3307.74,6.0,3307.74,6.0,False
loan_578_6,cust_loan_578,customer,loan_cust_loan_578,LOAN_AUTO,bank_transfer,533.42,BND,533.42,BN,BN,,False,2025-03-25 02:00:00,0,2,1,1600.2599999999998,3.0,3200.5199999999995,6.0,3200.5199999999995,6.0,False
loan_579_6,cust_loan_579,customer,loan_cust_loan_579,LOAN_AUTO,bank_transfer,210.64,BND,210.64,BN,BN,,False,2025-03-25 03:00:00,0,3,1,631.92,3.0,1263.84,6.0,1263.84,6.0,False
loan_58_6,cust_loan_58,customer,loan_cust_loan_58,LOAN_AUTO,bank_transfer,478.87,BND,478.87,BN,BN,,False,2025-03-03 10:00:00,0,10,0,1436.61,3.0,2873.2200000000003,6.0,2873.2200000000003,6.0,False
loan_580_6,cust_loan_580,customer,loan_cust_loan_580,LOAN_AUTO,bank_transfer,593.14,BND,593.14,BN,BN,,False,2025-03-25 04:00:00,0,4,1,1779.42,3.0,3558.84,6.0,3558.84,6.0,False
loan_581_6,cust_loan_581,customer,loan_cust_loan_581,LOAN_AUTO,bank_transfer,687.36,BND,687.36,BN,BN,,False,2025-03-25 05:00:00,0,5,1,2062.08,3.0,4124.16,6.0,4124.16,6.0,False
loan_582_6,cust_loan_582,customer,loan_cust_loan_582,LOAN_AUTO,bank_transfer,717.44,BND,717.44,BN,BN,,False,2025-03-25 06:00:00,0,6,1,2152.32,3.0,4304.64,6.0,4304.64,6.0,False
loan_583_6,cust_loan_583,customer,loan_cust_loan_583,LOAN_AUTO,bank_transfer,651.4,BND,651.4,BN,BN,,False,2025-03-25 07:00:00,0,7,1,1954.2,3.0,3908.4,6.0,3908.4,6.0,False
loan_584_6,cust_loan_584,customer,loan_cust_loan_584,LOAN_AUTO,bank_transfer,334.36,BND,334.36,BN,BN,,False,2025-03-25 08:00:00,0,8,1,1003.08,3.0,2006.16,6.0,2006.16,6.0,False
loan_585_6,cust_loan_585,customer,loan_cust_loan_585,LOAN_AUTO,bank_transfer,712.31,BND,712.31,BN,BN,,False,2025-03-25 09:00:00,0,9,1,2136.93,3.0,4273.86,6.0,4273.86,6.0,False
loan_586_6,cust_loan_586,customer,loan_cust_loan_586,LOAN_AUTO,bank_transfer,778.49,BND,778.49,BN,BN,,False,2025-03-25 10:00:00,0,10,1,2335.4700000000003,3.0,4670.9400000000005,6.0,4670.9400000000005,6.0,False
loan_587_6,cust_loan_587,customer,loan_cust_loan_587,LOAN_AUTO,bank_transfer,180.93,BND,180.93,BN,BN,,False,2025-03-25 11:00:00,0,11,1,1407.34,3.0,1950.13,6.0,1950.13,6.0,False
loan_588_6,cust_loan_588,customer,loan_cust_loan_588,LOAN_AUTO,bank_transfer,396.16,BND,396.16,BN,BN,,False,2025-03-25 12:00:00,0,12,1,1188.48,3.0,2376.96,6.0,2376.96,6.0,False
loan_589_6,cust_loan_589,customer,loan_cust_loan_589,LOAN_AUTO,bank_transfer,647.04,BND,647.04,BN,BN,,False,2025-03-25 13:00:00,0,13,1,1941.12,3.0,3882.24,6.0,3882.24,6.0,False
loan_59_6,cust_loan_59,customer,loan_cust_loan_59,LOAN_AUTO,bank_transfer,644.87,BND,644.87,BN,BN,,False,2025-03-03 11:00:00,0,11,0,1934.61,3.0,11689.42,6.0,11689.42,6.0,False
loan_590_6,cust_loan_590,customer,loan_cust_loan_590,LOAN_AUTO,bank_transfer,761.6,BND,761.6,BN,BN,,False,2025-03-25 14:00:00,0,14,1,2284.8,3.0,4569.6,6.0,4569.6,6.0,False
loan_591_6,cust_loan_591,customer,loan_cust_loan_591,LOAN_AUTO,bank_transfer,466.96,BND,466.96,BN,BN,,False,2025-03-25 15:00:00,0,15,1,1400.88,3.0,2801.76,6.0,2801.76,6.0,False
loan_592_6,cust_loan_592,customer,loan_cust_loan_592,LOAN_AUTO,bank_transfer,260.15,BND,260.15,BN,BN,,False,2025-03-25 16:00:00,0,16,1,780.4499999999999,3.0,1560.9,6.0,1560.9,6.0,False
loan_593_6,cust_loan_593,customer,loan_cust_loan_593,LOAN_AUTO,bank_transfer,173.29,BND,173.29,BN,BN,,False,2025-03-25 17:00:00,0,17,1,519.87,3.0,1039.74,6.0,1039.74,6.0,False
loan_594_6,cust_loan_594,customer,loan_cust_loan_594,LOAN_AUTO,bank_transfer,645.34,BND,645.34,BN,BN,,False,2025-03-25 18:00:00,0,18,1,1936.02,3.0,3872.04,6.0,3872.04,6.0,False
loan_595_6,cust_loan_595,customer,loan_cust_loan_595,LOAN_AUTO,bank_transfer,765.99,BND,765.99,BN,BN,,False,2025-03-25 19:00:00,0,19,1,2297.9700000000003,3.0,4595.9400000000005,6.0,4595.9400000000005,6.0,False
loan_596_6,cust_loan_596,customer,loan_cust_loan_596,LOAN_AUTO,bank_transfer,690.04,BND,690.04,BN,BN,,False,2025-03-25 20:00:00,0,20,1,2070.12,3.0,4140.24,6.0,4140.24,6.0,False
loan_597_6,cust_loan_597,customer,loan_cust_loan_597,LOAN_AUTO,bank_transfer,377.67,BND,377.67,BN,BN,,False,2025-03-25 21:00:00,0,21,1,1133.01,3.0,2266.02,6.0,2266.02,6.0,False
loan_598_6,cust_loan_598,customer,loan_cust_loan_598,LOAN_AUTO,bank_transfer,755.64,BND,755.64,BN,BN,,False,2025-03-25 22:00:00,0,22,1,2266.92,3.0,4533.84,6.0,4533.84,6.0,False
loan_599_6,cust_loan_599,customer,loan_cust_loan_599,LOAN_AUTO,bank_transfer,672.74,BND,672.74,BN,BN,,False,2025-03-25 23:00:00,0,23,1,2018.22,3.0,4036.44,6.0,4036.44,6.0,False
loan_6_6,cust_loan_6,customer,loan_cust_loan_6,LOAN_AUTO,bank_transfer,561.02,BND,561.02,BN,BN,,False,2025-03-01 06:00:00,0,6,5,1683.06,3.0,3366.12,6.0,3366.12,6.0,False
loan_60_6,cust_loan_60,customer,loan_cust_loan_60,LOAN_AUTO,bank_transfer,716.88,BND,716.88,BN,BN,,False,2025-03-03 12:00:00,0,12,0,2150.64,3.0,4301.28,6.0,4301.28,6.0,False
loan_600_6,cust_loan_600,customer,loan_cust_loan_600,LOAN_AUTO,bank_transfer,678.35,BND,678.35,BN,BN,,False,2025-03-26 00:00:00,0,0,2,2035.05,3.0,4070.1,6.0,4070.1,6.0,False
loan_601_6,cust_loan_601,customer,loan_cust_loan_601,LOAN_AUTO,bank_transfer,435.45,BND,435.45,BN,BN,,False,2025-03-26 01:00:00,0,1,2,1306.35,3.0,2612.7,6.0,2612.7,6.0,False
loan_602_6,cust_loan_602,third_party,loan_cust_loan_602,LOAN_AUTO,bank_transfer,716.9,BND,716.9,BN,BN,,False,2025-03-26 02:00:00,1,2,2,2150.7,3.0,4301.4,6.0,4301.4,6.0,False
loan_603_6,cust_loan_603,customer,loan_cust_loan_603,LOAN_AUTO,bank_transfer,318.28,BND,318.28,BN,BN,,False,2025-03-26 03:00:00,0,3,2,954.84,3.0,1909.68,6.0,1909.68,6.0,False
loan_604_6,cust_loan_604,customer,loan_cust_loan_604,LOAN_AUTO,bank_transfer,525.4,BND,525.4,BN,BN,,False,2025-03-26 04:00:00,0,4,2,1576.1999999999998,3.0,3152.4,6.0,3152.4,6.0,False
loan_605_6,cust_loan_605,customer,loan_cust_loan_605,LOAN_AUTO,bank_transfer,558.19,BND,558.19,BN,BN,,False,2025-03-26 05:00:00,0,5,2,1674.5700000000002,3.0,3349.1400000000003,6.0,3349.1400000000003,6.0,False
loan_606_6,cust_loan_606,customer,loan_cust_loan_606,LOAN_AUTO,bank_transfer,411.32,BND,411.32,BN,BN,,False,2025-03-26 06:00:00,0,6,2,1233.96,3.0,2467.92,6.0,2467.92,6.0,False
loan_607_6,cust_loan_607,customer,loan_cust_loan_607,LOAN_AUTO,bank_transfer,325.6,BND,325.6,BN,BN,,False,2025-03-26 07:00:00,0,7,2,976.8,3.0,3608.72,6.0,3608.72,6.0,False
loan_608_6,cust_loan_608,customer,loan_cust_loan_608,LOAN_AUTO,bank_transfer,592.46,BND,592.46,BN,BN,,False,2025-03-26 08:00:00,0,8,2,1777.38,3.0,3554.76,6.0,3554.76,6.0,False
loan_609_6,cust_loan_609,customer,loan_cust_loan_609,LOAN_AUTO,bank_transfer,512.41,BND,512.41,BN,BN,,False,2025-03-26 09:00:00,0,9,2,1537.23,3.0,3074.46,6.0,3074.46,6.0,False
loan_61_6,cust_loan_61,customer,loan_cust_loan_61,LOAN_AUTO,bank_transfer,215.49,BND,215.49,BN,BN,,False,2025-03-03 13:00:00,0,13,0,3094.6799999999994,3.0,3741.15,6.0,3741.15,6.0,False
loan_610_6,cust_loan_610,customer,loan_cust_loan_610,LOAN_AUTO,bank_transfer,607.47,BND,607.47,BN,BN,,False,2025-03-26 10:00:00,0,10,2,1822.41,3.0,3644.82,6.0,3644.82,6.0,False
loan_611_6,cust_loan_611,customer,loan_cust_loan_611,LOAN_AUTO,bank_transfer,495.11,BND,495.11,BN,BN,,False,2025-03-26 11:00:00,0,11,2,1485.33,3.0,2970.66,6.0,2970.66,6.0,False
loan_612_6,cust_loan_612,customer,loan_cust_loan_612,LOAN_AUTO,bank_transfer,671.41,BND,671.41,BN,BN,,False,2025-03-26 12:00:00,0,12,2,2014.23,3.0,4028.46,6.0,4028.46,6.0,False
loan_613_6,cust_loan_613,customer,loan_cust_loan_613,LOAN_AUTO,bank_transfer,553.12,BND,553.12,BN,BN,,False,2025-03-26 13:00:00,0,13,2,1659.36,3.0,8953.55,6.0,8953.55,6.0,False
loan_614_6,cust_loan_614,customer,loan_cust_loan_614,LOAN_AUTO,bank_transfer,223.55,BND,223.55,BN,BN,,False,2025-03-26 14:00:00,0,14,2,670.6500000000001,3.0,1341.3000000000002,6.0,1341.3000000000002,6.0,False
loan_615_6,cust_loan_615,customer,loan_cust_loan_615,LOAN_AUTO,bank_transfer,776.24,BND,776.24,BN,BN,,False,2025-03-26 15:00:00,0,15,2,2328.7200000000003,3.0,4657.4400000000005,6.0,4657.4400000000005,6.0,False
loan_616_6,cust_loan_616,customer,loan_cust_loan_616,LOAN_AUTO,bank_transfer,458.62,BND,458.62,BN,BN,,False,2025-03-26 16:00:00,0,16,2,7369.41,3.0,8745.27,6.0,8745.27,6.0,False
loan_617_6,cust_loan_617,customer,loan_cust_loan_617,LOAN_AUTO,bank_transfer,519.04,BND,519.04,BN,BN,,False,2025-03-26 17:00:00,0,17,2,1557.12,3.0,7221.11,6.0,7221.11,6.0,False
loan_618_6,cust_loan_618,customer,loan_cust_loan_618,LOAN_AUTO,bank_transfer,442.79,BND,442.79,BN,BN,,False,2025-03-26 18:00:00,0,18,2,1328.37,3.0,2656.74,6.0,2656.74,6.0,False
loan_619_6,cust_loan_619,customer,loan_cust_loan_619,LOAN_AUTO,bank_transfer,456.23,BND,456.23,BN,BN,,False,2025-03-26 19:00:00,0,19,2,1368.69,3.0,2737.38,6.0,2737.38,6.0,False
loan_62_6,cust_loan_62,customer,loan_cust_loan_62,LOAN_AUTO,bank_transfer,205.75,BND,205.75,BN,BN,,False,2025-03-03 14:00:00,0,14,0,617.25,3.0,1234.5,6.0,1234.5,6.0,False
loan_620_6,cust_loan_620,customer,loan_cust_loan_620,LOAN_AUTO,bank_transfer,345.13,BND,345.13,BN,BN,,False,2025-03-26 20:00:00,0,20,2,1035.39,3.0,2070.78,6.0,2070.78,6.0,False
loan_621_6,cust_loan_621,customer,loan_cust_loan_621,LOAN_AUTO,bank_transfer,341.63,BND,341.63,BN,BN,,False,2025-03-26 21:00:00,0,21,2,1024.89,3.0,2049.78,6.0,2049.78,6.0,False
loan_622_6,cust_loan_622,customer,loan_cust_loan_622,LOAN_AUTO,bank_transfer,773.69,BND,773.69,BN,BN,,False,2025-03-26 22:00:00,0,22,2,10424.81,3.0,12745.88,6.0,12745.88,6.0,False
loan_623_6,cust_loan_623,customer,loan_cust_loan_623,LOAN_AUTO,bank_transfer,604.06,BND,604.06,BN,BN,,False,2025-03-26 23:00:00,0,23,2,1812.18,3.0,3624.36,6.0,3624.36,6.0,False
loan_624_6,cust_loan_624,customer,loan_cust_loan_624,LOAN_AUTO,bank_transfer,302.72,BND,302.72,BN,BN,,False,2025-03-27 00:00:00,0,0,3,908.16,3.0,1816.32,6.0,1816.32,6.0,False
loan_625_6,cust_loan_625,customer,loan_cust_loan_625,LOAN_AUTO,bank_transfer,342.5,BND,342.5,BN,BN,,False,2025-03-27 01:00:00,0,1,3,4166.18,3.0,5193.68,6.0,5193.68,6.0,False
loan_626_6,cust_loan_626,customer,loan_cust_loan_626,LOAN_AUTO,bank_transfer,771.62,BND,771.62,BN,BN,,False,2025-03-27 02:00:00,0,2,3,2314.86,3.0,4629.72,6.0,4629.72,6.0,False
loan_627_6,cust_loan_627,customer,loan_cust_loan_627,LOAN_AUTO,bank_transfer,3994.82,BND,3994.82,BN,BN,,False,2025-03-27 03:00:00,1,3,3,959.97,3.0,1919.94,6.0,1919.94,6.0,False
loan_628_6,cust_loan_628,customer,loan_cust_loan_628,LOAN_AUTO,bank_transfer,627.39,BND,627.39,BN,BN,,False,2025-03-27 04:00:00,0,4,3,1882.17,3.0,3764.34,6.0,3764.34,6.0,False
loan_629_6,cust_loan_629,customer,loan_cust_loan_629,LOAN_AUTO,bank_transfer,273.75,BND,273.75,BN,BN,,False,2025-03-27 05:00:00,0,5,3,821.25,3.0,1642.5,6.0,1642.5,6.0,False
loan_63_6,cust_loan_63,third_party,loan_cust_loan_63,LOAN_AUTO,bank_transfer,796.16,BND,796.16,BN,BN,,False,2025-03-03 15:00:00,1,15,0,2388.48,3.0,4776.96,6.0,4776.96,6.0,False
loan_630_6,cust_loan_630,customer,loan_cust_loan_630,LOAN_AUTO,bank_transfer,455.12,BND,455.12,BN,BN,,False,2025-03-27 06:00:00,0,6,3,1365.36,3.0,2730.7200000000003,6.0,2730.7200000000003,6.0,False
loan_631_6,cust_loan_631,customer,loan_cust_loan_631,LOAN_AUTO,bank_transfer,603.41,BND,603.41,BN,BN,,False,2025-03-27 07:00:00,0,7,3,1810.23,3.0,3620.46,6.0,3620.46,6.0,False
loan_632_6,cust_loan_632,customer,loan_cust_loan_632,LOAN_AUTO,bank_transfer,519.0,BND,519.0,BN,BN,,False,2025-03-27 08:00:00,0,8,3,6444.2,3.0,8001.2,6.0,8001.2,6.0,False
loan_633_6,cust_loan_633,customer,loan_cust_loan_633,LOAN_AUTO,bank_transfer,713.9,BND,713.9,BN,BN,,False,2025-03-27 09:00:00,0,9,3,2141.7,3.0,4283.4,6.0,4283.4,6.0,False
loan_634_6,cust_loan_634,customer,loan_cust_loan_634,LOAN_AUTO,bank_transfer,708.74,BND,708.74,BN,BN,,False,2025-03-27 10:00:00,0,10,3,2126.2200000000003,3.0,4252.4400000000005,6.0,4252.4400000000005,6.0,False
loan_635_6,cust_loan_635,third_party,loan_cust_loan_635,LOAN_AUTO,bank_transfer,671.53,BND,671.53,BN,BN,,False,2025-03-27 11:00:00,0,11,3,2014.59,3.0,4029.18,6.0,4029.18,6.0,True
loan_636_6,cust_loan_636,customer,loan_cust_loan_636,LOAN_AUTO,bank_transfer,248.94,BND,248.94,BN,BN,,False,2025-03-27 12:00:00,0,12,3,746.8199999999999,3.0,1493.64,6.0,1493.64,6.0,False
loan_637_6,cust_loan_637,customer,loan_cust_loan_637,LOAN_AUTO,bank_transfer,387.93,BND,387.93,BN,BN,,False,2025-03-27 13:00:00,0,13,3,1163.79,3.0,2327.58,6.0,2327.58,6.0,False
loan_638_6,cust_loan_638,customer,loan_cust_loan_638,LOAN_AUTO,bank_transfer,261.08,BND,261.08,BN,BN,,False,2025-03-27 14:00:00,0,14,3,783.24,3.0,1566.48,6.0,1566.48,6.0,False
loan_639_6,cust_loan_639,customer,loan_cust_loan_639,LOAN_AUTO,bank_transfer,418.72,BND,418.72,BN,BN,,False,2025-03-27 15:00:00,0,15,3,6698.490000000001,3.0,7954.650000000001,6.0,7954.650000000001,6.0,False
loan_64_6,cust_loan_64,customer,loan_cust_loan_64,LOAN_AUTO,bank_transfer,517.12,BND,517.12,BN,BN,,False,2025-03-03 16:00:00,0,16,0,1551.36,3.0,6032.650000000001,6.0,6032.650000000001,6.0,False
loan_640_6,cust_loan_640,customer,loan_cust_loan_640,LOAN_AUTO,bank_transfer,537.83,BND,537.83,BN,BN,,False,2025-03-27 16:00:00,0,16,3,1613.4900000000002,3.0,3226.9800000000005,6.0,3226.9800000000005,6.0,False
loan_641_6,cust_loan_641,customer,loan_cust_loan_641,LOAN_AUTO,bank_transfer,178.01,BND,178.01,BN,BN,,False,2025-03-27 17:00:00,0,17,3,1933.23,3.0,2467.26,6.0,2467.26,6.0,False
loan_642_6,cust_loan_642,customer,loan_cust_loan_642,LOAN_AUTO,bank_transfer,666.95,BND,666.95,BN,BN,,False,2025-03-27 18:00:00,0,18,3,2000.85,3.0,4001.7,6.0,4001.7,6.0,False
loan_643_6,cust_loan_643,customer,loan_cust_loan_643,LOAN_AUTO,bank_transfer,365.22,BND,365.22,BN,BN,,False,2025-03-27 19:00:00,0,19,3,1095.66,3.0,2191.32,6.0,2191.32,6.0,False
loan_644_6,cust_loan_644,customer,loan_cust_loan_644,LOAN_AUTO,bank_transfer,388.55,BND,388.55,BN,BN,,False,2025-03-27 20:00:00,0,20,3,1165.65,3.0,2331.3,6.0,2331.3,6.0,False
loan_645_6,cust_loan_645,customer,loan_cust_loan_645,LOAN_AUTO,bank_transfer,721.72,BND,721.72,BN,BN,,False,2025-03-27 21:00:00,0,21,3,11603.21,3.0,13768.37,6.0,13768.37,6.0,False
loan_646_6,cust_loan_646,customer,loan_cust_loan_646,LOAN_AUTO,bank_transfer,619.45,BND,619.45,BN,BN,,False,2025-03-27 22:00:00,0,22,3,1858.35,3.0,3716.7,6.0,3716.7,6.0,False
loan_647_6,cust_loan_647,customer,loan_cust_loan_647,LOAN_AUTO,bank_transfer,771.74,BND,771.74,BN,BN,,False,2025-03-27 23:00:00,0,23,3,2315.2200000000003,3.0,4630.4400000000005,6.0,4630.4400000000005,6.0,False
loan_648_6,cust_loan_648,customer,loan_cust_loan_648,LOAN_AUTO,bank_transfer,505.72,BND,505.72,BN,BN,,False,2025-03-28 00:00:00,0,0,4,1517.16,3.0,3034.32,6.0,3034.32,6.0,False
loan_649_6,cust_loan_649,customer,loan_cust_loan_649,LOAN_AUTO,bank_transfer,476.95,BND,476.95,BN,BN,,False,2025-03-28 01:00:00,0,1,4,1430.85,3.0,2861.7,6.0,2861.7,6.0,False
loan_65_6,cust_loan_65,customer,loan_cust_loan_65,LOAN_AUTO,bank_transfer,539.3,BND,539.3,BN,BN,,False,2025-03-03 17:00:00,0,17,0,1617.9,3.0,3235.8,6.0,3235.8,6.0,False
loan_650_6,cust_loan_650,customer,loan_cust_loan_650,LOAN_AUTO,bank_transfer,456.75,BND,456.75,BN,BN,,False,2025-03-28 02:00:00,0,2,4,1370.25,3.0,2740.5,6.0,2740.5,6.0,False
loan_651_6,cust_loan_651,customer,loan_cust_loan_651,LOAN_AUTO,bank_transfer,474.21,BND,474.21,BN,BN,,False,2025-03-28 03:00:00,0,3,4,1422.63,3.0,2845.26,6.0,2845.26,6.0,False
loan_652_6,cust_loan_652,customer,loan_cust_loan_652,LOAN_AUTO,bank_transfer,699.95,BND,699.95,BN,BN,,False,2025-03-28 04:00:00,0,4,4,2099.8500000000004,3.0,4199.700000000001,6.0,4199.700000000001,6.0,False
loan_653_6,cust_loan_653,customer,loan_cust_loan_653,LOAN_AUTO,bank_transfer,621.47,BND,621.47,BN,BN,,False,2025-03-28 05:00:00,0,5,4,1864.41,3.0,3728.82,6.0,3728.82,6.0,False
loan_654_6,cust_loan_654,customer,loan_cust_loan_654,LOAN_AUTO,bank_transfer,410.41,BND,410.41,BN,BN,,False,2025-03-28 06:00:00,0,6,4,1231.23,3.0,2462.46,6.0,2462.46,6.0,False
loan_655_6,cust_loan_655,customer,loan_cust_loan_655,LOAN_AUTO,bank_transfer,518.9,BND,518.9,BN,BN,,False,2025-03-28 07:00:00,0,7,4,1556.6999999999998,3.0,3113.4,6.0,3113.4,6.0,False
loan_656_6,cust_loan_656,customer,loan_cust_loan_656,LOAN_AUTO,bank_transfer,308.84,BND,308.84,BN,BN,,False,2025-03-28 08:00:00,0,8,4,926.52,3.0,1853.04,6.0,1853.04,6.0,False
loan_657_6,cust_loan_657,third_party,loan_cust_loan_657,LOAN_AUTO,bank_transfer,781.61,BND,781.61,BN,BN,,False,2025-03-28 09:00:00,1,9,4,2344.83,3.0,8131.67,6.0,8131.67,6.0,True
loan_658_6,cust_loan_658,customer,loan_cust_loan_658,LOAN_AUTO,bank_transfer,462.4,BND,462.4,BN,BN,,False,2025-03-28 10:00:00,0,10,4,1387.1999999999998,3.0,2774.4,6.0,2774.4,6.0,False
loan_659_6,cust_loan_659,customer,loan_cust_loan_659,LOAN_AUTO,bank_transfer,291.94,BND,291.94,BN,BN,,False,2025-03-28 11:00:00,0,11,4,875.8199999999999,3.0,5009.74,6.0,5009.74,6.0,False
loan_66_6,cust_loan_66,customer,loan_cust_loan_66,LOAN_AUTO,bank_transfer,628.14,BND,628.14,BN,BN,,False,2025-03-03 18:00:00,0,18,0,1884.42,3.0,3768.84,6.0,3768.84,6.0,False
loan_660_6,cust_loan_660,customer,loan_cust_loan_660,LOAN_AUTO,bank_transfer,312.5,BND,312.5,BN,BN,,False,2025-03-28 12:00:00,0,12,4,937.5,3.0,1875.0,6.0,1875.0,6.0,False
loan_661_6,cust_loan_661,customer,loan_cust_loan_661,LOAN_AUTO,bank_transfer,672.1,BND,672.1,BN,BN,,False,2025-03-28 13:00:00,0,13,4,2016.3,3.0,4032.6,6.0,4032.6,6.0,False
loan_662_6,cust_loan_662,customer,loan_cust_loan_662,LOAN_AUTO,bank_transfer,430.23,BND,430.23,BN,BN,,False,2025-03-28 14:00:00,0,14,4,1290.69,3.0,2581.38,6.0,2581.38,6.0,False
loan_663_6,cust_loan_663,customer,loan_cust_loan_663,LOAN_AUTO,bank_transfer,210.67,BND,210.67,BN,BN,,False,2025-03-28 15:00:00,0,15,4,632.01,3.0,1264.02,6.0,1264.02,6.0,False
loan_664_6,cust_loan_664,customer,loan_cust_loan_664,LOAN_AUTO,bank_transfer,439.22,BND,439.22,BN,BN,,False,2025-03-28 16:00:00,0,16,4,1317.66,3.0,2635.32,6.0,2635.32,6.0,False
loan_665_6,cust_loan_665,customer,loan_cust_loan_665,LOAN_AUTO,bank_transfer,157.37,BND,157.37,BN,BN,,False,2025-03-28 17:00:00,0,17,4,472.11,3.0,944.22,6.0,944.22,6.0,False
loan_666_6,cust_loan_666,customer,loan_cust_loan_666,LOAN_AUTO,bank_transfer,430.91,BND,430.91,BN,BN,,False,2025-03-28 18:00:00,0,18,4,1292.73,3.0,2585.46,6.0,2585.46,6.0,False
loan_667_6,cust_loan_667,customer,loan_cust_loan_667,LOAN_AUTO,bank_transfer,348.51,BND,348.51,BN,BN,,False,2025-03-28 19:00:00,0,19,4,1045.53,3.0,2091.06,6.0,2091.06,6.0,False
loan_668_6,cust_loan_668,customer,loan_cust_loan_668,LOAN_AUTO,bank_transfer,757.53,BND,757.53,BN,BN,,False,2025-03-28 20:00:00,0,20,4,2272.59,3.0,4545.18,6.0,4545.18,6.0,False
loan_669_6,cust_loan_669,customer,loan_cust_loan_669,LOAN_AUTO,bank_transfer,709.55,BND,709.55,BN,BN,,False,2025-03-28 21:00:00,0,21,4,2128.65,3.0,4257.299999999999,6.0,4257.299999999999,6.0,False
loan_67_6,cust_loan_67,customer,loan_cust_loan_67,LOAN_AUTO,bank_transfer,580.17,BND,580.17,BN,BN,,False,2025-03-03 19:00:00,0,19,0,1740.5099999999998,3.0,3481.0199999999995,6.0,3481.0199999999995,6.0,False
loan_670_6,cust_loan_670,customer,loan_cust_loan_670,LOAN_AUTO,bank_transfer,737.86,BND,737.86,BN,BN,,False,2025-03-28 22:00:00,0,22,4,2213.58,3.0,4427.16,6.0,4427.16,6.0,False
loan_671_6,cust_loan_671,customer,loan_cust_loan_671,LOAN_AUTO,bank_transfer,727.73,BND,727.73,BN,BN,,False,2025-03-28 23:00:00,0,23,4,2183.19,3.0,4366.38,6.0,4366.38,6.0,False
loan_672_5,cust_loan_672,customer,loan_cust_loan_672,LOAN_AUTO,bank_transfer,621.63,BND,621.63,BN,BN,,False,2025-03-01 00:00:00,0,0,5,1864.89,3.0,3108.15,5.0,3108.15,5.0,False
loan_672_6,cust_loan_672,customer,loan_cust_loan_672,LOAN_AUTO,bank_transfer,621.63,BND,621.63,BN,BN,,False,2025-03-29 00:00:00,0,0,5,1864.89,3.0,3729.78,6.0,3729.78,6.0,False
loan_673_5,cust_loan_673,customer,loan_cust_loan_673,LOAN_AUTO,bank_transfer,366.01,BND,366.01,BN,BN,,False,2025-03-01 01:00:00,0,1,5,1098.03,3.0,1830.05,5.0,1830.05,5.0,False
loan_673_6,cust_loan_673,customer,loan_cust_loan_673,LOAN_AUTO,bank_transfer,366.01,BND,366.01,BN,BN,,False,2025-03-29 01:00:00,0,1,5,1098.03,3.0,2196.06,6.0,2196.06,6.0,False
loan_674_5,cust_loan_674,customer,loan_cust_loan_674,LOAN_AUTO,bank_transfer,294.01,BND,294.01,BN,BN,,False,2025-03-01 02:00:00,0,2,5,882.03,3.0,1470.05,5.0,1470.05,5.0,False
loan_674_6,cust_loan_674,customer,loan_cust_loan_674,LOAN_AUTO,bank_transfer,294.01,BND,294.01,BN,BN,,False,2025-03-29 02:00:00,0,2,5,882.03,3.0,1764.06,6.0,1764.06,6.0,False
loan_675_5,cust_loan_675,customer,loan_cust_loan_675,LOAN_AUTO,bank_transfer,184.38,BND,184.38,BN,BN,,False,2025-03-01 03:00:00,0,3,5,553.14,3.0,921.9,5.0,921.9,5.0,False
loan_675_6,cust_loan_675,customer,loan_cust_loan_675,LOAN_AUTO,bank_transfer,184.38,BND,184.38,BN,BN,,False,2025-03-29 03:00:00,0,3,5,553.14,3.0,1106.28,6.0,1106.28,6.0,False
loan_676_5,cust_loan_676,customer,loan_cust_loan_676,LOAN_AUTO,bank_transfer,497.91,BND,497.91,BN,BN,,False,2025-03-01 04:00:00,0,4,5,1493.73,3.0,2489.55,5.0,2489.55,5.0,False
loan_676_6,cust_loan_676,customer,loan_cust_loan_676,LOAN_AUTO,bank_transfer,497.91,BND,497.91,BN,BN,,False,2025-03-29 04:00:00,0,4,5,1493.73,3.0,2987.46,6.0,2987.46,6.0,False
loan_677_5,cust_loan_677,customer,loan_cust_loan_677,LOAN_AUTO,bank_transfer,301.2,BND,301.2,BN,BN,,False,2025-03-01 05:00:00,0,5,5,903.6,3.0,1506.0,5.0,1506.0,5.0,False
loan_677_6,cust_loan_677,customer,loan_cust_loan_677,LOAN_AUTO,bank_transfer,301.2,BND,301.2,BN,BN,,False,2025-03-29 05:00:00,0,5,5,903.6,3.0,1807.2,6.0,1807.2,6.0,False
loan_678_5,cust_loan_678,customer,loan_cust_loan_678,LOAN_AUTO,bank_transfer,633.31,BND,633.31,BN,BN,,False,2025-03-01 06:00:00,0,6,5,1899.93,3.0,3166.55,5.0,3166.55,5.0,False
loan_678_6,cust_loan_678,customer,loan_cust_loan_678,LOAN_AUTO,bank_transfer,633.31,BND,633.31,BN,BN,,False,2025-03-29 06:00:00,0,6,5,1899.93,3.0,3799.86,6.0,3799.86,6.0,False
loan_679_5,cust_loan_679,customer,loan_cust_loan_679,LOAN_AUTO,bank_transfer,689.05,BND,689.05,BN,BN,,False,2025-03-01 07:00:00,0,7,5,7035.349999999999,3.0,8413.45,5.0,8413.45,5.0,False
loan_679_6,cust_loan_679,customer,loan_cust_loan_679,LOAN_AUTO,bank_transfer,689.05,BND,689.05,BN,BN,,False,2025-03-29 07:00:00,0,7,5,7035.349999999999,3.0,9102.5,6.0,9102.5,6.0,False
loan_68_6,cust_loan_68,customer,loan_cust_loan_68,LOAN_AUTO,bank_transfer,447.14,BND,447.14,BN,BN,,False,2025-03-03 20:00:00,0,20,0,1341.42,3.0,2682.84,6.0,2682.84,6.0,False
loan_680_5,cust_loan_680,customer,loan_cust_loan_680,LOAN_AUTO,bank_transfer,514.75,BND,514.75,BN,BN,,False,2025-03-01 08:00:00,0,8,5,1544.25,3.0,2573.75,5.0,2573.75,5.0,False
loan_680_6,cust_loan_680,customer,loan_cust_loan_680,LOAN_AUTO,bank_transfer,514.75,BND,514.75,BN,BN,,False,2025-03-29 08:00:00,0,8,5,1544.25,3.0,3088.5,6.0,3088.5,6.0,False
loan_681_5,cust_loan_681,third_party,loan_cust_loan_681,LOAN_AUTO,bank_transfer,521.27,BND,521.27,BN,BN,,False,2025-03-01 09:00:00,1,9,5,1563.81,3.0,4798.45,5.0,4798.45,5.0,True
loan_681_6,cust_loan_681,customer,loan_cust_loan_681,LOAN_AUTO,bank_transfer,521.27,BND,521.27,BN,BN,,False,2025-03-29 09:00:00,0,9,5,1563.81,3.0,5319.719999999999,6.0,5319.719999999999,6.0,False
loan_682_5,cust_loan_682,customer,loan_cust_loan_682,LOAN_AUTO,bank_transfer,612.27,BND,612.27,BN,BN,,False,2025-03-01 10:00:00,0,10,5,1836.81,3.0,3061.35,5.0,3061.35,5.0,False
loan_682_6,cust_loan_682,customer,loan_cust_loan_682,LOAN_AUTO,bank_transfer,612.27,BND,612.27,BN,BN,,False,2025-03-29 10:00:00,0,10,5,1836.81,3.0,3673.62,6.0,3673.62,6.0,False
loan_683_5,cust_loan_683,customer,loan_cust_loan_683,LOAN_AUTO,bank_transfer,334.12,BND,334.12,BN,BN,,False,2025-03-01 11:00:00,0,11,5,1002.36,3.0,1670.6,5.0,1670.6,5.0,False
loan_683_6,cust_loan_683,customer,loan_cust_loan_683,LOAN_AUTO,bank_transfer,334.12,BND,334.12,BN,BN,,False,2025-03-29 11:00:00,0,11,5,1002.36,3.0,2004.72,6.0,2004.72,6.0,False
loan_684_5,cust_loan_684,customer,loan_cust_loan_684,LOAN_AUTO,bank_transfer,477.84,BND,477.84,BN,BN,,False,2025-03-01 12:00:00,0,12,5,5079.200000000001,3.0,6034.88,5.0,6034.88,5.0,False
loan_684_6,cust_loan_684,customer,loan_cust_loan_684,LOAN_AUTO,bank_transfer,477.84,BND,477.84,BN,BN,,False,2025-03-29 12:00:00,0,12,5,5079.200000000001,3.0,6512.72,6.0,6512.72,6.0,False
loan_685_5,cust_loan_685,customer,loan_cust_loan_685,LOAN_AUTO,bank_transfer,264.81,BND,264.81,BN,BN,,False,2025-03-01 13:00:00,0,13,5,794.4300000000001,3.0,1324.05,5.0,1324.05,5.0,False
loan_685_6,cust_loan_685,customer,loan_cust_loan_685,LOAN_AUTO,bank_transfer,264.81,BND,264.81,BN,BN,,False,2025-03-29 13:00:00,0,13,5,794.4300000000001,3.0,1588.86,6.0,1588.86,6.0,False
loan_686_5,cust_loan_686,customer,loan_cust_loan_686,LOAN_AUTO,bank_transfer,261.98,BND,261.98,BN,BN,,False,2025-03-01 14:00:00,0,14,5,785.94,3.0,1309.9,5.0,1309.9,5.0,False
loan_686_6,cust_loan_686,customer,loan_cust_loan_686,LOAN_AUTO,bank_transfer,261.98,BND,261.98,BN,BN,,False,2025-03-29 14:00:00,0,14,5,785.94,3.0,1571.88,6.0,1571.88,6.0,False
loan_687_5,cust_loan_687,customer,loan_cust_loan_687,LOAN_AUTO,bank_transfer,524.25,BND,524.25,BN,BN,,False,2025-03-01 15:00:00,0,15,5,1572.75,3.0,2621.25,5.0,2621.25,5.0,False
loan_687_6,cust_loan_687,customer,loan_cust_loan_687,LOAN_AUTO,bank_transfer,524.25,BND,524.25,BN,BN,,False,2025-03-29 15:00:00,0,15,5,1572.75,3.0,3145.5,6.0,3145.5,6.0,False
loan_688_5,cust_loan_688,customer,loan_cust_loan_688,LOAN_AUTO,bank_transfer,267.4,BND,267.4,BN,BN,,False,2025-03-01 16:00:00,0,16,5,802.1999999999999,3.0,1337.0,5.0,1337.0,5.0,False
loan_688_6,cust_loan_688,customer,loan_cust_loan_688,LOAN_AUTO,bank_transfer,267.4,BND,267.4,BN,BN,,False,2025-03-29 16:00:00,0,16,5,802.1999999999999,3.0,1604.4,6.0,1604.4,6.0,False
loan_689_5,cust_loan_689,customer,loan_cust_loan_689,LOAN_AUTO,bank_transfer,696.81,BND,696.81,BN,BN,,False,2025-03-01 17:00:00,0,17,5,2090.43,3.0,3484.05,5.0,3484.05,5.0,False
loan_689_6,cust_loan_689,customer,loan_cust_loan_689,LOAN_AUTO,bank_transfer,696.81,BND,696.81,BN,BN,,False,2025-03-29 17:00:00,0,17,5,2090.43,3.0,4180.86,6.0,4180.86,6.0,False
loan_69_6,cust_loan_69,third_party,loan_cust_loan_69,LOAN_AUTO,bank_transfer,415.81,BND,415.81,BN,BN,,False,2025-03-03 21:00:00,1,21,0,1247.43,3.0,2494.86,6.0,2494.86,6.0,True
loan_690_5,cust_loan_690,customer,loan_cust_loan_690,LOAN_AUTO,bank_transfer,696.99,BND,696.99,BN,BN,,False,2025-03-01 18:00:00,0,18,5,2090.9700000000003,3.0,3484.95,5.0,3484.95,5.0,False
loan_690_6,cust_loan_690,customer,loan_cust_loan_690,LOAN_AUTO,bank_transfer,696.99,BND,696.99,BN,BN,,False,2025-03-29 18:00:00,0,18,5,2090.9700000000003,3.0,4181.9400000000005,6.0,4181.9400000000005,6.0,False
loan_691_5,cust_loan_691,third_party,loan_cust_loan_691,LOAN_AUTO,bank_transfer,559.56,BND,559.56,BN,BN,,False,2025-03-01 19:00:00,0,19,5,1678.6799999999998,3.0,2797.8,5.0,2797.8,5.0,True
loan_691_6,cust_loan_691,customer,loan_cust_loan_691,LOAN_AUTO,bank_transfer,559.56,BND,559.56,BN,BN,,False,2025-03-29 19:00:00,0,19,5,1678.6799999999998,3.0,3357.36,6.0,3357.36,6.0,False
loan_692_5,cust_loan_692,customer,loan_cust_loan_692,LOAN_AUTO,bank_transfer,782.97,BND,782.97,BN,BN,,False,2025-03-01 20:00:00,0,20,5,2348.91,3.0,3914.85,5.0,3914.85,5.0,False
loan_692_6,cust_loan_692,customer,loan_cust_loan_692,LOAN_AUTO,bank_transfer,782.97,BND,782.97,BN,BN,,False,2025-03-29 20:00:00,0,20,5,2348.91,3.0,4697.82,6.0,4697.82,6.0,False
loan_693_5,cust_loan_693,customer,loan_cust_loan_693,LOAN_AUTO,bank_transfer,663.29,BND,663.29,BN,BN,,False,2025-03-01 21:00:00,0,21,5,1989.87,3.0,3316.45,5.0,3316.45,5.0,False
loan_693_6,cust_loan_693,customer,loan_cust_loan_693,LOAN_AUTO,bank_transfer,663.29,BND,663.29,BN,BN,,False,2025-03-29 21:00:00,0,21,5,1989.87,3.0,3979.74,6.0,3979.74,6.0,False
loan_694_5,cust_loan_694,customer,loan_cust_loan_694,LOAN_AUTO,bank_transfer,376.69,BND,376.69,BN,BN,,False,2025-03-01 22:00:00,0,22,5,1130.07,3.0,1883.45,5.0,1883.45,5.0,False
loan_694_6,cust_loan_694,customer,loan_cust_loan_694,LOAN_AUTO,bank_transfer,376.69,BND,376.69,BN,BN,,False,2025-03-29 22:00:00,0,22,5,1130.07,3.0,2260.14,6.0,2260.14,6.0,False
loan_695_5,cust_loan_695,customer,loan_cust_loan_695,LOAN_AUTO,bank_transfer,532.83,BND,532.83,BN,BN,,False,2025-03-01 23:00:00,0,23,5,1598.4900000000002,3.0,2664.15,5.0,2664.15,5.0,False
loan_695_6,cust_loan_695,customer,loan_cust_loan_695,LOAN_AUTO,bank_transfer,7818.02,BND,7818.02,BN,BN,,False,2025-03-29 23:00:00,1,23,5,1598.4900000000002,3.0,3196.9800000000005,6.0,3196.9800000000005,6.0,False
loan_696_5,cust_loan_696,customer,loan_cust_loan_696,LOAN_AUTO,bank_transfer,309.7,BND,309.7,BN,BN,,False,2025-03-02 00:00:00,0,0,6,929.1,3.0,1548.5,5.0,1548.5,5.0,False
loan_696_6,cust_loan_696,customer,loan_cust_loan_696,LOAN_AUTO,bank_transfer,309.7,BND,309.7,BN,BN,,False,2025-03-30 00:00:00,0,0,6,929.1,3.0,1858.2,6.0,1858.2,6.0,False
loan_697_5,cust_loan_697,third_party,loan_cust_loan_697,LOAN_AUTO,bank_transfer,522.87,BND,522.87,BN,BN,,False,2025-03-02 01:00:00,0,1,6,1568.61,3.0,2614.35,5.0,2614.35,5.0,True
loan_697_6,cust_loan_697,customer,loan_cust_loan_697,LOAN_AUTO,bank_transfer,522.87,BND,522.87,BN,BN,,False,2025-03-30 01:00:00,0,1,6,1568.61,3.0,3137.2200000000003,6.0,3137.2200000000003,6.0,False
loan_698_5,cust_loan_698,customer,loan_cust_loan_698,LOAN_AUTO,bank_transfer,426.67,BND,426.67,BN,BN,,False,2025-03-02 02:00:00,0,2,6,1280.01,3.0,2133.35,5.0,2133.35,5.0,False
loan_698_6,cust_loan_698,customer,loan_cust_loan_698,LOAN_AUTO,bank_transfer,426.67,BND,426.67,BN,BN,,False,2025-03-30 02:00:00,0,2,6,1280.01,3.0,2560.02,6.0,2560.02,6.0,False
loan_699_5,cust_loan_699,customer,loan_cust_loan_699,LOAN_AUTO,bank_transfer,305.68,BND,305.68,BN,BN,,False,2025-03-02 03:00:00,0,3,6,917.04,3.0,1528.4,5.0,1528.4,5.0,False
loan_699_6,cust_loan_699,customer,loan_cust_loan_699,LOAN_AUTO,bank_transfer,305.68,BND,305.68,BN,BN,,False,2025-03-30 03:00:00,0,3,6,917.04,3.0,1834.08,6.0,1834.08,6.0,False
loan_7_6,cust_loan_7,customer,loan_cust_loan_7,LOAN_AUTO,bank_transfer,222.39,BND,222.39,BN,BN,,False,2025-03-01 07:00:00,0,7,5,667.17,3.0,1334.34,6.0,1334.34,6.0,False
loan_70_6,cust_loan_70,customer,loan_cust_loan_70,LOAN_AUTO,bank_transfer,518.78,BND,518.78,BN,BN,,False,2025-03-03 22:00:00,0,22,0,1556.34,3.0,3112.68,6.0,3112.68,6.0,False
loan_700_5,cust_loan_700,customer,loan_cust_loan_700,LOAN_AUTO,bank_transfer,329.11,BND,329.11,BN,BN,,False,2025-03-02 04:00:00,0,4,6,987.33,3.0,1645.5500000000002,5.0,1645.5500000000002,5.0,False
loan_700_6,cust_loan_700,customer,loan_cust_loan_700,LOAN_AUTO,bank_transfer,329.11,BND,329.11,BN,BN,,False,2025-03-30 04:00:00,0,4,6,987.33,3.0,1974.66,6.0,1974.66,6.0,False
loan_701_5,cust_loan_701,customer,loan_cust_loan_701,LOAN_AUTO,bank_transfer,344.72,BND,344.72,BN,BN,,False,2025-03-02 05:00:00,0,5,6,1034.16,3.0,1723.6,5.0,1723.6,5.0,False
loan_701_6,cust_loan_701,third_party,loan_cust_loan_701,LOAN_AUTO,bank_transfer,344.72,BND,344.72,BN,BN,,False,2025-03-30 05:00:00,1,5,6,1034.16,3.0,2068.32,6.0,2068.32,6.0,True
loan_702_5,cust_loan_702,customer,loan_cust_loan_702,LOAN_AUTO,bank_transfer,304.06,BND,304.06,BN,BN,,False,2025-03-02 06:00:00,0,6,6,912.18,3.0,1520.3,5.0,1520.3,5.0,False
loan_702_6,cust_loan_702,customer,loan_cust_loan_702,LOAN_AUTO,bank_transfer,304.06,BND,304.06,BN,BN,,False,2025-03-30 06:00:00,0,6,6,912.18,3.0,1824.36,6.0,1824.36,6.0,False
loan_703_5,cust_loan_703,customer,loan_cust_loan_703,LOAN_AUTO,bank_transfer,393.19,BND,393.19,BN,BN,,False,2025-03-02 07:00:00,0,7,6,1179.57,3.0,1965.95,5.0,1965.95,5.0,False
loan_703_6,cust_loan_703,third_party,loan_cust_loan_703,LOAN_AUTO,bank_transfer,393.19,BND,393.19,BN,BN,,False,2025-03-30 07:00:00,0,7,6,1179.57,3.0,2359.14,6.0,2359.14,6.0,True
loan_704_5,cust_loan_704,customer,loan_cust_loan_704,LOAN_AUTO,bank_transfer,424.98,BND,424.98,BN,BN,,False,2025-03-02 08:00:00,0,8,6,1274.94,3.0,2124.9,5.0,2124.9,5.0,False
loan_704_6,cust_loan_704,customer,loan_cust_loan_704,LOAN_AUTO,bank_transfer,424.98,BND,424.98,BN,BN,,False,2025-03-30 08:00:00,0,8,6,1274.94,3.0,2549.88,6.0,2549.88,6.0,False
loan_705_5,cust_loan_705,customer,loan_cust_loan_705,LOAN_AUTO,bank_transfer,643.63,BND,643.63,BN,BN,,False,2025-03-02 09:00:00,0,9,6,1930.89,3.0,3218.15,5.0,3218.15,5.0,False
loan_705_6,cust_loan_705,customer,loan_cust_loan_705,LOAN_AUTO,bank_transfer,643.63,BND,643.63,BN,BN,,False,2025-03-30 09:00:00,0,9,6,1930.89,3.0,3861.78,6.0,3861.78,6.0,False
loan_706_5,cust_loan_706,customer,loan_cust_loan_706,LOAN_AUTO,bank_transfer,6391.29,BND,6391.29,BN,BN,,False,2025-03-02 10:00:00,1,10,6,10268.61,3.0,11664.69,5.0,11664.69,5.0,False
loan_706_6,cust_loan_706,customer,loan_cust_loan_706,LOAN_AUTO,bank_transfer,698.04,BND,698.04,BN,BN,,False,2025-03-30 10:00:00,0,10,6,15961.86,3.0,18055.98,6.0,18055.98,6.0,False
loan_707_5,cust_loan_707,customer,loan_cust_loan_707,LOAN_AUTO,bank_transfer,615.21,BND,615.21,BN,BN,,False,2025-03-02 11:00:00,0,11,6,1845.63,3.0,3076.05,5.0,3076.05,5.0,False
loan_707_6,cust_loan_707,customer,loan_cust_loan_707,LOAN_AUTO,bank_transfer,615.21,BND,615.21,BN,BN,,False,2025-03-30 11:00:00,0,11,6,1845.63,3.0,3691.26,6.0,3691.26,6.0,False
loan_708_5,cust_loan_708,customer,loan_cust_loan_708,LOAN_AUTO,bank_transfer,432.25,BND,432.25,BN,BN,,False,2025-03-02 12:00:00,0,12,6,1296.75,3.0,2161.25,5.0,2161.25,5.0,False
loan_708_6,cust_loan_708,customer,loan_cust_loan_708,LOAN_AUTO,bank_transfer,432.25,BND,432.25,BN,BN,,False,2025-03-30 12:00:00,0,12,6,1296.75,3.0,2593.5,6.0,2593.5,6.0,False
loan_709_5,cust_loan_709,customer,loan_cust_loan_709,LOAN_AUTO,bank_transfer,562.74,BND,562.74,BN,BN,,False,2025-03-02 13:00:00,0,13,6,1688.22,3.0,2813.7,5.0,2813.7,5.0,False
loan_709_6,cust_loan_709,customer,loan_cust_loan_709,LOAN_AUTO,bank_transfer,562.74,BND,562.74,BN,BN,,False,2025-03-30 13:00:00,0,13,6,1688.22,3.0,3376.44,6.0,3376.44,6.0,False
loan_71_6,cust_loan_71,customer,loan_cust_loan_71,LOAN_AUTO,bank_transfer,375.06,BND,375.06,BN,BN,,False,2025-03-03 23:00:00,0,23,0,1125.18,3.0,2250.36,6.0,2250.36,6.0,False
loan_710_5,cust_loan_710,customer,loan_cust_loan_710,LOAN_AUTO,bank_transfer,745.21,BND,745.21,BN,BN,,False,2025-03-02 14:00:00,0,14,6,2235.63,3.0,3726.05,5.0,3726.05,5.0,False
loan_710_6,cust_loan_710,customer,loan_cust_loan_710,LOAN_AUTO,bank_transfer,745.21,BND,745.21,BN,BN,,False,2025-03-30 14:00:00,0,14,6,2235.63,3.0,4471.26,6.0,4471.26,6.0,False
loan_711_5,cust_loan_711,customer,loan_cust_loan_711,LOAN_AUTO,bank_transfer,249.56,BND,249.56,BN,BN,,False,2025-03-02 15:00:00,0,15,6,748.6800000000001,3.0,3127.21,5.0,3127.21,5.0,False
loan_711_6,cust_loan_711,customer,loan_cust_loan_711,LOAN_AUTO,bank_transfer,3557.22,BND,3557.22,BN,BN,,False,2025-03-30 15:00:00,1,15,6,748.6800000000001,3.0,3376.77,6.0,3376.77,6.0,False
loan_712_5,cust_loan_712,customer,loan_cust_loan_712,LOAN_AUTO,bank_transfer,233.99,BND,233.99,BN,BN,,False,2025-03-02 16:00:00,0,16,6,701.97,3.0,1169.95,5.0,1169.95,5.0,False
loan_712_6,cust_loan_712,customer,loan_cust_loan_712,LOAN_AUTO,bank_transfer,233.99,BND,233.99,BN,BN,,False,2025-03-30 16:00:00,0,16,6,701.97,3.0,1403.94,6.0,1403.94,6.0,False
loan_713_5,cust_loan_713,customer,loan_cust_loan_713,LOAN_AUTO,bank_transfer,540.47,BND,540.47,BN,BN,,False,2025-03-02 17:00:00,0,17,6,1621.41,3.0,2702.3500000000004,5.0,2702.3500000000004,5.0,False
loan_713_6,cust_loan_713,customer,loan_cust_loan_713,LOAN_AUTO,bank_transfer,540.47,BND,540.47,BN,BN,,False,2025-03-30 17:00:00,0,17,6,1621.41,3.0,3242.82,6.0,3242.82,6.0,False
loan_714_5,cust_loan_714,customer,loan_cust_loan_714,LOAN_AUTO,bank_transfer,515.74,BND,515.74,BN,BN,,False,2025-03-02 18:00:00,0,18,6,1547.22,3.0,2578.7,5.0,2578.7,5.0,False
loan_714_6,cust_loan_714,customer,loan_cust_loan_714,LOAN_AUTO,bank_transfer,515.74,BND,515.74,BN,BN,,False,2025-03-30 18:00:00,0,18,6,1547.22,3.0,3094.44,6.0,3094.44,6.0,False
loan_715_5,cust_loan_715,customer,loan_cust_loan_715,LOAN_AUTO,bank_transfer,717.4,BND,717.4,BN,BN,,False,2025-03-02 19:00:00,0,19,6,2152.2,3.0,3587.0,5.0,3587.0,5.0,False
loan_715_6,cust_loan_715,customer,loan_cust_loan_715,LOAN_AUTO,bank_transfer,717.4,BND,717.4,BN,BN,,False,2025-03-30 19:00:00,0,19,6,2152.2,3.0,4304.4,6.0,4304.4,6.0,False
loan_716_5,cust_loan_716,customer,loan_cust_loan_716,LOAN_AUTO,bank_transfer,457.28,BND,457.28,BN,BN,,False,2025-03-02 20:00:00,0,20,6,6768.759999999999,3.0,7683.32,5.0,7683.32,5.0,False
loan_716_6,cust_loan_716,customer,loan_cust_loan_716,LOAN_AUTO,bank_transfer,457.28,BND,457.28,BN,BN,,False,2025-03-30 20:00:00,0,20,6,6768.76,3.0,8140.6,6.0,8140.6,6.0,False
loan_717_5,cust_loan_717,customer,loan_cust_loan_717,LOAN_AUTO,bank_transfer,204.19,BND,204.19,BN,BN,,False,2025-03-02 21:00:00,0,21,6,612.5699999999999,3.0,3354.38,5.0,3354.38,5.0,False
loan_717_6,cust_loan_717,customer,loan_cust_loan_717,LOAN_AUTO,bank_transfer,204.19,BND,204.19,BN,BN,,False,2025-03-30 21:00:00,0,21,6,612.5699999999999,3.0,3558.57,6.0,3558.57,6.0,False
loan_718_5,cust_loan_718,customer,loan_cust_loan_718,LOAN_AUTO,bank_transfer,780.13,BND,780.13,BN,BN,,False,2025-03-02 22:00:00,0,22,6,2340.39,3.0,3900.65,5.0,3900.65,5.0,False
loan_718_6,cust_loan_718,customer,loan_cust_loan_718,LOAN_AUTO,bank_transfer,780.13,BND,780.13,BN,BN,,False,2025-03-30 22:00:00,0,22,6,2340.39,3.0,4680.78,6.0,4680.78,6.0,False
loan_719_5,cust_loan_719,customer,loan_cust_loan_719,LOAN_AUTO,bank_transfer,718.39,BND,718.39,BN,BN,,False,2025-03-02 23:00:00,0,23,6,2155.17,3.0,3591.95,5.0,3591.95,5.0,False
loan_719_6,cust_loan_719,customer,loan_cust_loan_719,LOAN_AUTO,bank_transfer,718.39,BND,718.39,BN,BN,,False,2025-03-30 23:00:00,0,23,6,2155.17,3.0,4310.34,6.0,4310.34,6.0,False
loan_72_6,cust_loan_72,customer,loan_cust_loan_72,LOAN_AUTO,bank_transfer,696.71,BND,696.71,BN,BN,,False,2025-03-04 00:00:00,0,0,1,2090.13,3.0,4180.26,6.0,4180.26,6.0,False
loan_720_5,cust_loan_720,customer,loan_cust_loan_720,LOAN_AUTO,bank_transfer,561.41,BND,561.41,BN,BN,,False,2025-03-03 00:00:00,0,0,0,1684.23,3.0,2807.05,5.0,2807.05,5.0,False
loan_720_6,cust_loan_720,customer,loan_cust_loan_720,LOAN_AUTO,bank_transfer,561.41,BND,561.41,BN,BN,,False,2025-03-31 00:00:00,0,0,0,1684.23,3.0,3368.46,6.0,3368.46,6.0,False
loan_721_5,cust_loan_721,customer,loan_cust_loan_721,LOAN_AUTO,bank_transfer,258.07,BND,258.07,BN,BN,,False,2025-03-03 01:00:00,0,1,0,774.21,3.0,1290.35,5.0,1290.35,5.0,False
loan_722_5,cust_loan_722,customer,loan_cust_loan_722,LOAN_AUTO,bank_transfer,510.64,BND,510.64,BN,BN,,False,2025-03-03 02:00:00,0,2,0,1531.92,3.0,2553.2,5.0,2553.2,5.0,False
loan_723_5,cust_loan_723,customer,loan_cust_loan_723,LOAN_AUTO,bank_transfer,564.77,BND,564.77,BN,BN,,False,2025-03-03 03:00:00,0,3,0,1694.31,3.0,2823.85,5.0,2823.85,5.0,False
loan_724_5,cust_loan_724,customer,loan_cust_loan_724,LOAN_AUTO,bank_transfer,212.22,BND,212.22,BN,BN,,False,2025-03-03 04:00:00,0,4,0,636.66,3.0,1061.1,5.0,1061.1,5.0,False
loan_725_5,cust_loan_725,customer,loan_cust_loan_725,LOAN_AUTO,bank_transfer,170.39,BND,170.39,BN,BN,,False,2025-03-03 05:00:00,0,5,0,511.17,3.0,851.9499999999999,5.0,851.9499999999999,5.0,False
loan_726_5,cust_loan_726,customer,loan_cust_loan_726,LOAN_AUTO,bank_transfer,796.88,BND,796.88,BN,BN,,False,2025-03-03 06:00:00,0,6,0,2390.64,3.0,3984.4,5.0,3984.4,5.0,False
loan_727_5,cust_loan_727,customer,loan_cust_loan_727,LOAN_AUTO,bank_transfer,763.38,BND,763.38,BN,BN,,False,2025-03-03 07:00:00,0,7,0,2290.14,3.0,10122.66,5.0,10122.66,5.0,False
loan_728_5,cust_loan_728,customer,loan_cust_loan_728,LOAN_AUTO,bank_transfer,307.8,BND,307.8,BN,BN,,False,2025-03-03 08:00:00,0,8,0,923.4,3.0,1539.0,5.0,1539.0,5.0,False
loan_729_5,cust_loan_729,customer,loan_cust_loan_729,LOAN_AUTO,bank_transfer,269.17,BND,269.17,BN,BN,,False,2025-03-03 09:00:00,0,9,0,807.51,3.0,1345.85,5.0,1345.85,5.0,False
loan_73_6,cust_loan_73,customer,loan_cust_loan_73,LOAN_AUTO,bank_transfer,371.93,BND,371.93,BN,BN,,False,2025-03-04 01:00:00,0,1,1,1115.79,3.0,2231.58,6.0,2231.58,6.0,False
loan_730_5,cust_loan_730,customer,loan_cust_loan_730,LOAN_AUTO,bank_transfer,152.27,BND,152.27,BN,BN,,False,2025-03-03 10:00:00,0,10,0,456.81000000000006,3.0,761.35,5.0,761.35,5.0,False
loan_731_5,cust_loan_731,customer,loan_cust_loan_731,LOAN_AUTO,bank_transfer,325.82,BND,325.82,BN,BN,,False,2025-03-03 11:00:00,0,11,0,977.46,3.0,1629.1,5.0,1629.1,5.0,False
loan_732_5,cust_loan_732,customer,loan_cust_loan_732,LOAN_AUTO,bank_transfer,777.68,BND,777.68,BN,BN,,False,2025-03-03 12:00:00,0,12,0,2333.04,3.0,3888.4,5.0,3888.4,5.0,False
loan_733_5,cust_loan_733,customer,loan_cust_loan_733,LOAN_AUTO,bank_transfer,711.92,BND,711.92,BN,BN,,False,2025-03-03 13:00:00,0,13,0,2135.76,3.0,3559.6,5.0,3559.6,5.0,False
loan_734_5,cust_loan_734,customer,loan_cust_loan_734,LOAN_AUTO,bank_transfer,753.62,BND,753.62,BN,BN,,False,2025-03-03 14:00:00,0,14,0,2260.86,3.0,3768.1,5.0,3768.1,5.0,False
loan_735_5,cust_loan_735,third_party,loan_cust_loan_735,LOAN_AUTO,bank_transfer,724.14,BND,724.14,BN,BN,,False,2025-03-03 15:00:00,1,15,0,2172.42,3.0,3620.7,5.0,3620.7,5.0,True
loan_736_5,cust_loan_736,customer,loan_cust_loan_736,LOAN_AUTO,bank_transfer,334.97,BND,334.97,BN,BN,,False,2025-03-03 16:00:00,0,16,0,1004.91,3.0,1674.85,5.0,1674.85,5.0,False
loan_737_5,cust_loan_737,customer,loan_cust_loan_737,LOAN_AUTO,bank_transfer,242.9,BND,242.9,BN,BN,,False,2025-03-03 17:00:00,0,17,0,728.7,3.0,1214.5,5.0,1214.5,5.0,False
loan_738_5,cust_loan_738,customer,loan_cust_loan_738,LOAN_AUTO,bank_transfer,593.0,BND,593.0,BN,BN,,False,2025-03-03 18:00:00,0,18,0,1779.0,3.0,2965.0,5.0,2965.0,5.0,False
loan_739_5,cust_loan_739,customer,loan_cust_loan_739,LOAN_AUTO,bank_transfer,460.41,BND,460.41,BN,BN,,False,2025-03-03 19:00:00,0,19,0,1381.23,3.0,2302.05,5.0,2302.05,5.0,False
loan_74_6,cust_loan_74,customer,loan_cust_loan_74,LOAN_AUTO,bank_transfer,473.63,BND,473.63,BN,BN,,False,2025-03-04 02:00:00,0,2,1,1420.89,3.0,2841.78,6.0,2841.78,6.0,False
loan_740_5,cust_loan_740,customer,loan_cust_loan_740,LOAN_AUTO,bank_transfer,699.16,BND,699.16,BN,BN,,False,2025-03-03 20:00:00,0,20,0,2097.48,3.0,7218.66,5.0,7218.66,5.0,False
loan_741_5,cust_loan_741,customer,loan_cust_loan_741,LOAN_AUTO,bank_transfer,286.54,BND,286.54,BN,BN,,False,2025-03-03 21:00:00,0,21,0,859.6200000000001,3.0,1432.7,5.0,1432.7,5.0,False
loan_742_5,cust_loan_742,customer,loan_cust_loan_742,LOAN_AUTO,bank_transfer,489.65,BND,489.65,BN,BN,,False,2025-03-03 22:00:00,0,22,0,4425.36,3.0,5404.66,5.0,5404.66,5.0,False
loan_743_5,cust_loan_743,customer,loan_cust_loan_743,LOAN_AUTO,bank_transfer,595.94,BND,595.94,BN,BN,,False,2025-03-03 23:00:00,0,23,0,1787.8200000000002,3.0,2979.7000000000003,5.0,2979.7000000000003,5.0,False
loan_744_5,cust_loan_744,third_party,loan_cust_loan_744,LOAN_AUTO,bank_transfer,205.58,BND,205.58,BN,BN,,False,2025-03-04 00:00:00,0,0,1,616.74,3.0,1027.9,5.0,1027.9,5.0,True
loan_745_5,cust_loan_745,third_party,loan_cust_loan_745,LOAN_AUTO,bank_transfer,151.05,BND,151.05,BN,BN,,False,2025-03-04 01:00:00,1,1,1,1562.7400000000002,3.0,1864.84,5.0,1864.84,5.0,False
loan_746_5,cust_loan_746,customer,loan_cust_loan_746,LOAN_AUTO,bank_transfer,276.75,BND,276.75,BN,BN,,False,2025-03-04 02:00:00,0,2,1,830.25,3.0,1383.75,5.0,1383.75,5.0,False
loan_747_5,cust_loan_747,customer,loan_cust_loan_747,LOAN_AUTO,bank_transfer,201.74,BND,201.74,BN,BN,,False,2025-03-04 03:00:00,0,3,1,605.22,3.0,1008.7,5.0,1008.7,5.0,False
loan_748_5,cust_loan_748,customer,loan_cust_loan_748,LOAN_AUTO,bank_transfer,684.51,BND,684.51,BN,BN,,False,2025-03-04 04:00:00,0,4,1,2053.53,3.0,3422.55,5.0,3422.55,5.0,False
loan_749_5,cust_loan_749,customer,loan_cust_loan_749,LOAN_AUTO,bank_transfer,444.05,BND,444.05,BN,BN,,False,2025-03-04 05:00:00,0,5,1,1332.15,3.0,2220.25,5.0,2220.25,5.0,False
loan_75_6,cust_loan_75,customer,loan_cust_loan_75,LOAN_AUTO,bank_transfer,218.65,BND,218.65,BN,BN,,False,2025-03-04 03:00:00,0,3,1,655.95,3.0,1311.9,6.0,1311.9,6.0,False
loan_750_5,cust_loan_750,customer,loan_cust_loan_750,LOAN_AUTO,bank_transfer,512.69,BND,512.69,BN,BN,,False,2025-03-04 06:00:00,0,6,1,1538.0700000000002,3.0,2563.4500000000003,5.0,2563.4500000000003,5.0,False
loan_751_5,cust_loan_751,customer,loan_cust_loan_751,LOAN_AUTO,bank_transfer,644.69,BND,644.69,BN,BN,,False,2025-03-04 07:00:00,0,7,1,1934.07,3.0,3223.4500000000003,5.0,3223.4500000000003,5.0,False
loan_752_5,cust_loan_752,customer,loan_cust_loan_752,LOAN_AUTO,bank_transfer,732.17,BND,732.17,BN,BN,,False,2025-03-04 08:00:00,0,8,1,2196.51,3.0,3660.85,5.0,3660.85,5.0,False
loan_753_5,cust_loan_753,customer,loan_cust_loan_753,LOAN_AUTO,bank_transfer,208.26,BND,208.26,BN,BN,,False,2025-03-04 09:00:00,0,9,1,624.78,3.0,1041.3,5.0,1041.3,5.0,False
loan_754_5,cust_loan_754,customer,loan_cust_loan_754,LOAN_AUTO,bank_transfer,341.74,BND,341.74,BN,BN,,False,2025-03-04 10:00:00,0,10,1,1025.22,3.0,1708.7,5.0,1708.7,5.0,False
loan_755_5,cust_loan_755,customer,loan_cust_loan_755,LOAN_AUTO,bank_transfer,797.45,BND,797.45,BN,BN,,False,2025-03-04 11:00:00,0,11,1,2392.3500000000004,3.0,3987.25,5.0,3987.25,5.0,False
loan_756_5,cust_loan_756,customer,loan_cust_loan_756,LOAN_AUTO,bank_transfer,353.89,BND,353.89,BN,BN,,False,2025-03-04 12:00:00,0,12,1,1061.67,3.0,1769.4499999999998,5.0,1769.4499999999998,5.0,False
loan_757_5,cust_loan_757,third_party,loan_cust_loan_757,LOAN_AUTO,bank_transfer,451.43,BND,451.43,BN,BN,,False,2025-03-04 13:00:00,0,13,1,1354.29,3.0,2257.15,5.0,2257.15,5.0,False
loan_758_5,cust_loan_758,third_party,loan_cust_loan_758,LOAN_AUTO,bank_transfer,311.75,BND,311.75,BN,BN,,False,2025-03-04 14:00:00,1,14,1,935.25,3.0,1558.75,5.0,1558.75,5.0,True
loan_759_5,cust_loan_759,customer,loan_cust_loan_759,LOAN_AUTO,bank_transfer,644.71,BND,644.71,BN,BN,,False,2025-03-04 15:00:00,0,15,1,1934.13,3.0,3223.55,5.0,3223.55,5.0,False
loan_76_6,cust_loan_76,customer,loan_cust_loan_76,LOAN_AUTO,bank_transfer,266.35,BND,266.35,BN,BN,,False,2025-03-04 04:00:00,0,4,1,799.0500000000001,3.0,1598.1,6.0,1598.1,6.0,False
loan_760_5,cust_loan_760,customer,loan_cust_loan_760,LOAN_AUTO,bank_transfer,202.11,BND,202.11,BN,BN,,False,2025-03-04 16:00:00,0,16,1,606.33,3.0,1010.55,5.0,1010.55,5.0,False
loan_761_5,cust_loan_761,customer,loan_cust_loan_761,LOAN_AUTO,bank_transfer,729.4,BND,729.4,BN,BN,,False,2025-03-04 17:00:00,0,17,1,2188.2,3.0,3647.0,5.0,3647.0,5.0,False
loan_762_5,cust_loan_762,customer,loan_cust_loan_762,LOAN_AUTO,bank_transfer,474.21,BND,474.21,BN,BN,,False,2025-03-04 18:00:00,0,18,1,1422.63,3.0,2371.05,5.0,2371.05,5.0,False
loan_763_5,cust_loan_763,customer,loan_cust_loan_763,LOAN_AUTO,bank_transfer,415.15,BND,415.15,BN,BN,,False,2025-03-04 19:00:00,0,19,1,1245.4499999999998,3.0,2075.75,5.0,2075.75,5.0,False
loan_764_5,cust_loan_764,third_party,loan_cust_loan_764,LOAN_AUTO,bank_transfer,797.35,BND,797.35,BN,BN,,False,2025-03-04 20:00:00,1,20,1,2392.05,3.0,3986.75,5.0,3986.75,5.0,True
loan_765_5,cust_loan_765,customer,loan_cust_loan_765,LOAN_AUTO,bank_transfer,467.08,BND,467.08,BN,BN,,False,2025-03-04 21:00:00,0,21,1,1401.24,3.0,2335.4,5.0,2335.4,5.0,False
loan_766_5,cust_loan_766,customer,loan_cust_loan_766,LOAN_AUTO,bank_transfer,263.44,BND,263.44,BN,BN,,False,2025-03-04 22:00:00,0,22,1,790.3199999999999,3.0,1317.2,5.0,1317.2,5.0,False
loan_767_5,cust_loan_767,customer,loan_cust_loan_767,LOAN_AUTO,bank_transfer,468.97,BND,468.97,BN,BN,,False,2025-03-04 23:00:00,0,23,1,1406.91,3.0,2344.8500000000004,5.0,2344.8500000000004,5.0,False
loan_768_5,cust_loan_768,customer,loan_cust_loan_768,LOAN_AUTO,bank_transfer,1519.63,BND,1519.63,BN,BN,,False,2025-03-05 00:00:00,1,0,2,833.9100000000001,3.0,1389.85,5.0,1389.85,5.0,False
loan_769_5,cust_loan_769,customer,loan_cust_loan_769,LOAN_AUTO,bank_transfer,320.76,BND,320.76,BN,BN,,False,2025-03-05 01:00:00,0,1,2,962.28,3.0,1603.8,5.0,1603.8,5.0,False
loan_77_6,cust_loan_77,customer,loan_cust_loan_77,LOAN_AUTO,bank_transfer,792.71,BND,792.71,BN,BN,,False,2025-03-04 05:00:00,0,5,1,2378.13,3.0,14923.71,6.0,14923.71,6.0,False
loan_770_5,cust_loan_770,customer,loan_cust_loan_770,LOAN_AUTO,bank_transfer,746.41,BND,746.41,BN,BN,,False,2025-03-05 02:00:00,0,2,2,2239.23,3.0,3732.05,5.0,3732.05,5.0,False
loan_771_5,cust_loan_771,customer,loan_cust_loan_771,LOAN_AUTO,bank_transfer,615.05,BND,615.05,BN,BN,,False,2025-03-05 03:00:00,0,3,2,1845.15,3.0,3075.25,5.0,3075.25,5.0,False
loan_772_5,cust_loan_772,customer,loan_cust_loan_772,LOAN_AUTO,bank_transfer,630.65,BND,630.65,BN,BN,,False,2025-03-05 04:00:00,0,4,2,1891.95,3.0,3153.25,5.0,3153.25,5.0,False
loan_773_5,cust_loan_773,customer,loan_cust_loan_773,LOAN_AUTO,bank_transfer,318.37,BND,318.37,BN,BN,,False,2025-03-05 05:00:00,0,5,2,955.11,3.0,1591.85,5.0,1591.85,5.0,False
loan_774_5,cust_loan_774,customer,loan_cust_loan_774,LOAN_AUTO,bank_transfer,747.21,BND,747.21,BN,BN,,False,2025-03-05 06:00:00,0,6,2,2241.63,3.0,3736.05,5.0,3736.05,5.0,False
loan_775_5,cust_loan_775,customer,loan_cust_loan_775,LOAN_AUTO,bank_transfer,275.12,BND,275.12,BN,BN,,False,2025-03-05 07:00:00,0,7,2,825.36,3.0,1375.6,5.0,1375.6,5.0,False
loan_776_5,cust_loan_776,customer,loan_cust_loan_776,LOAN_AUTO,bank_transfer,511.77,BND,511.77,BN,BN,,False,2025-03-05 08:00:00,0,8,2,1535.31,3.0,2558.85,5.0,2558.85,5.0,False
loan_777_5,cust_loan_777,customer,loan_cust_loan_777,LOAN_AUTO,bank_transfer,523.16,BND,523.16,BN,BN,,False,2025-03-05 09:00:00,0,9,2,1569.48,3.0,2615.8,5.0,2615.8,5.0,False
loan_778_5,cust_loan_778,customer,loan_cust_loan_778,LOAN_AUTO,bank_transfer,258.95,BND,258.95,BN,BN,,False,2025-03-05 10:00:00,0,10,2,776.8499999999999,3.0,1294.75,5.0,1294.75,5.0,False
loan_779_5,cust_loan_779,customer,loan_cust_loan_779,LOAN_AUTO,bank_transfer,740.85,BND,740.85,BN,BN,,False,2025-03-05 11:00:00,0,11,2,2222.55,3.0,3704.25,5.0,3704.25,5.0,False
loan_78_6,cust_loan_78,customer,loan_cust_loan_78,LOAN_AUTO,bank_transfer,781.56,BND,781.56,BN,BN,,False,2025-03-04 06:00:00,0,6,1,2344.68,3.0,4689.36,6.0,4689.36,6.0,False
loan_780_5,cust_loan_780,customer,loan_cust_loan_780,LOAN_AUTO,bank_transfer,539.94,BND,539.94,BN,BN,,False,2025-03-05 12:00:00,0,12,2,1619.8200000000002,3.0,2699.7000000000003,5.0,2699.7000000000003,5.0,False
loan_781_5,cust_loan_781,customer,loan_cust_loan_781,LOAN_AUTO,bank_transfer,504.02,BND,504.02,BN,BN,,False,2025-03-05 13:00:00,0,13,2,1512.06,3.0,2520.1,5.0,2520.1,5.0,False
loan_782_5,cust_loan_782,customer,loan_cust_loan_782,LOAN_AUTO,bank_transfer,590.3,BND,590.3,BN,BN,,False,2025-03-05 14:00:00,0,14,2,1770.9,3.0,2951.5,5.0,2951.5,5.0,False
loan_783_5,cust_loan_783,customer,loan_cust_loan_783,LOAN_AUTO,bank_transfer,260.7,BND,260.7,BN,BN,,False,2025-03-05 15:00:00,0,15,2,782.0999999999999,3.0,1303.5,5.0,1303.5,5.0,False
loan_784_5,cust_loan_784,customer,loan_cust_loan_784,LOAN_AUTO,bank_transfer,654.99,BND,654.99,BN,BN,,False,2025-03-05 16:00:00,0,16,2,1964.97,3.0,3274.95,5.0,3274.95,5.0,False
loan_785_5,cust_loan_785,customer,loan_cust_loan_785,LOAN_AUTO,bank_transfer,725.38,BND,725.38,BN,BN,,False,2025-03-05 17:00:00,0,17,2,2176.14,3.0,3626.9,5.0,3626.9,5.0,False
loan_786_5,cust_loan_786,customer,loan_cust_loan_786,LOAN_AUTO,bank_transfer,463.73,BND,463.73,BN,BN,,False,2025-03-05 18:00:00,0,18,2,1391.19,3.0,2318.65,5.0,2318.65,5.0,False
loan_787_5,cust_loan_787,customer,loan_cust_loan_787,LOAN_AUTO,bank_transfer,375.1,BND,375.1,BN,BN,,False,2025-03-05 19:00:00,0,19,2,1125.3000000000002,3.0,1875.5,5.0,1875.5,5.0,False
loan_788_5,cust_loan_788,customer,loan_cust_loan_788,LOAN_AUTO,bank_transfer,395.14,BND,395.14,BN,BN,,False,2025-03-05 20:00:00,0,20,2,1185.42,3.0,1975.7,5.0,1975.7,5.0,False
loan_789_5,cust_loan_789,customer,loan_cust_loan_789,LOAN_AUTO,bank_transfer,216.9,BND,216.9,BN,BN,,False,2025-03-05 21:00:00,0,21,2,650.7,3.0,1084.5,5.0,1084.5,5.0,False
loan_79_6,cust_loan_79,customer,loan_cust_loan_79,LOAN_AUTO,bank_transfer,332.56,BND,332.56,BN,BN,,False,2025-03-04 07:00:00,0,7,1,997.68,3.0,1995.36,6.0,1995.36,6.0,False
loan_790_5,cust_loan_790,customer,loan_cust_loan_790,LOAN_AUTO,bank_transfer,161.8,BND,161.8,BN,BN,,False,2025-03-05 22:00:00,0,22,2,485.4,3.0,809.0,5.0,809.0,5.0,False
loan_791_5,cust_loan_791,customer,loan_cust_loan_791,LOAN_AUTO,bank_transfer,449.32,BND,449.32,BN,BN,,False,2025-03-05 23:00:00,0,23,2,1347.96,3.0,2246.6,5.0,2246.6,5.0,False
loan_792_5,cust_loan_792,customer,loan_cust_loan_792,LOAN_AUTO,bank_transfer,293.59,BND,293.59,BN,BN,,False,2025-03-06 00:00:00,0,0,3,880.77,3.0,1467.9499999999998,5.0,1467.9499999999998,5.0,False
loan_793_5,cust_loan_793,customer,loan_cust_loan_793,LOAN_AUTO,bank_transfer,474.12,BND,474.12,BN,BN,,False,2025-03-06 01:00:00,0,1,3,1422.36,3.0,2370.6,5.0,2370.6,5.0,False
loan_794_5,cust_loan_794,customer,loan_cust_loan_794,LOAN_AUTO,bank_transfer,785.24,BND,785.24,BN,BN,,False,2025-03-06 02:00:00,0,2,3,2355.7200000000003,3.0,3926.2,5.0,3926.2,5.0,False
loan_795_5,cust_loan_795,customer,loan_cust_loan_795,LOAN_AUTO,bank_transfer,190.71,BND,190.71,BN,BN,,False,2025-03-06 03:00:00,0,3,3,1393.37,3.0,1774.7900000000002,5.0,1774.7900000000002,5.0,False
loan_796_5,cust_loan_796,customer,loan_cust_loan_796,LOAN_AUTO,bank_transfer,259.46,BND,259.46,BN,BN,,False,2025-03-06 04:00:00,0,4,3,3451.49,3.0,3970.41,5.0,3970.41,5.0,False
loan_797_5,cust_loan_797,customer,loan_cust_loan_797,LOAN_AUTO,bank_transfer,281.72,BND,281.72,BN,BN,,False,2025-03-06 05:00:00,0,5,3,845.1600000000001,3.0,1408.6,5.0,1408.6,5.0,False
loan_798_5,cust_loan_798,customer,loan_cust_loan_798,LOAN_AUTO,bank_transfer,363.02,BND,363.02,BN,BN,,False,2025-03-06 06:00:00,0,6,3,5847.84,3.0,6573.879999999999,5.0,6573.879999999999,5.0,False
loan_799_5,cust_loan_799,customer,loan_cust_loan_799,LOAN_AUTO,bank_transfer,344.59,BND,344.59,BN,BN,,False,2025-03-06 07:00:00,0,7,3,1033.77,3.0,3627.14,5.0,3627.14,5.0,False
loan_8_6,cust_loan_8,third_party,loan_cust_loan_8,LOAN_AUTO,bank_transfer,397.36,BND,397.36,BN,BN,,False,2025-03-01 08:00:00,1,8,5,1192.08,3.0,2384.16,6.0,2384.16,6.0,False
loan_80_6,cust_loan_80,customer,loan_cust_loan_80,LOAN_AUTO,bank_transfer,284.07,BND,284.07,BN,BN,,False,2025-03-04 08:00:00,0,8,1,3478.5,3.0,4330.71,6.0,4330.71,6.0,False
loan_81_6,cust_loan_81,customer,loan_cust_loan_81,LOAN_AUTO,bank_transfer,309.46,BND,309.46,BN,BN,,False,2025-03-04 09:00:00,0,9,1,928.38,3.0,1856.76,6.0,1856.76,6.0,False
loan_82_6,cust_loan_82,customer,loan_cust_loan_82,LOAN_AUTO,bank_transfer,377.42,BND,377.42,BN,BN,,False,2025-03-04 10:00:00,0,10,1,1132.26,3.0,2264.52,6.0,2264.52,6.0,False
loan_83_6,cust_loan_83,customer,loan_cust_loan_83,LOAN_AUTO,bank_transfer,623.23,BND,623.23,BN,BN,,False,2025-03-04 11:00:00,0,11,1,1869.69,3.0,3739.38,6.0,3739.38,6.0,False
loan_84_6,cust_loan_84,customer,loan_cust_loan_84,LOAN_AUTO,bank_transfer,783.92,BND,783.92,BN,BN,,False,2025-03-04 12:00:00,0,12,1,2351.76,3.0,4703.52,6.0,4703.52,6.0,False
loan_85_6,cust_loan_85,customer,loan_cust_loan_85,LOAN_AUTO,bank_transfer,556.12,BND,556.12,BN,BN,,False,2025-03-04 13:00:00,0,13,1,1668.36,3.0,3336.7200000000003,6.0,3336.7200000000003,6.0,False
loan_86_6,cust_loan_86,customer,loan_cust_loan_86,LOAN_AUTO,bank_transfer,155.61,BND,155.61,BN,BN,,False,2025-03-04 14:00:00,0,14,1,466.83,3.0,933.66,6.0,933.66,6.0,False
loan_87_6,cust_loan_87,customer,loan_cust_loan_87,LOAN_AUTO,bank_transfer,173.37,BND,173.37,BN,BN,,False,2025-03-04 15:00:00,0,15,1,520.11,3.0,1040.22,6.0,1040.22,6.0,False
loan_88_6,cust_loan_88,customer,loan_cust_loan_88,LOAN_AUTO,bank_transfer,628.67,BND,628.67,BN,BN,,False,2025-03-04 16:00:00,0,16,1,1886.01,3.0,3772.02,6.0,3772.02,6.0,False
loan_89_6,cust_loan_89,customer,loan_cust_loan_89,LOAN_AUTO,bank_transfer,726.81,BND,726.81,BN,BN,,False,2025-03-04 17:00:00,0,17,1,12012.12,3.0,14192.55,6.0,14192.55,6.0,False
loan_9_6,cust_loan_9,third_party,loan_cust_loan_9,LOAN_AUTO,bank_transfer,354.55,BND,354.55,BN,BN,,False,2025-03-01 09:00:00,1,9,5,1063.65,3.0,2127.3,6.0,2127.3,6.0,False
loan_90_6,cust_loan_90,customer,loan_cust_loan_90,LOAN_AUTO,bank_transfer,409.02,BND,409.02,BN,BN,,False,2025-03-04 18:00:00,0,18,1,1227.06,3.0,2454.12,6.0,2454.12,6.0,False
loan_91_6,cust_loan_91,customer,loan_cust_loan_91,LOAN_AUTO,bank_transfer,609.24,BND,609.24,BN,BN,,False,2025-03-04 19:00:00,0,19,1,1827.72,3.0,3655.44,6.0,3655.44,6.0,False
loan_92_6,cust_loan_92,customer,loan_cust_loan_92,LOAN_AUTO,bank_transfer,730.86,BND,730.86,BN,BN,,False,2025-03-04 20:00:00,0,20,1,2192.58,3.0,4385.16,6.0,4385.16,6.0,False
loan_93_6,cust_loan_93,customer,loan_cust_loan_93,LOAN_AUTO,bank_transfer,658.19,BND,658.19,BN,BN,,False,2025-03-04 21:00:00,0,21,1,1974.57,3.0,3949.14,6.0,3949.14,6.0,False
loan_94_6,cust_loan_94,customer,loan_cust_loan_94,LOAN_AUTO,bank_transfer,274.56,BND,274.56,BN,BN,,False,2025-03-04 22:00:00,0,22,1,823.6800000000001,3.0,1647.36,6.0,1647.36,6.0,False
loan_95_6,cust_loan_95,customer,loan_cust_loan_95,LOAN_AUTO,bank_transfer,730.43,BND,730.43,BN,BN,,False,2025-03-04 23:00:00,0,23,1,2191.29,3.0,4382.58,6.0,4382.58,6.0,False
loan_96_6,cust_loan_96,customer,loan_cust_loan_96,LOAN_AUTO,bank_transfer,658.39,BND,658.39,BN,BN,,False,2025-03-05 00:00:00,0,0,2,1975.17,3.0,3950.34,6.0,3950.34,6.0,False
loan_97_6,cust_loan_97,customer,loan_cust_loan_97,LOAN_AUTO,bank_transfer,611.88,BND,611.88,BN,BN,,False,2025-03-05 01:00:00,0,1,2,1835.64,3.0,3671.28,6.0,3671.28,6.0,False
loan_98_6,cust_loan_98,customer,loan_cust_loan_98,LOAN_AUTO,bank_transfer,3529.11,BND,3529.11,BN,BN,,False,2025-03-05 02:00:00,1,2,2,1205.28,3.0,2410.56,6.0,2410.56,6.0,False
loan_99_6,cust_loan_99,customer,loan_cust_loan_99,LOAN_AUTO,bank_transfer,331.39,BND,331.39,BN,BN,,False,2025-03-05 03:00:00,0,3,2,994.17,3.0,1988.34,6.0,1988.34,6.0,False
